customer_id,acquisition_channel,total_orders,avg_order_value,total_spend,days_since_last_order,cart_abandonment_count,email_open_rate,first_purchase_date,churn_date,churned
4001,Organic,11,99.07,1089.77,97,2,14.6,2025-09-07,2025-12-28,1
4002,Organic,13,38.72,503.36,92,3,36.3,2026-07-17,2026-08-14,1
4003,Organic,11,10.0,110.0,98,1,48.4,2026-03-31,,0
4004,Paid Search,11,32.59,358.49,72,0,38.5,2026-01-11,2026-06-02,1
4005,Organic,15,12.33,184.95,41,3,55.4,2025-10-14,,0
4006,Paid Search,10,14.82,148.2,25,1,76.0,2026-04-03,,0
4007,Organic,7,36.76,257.32,113,3,55.8,2026-07-12,,0
4008,Social Media,6,83.36,500.16,130,3,33.1,2025-10-04,2025-10-12,1
4009,Email,15,69.26,1038.9,8,1,54.3,2026-08-01,,0
4010,Social Media,10,222.04,2220.4,0,2,98.2,2025-12-17,,0
4011,Organic,5,18.46,92.3,85,6,42.2,2026-04-20,,0
4012,Social Media,9,68.85,619.65,81,4,76.8,2026-08-31,,0
4013,Organic,17,70.25,1194.25,25,1,96.3,2026-02-21,2026-08-20,1
4014,Social Media,8,129.8,1038.4,100,1,40.6,2026-04-17,,0
4015,Social Media,11,96.13,1057.43,40,1,91.7,2026-03-25,,0
4016,Paid Search,12,48.57,582.84,130,1,44.7,2026-06-27,,0
4017,Organic,3,65.18,195.54,133,2,41.2,2025-12-29,,0
4018,Email,6,38.04,228.24,97,2,51.3,2026-05-20,,0
4019,Email,5,30.27,151.35,91,1,59.4,2026-07-07,,0
4020,Social Media,7,56.78,397.46,34,0,54.4,2026-04-08,,0
4021,Email,15,41.01,615.15,47,0,67.3,2026-06-24,,0
4022,Email,7,32.43,227.01,112,5,19.5,2026-02-15,,0
4023,Organic,15,127.43,1911.45,64,3,37.3,2026-02-18,2026-05-19,1
4024,Social Media,9,53.31,479.79,55,2,28.2,2025-11-13,,0
4025,Paid Search,20,44.87,897.4,50,3,67.6,2025-09-08,2026-07-25,1
4026,Paid Search,8,30.5,244.0,69,1,79.4,2026-07-31,2026-08-25,1
4027,Organic,1,34.27,34.27,141,5,31.2,2026-08-18,,0
4028,Email,8,18.62,148.96,79,1,65.2,2026-03-23,2026-07-31,1
4029,Social Media,6,37.77,226.62,104,5,36.8,2026-08-07,2026-08-21,1
4030,Organic,12,93.07,1116.84,18,1,84.9,2025-10-25,2026-05-13,1
4031,Paid Search,8,19.82,158.56,113,0,25.0,2025-11-10,,0
4032,Paid Search,20,10.0,200.0,24,0,50.1,2026-03-27,2026-07-05,1
4033,Social Media,12,67.31,807.72,113,7,8.4,2025-09-15,,0
4034,Email,5,57.89,289.45,154,2,36.5,2026-02-23,2026-06-04,1
4035,Paid Search,22,129.75,2854.5,44,0,99.8,2026-02-13,,0
4036,Paid Search,1,26.11,26.11,144,6,26.9,2025-11-20,2026-03-25,1
4037,Social Media,1,13.16,13.16,148,3,21.5,2026-02-11,,0
4038,Paid Search,19,31.0,589.0,45,0,61.9,2025-12-14,,0
4039,Paid Search,1,15.89,15.89,116,4,44.1,2026-06-05,,0
4040,Organic,8,10.0,80.0,121,2,70.1,2026-02-26,,0
4041,Organic,14,42.71,597.94,70,2,79.8,2025-11-09,,0
4042,Paid Search,12,27.46,329.52,39,1,78.7,2025-09-13,,0
4043,Email,7,115.89,811.23,100,6,63.6,2026-06-22,,0
4044,Paid Search,1,55.12,55.12,156,2,38.9,2026-08-18,2026-08-23,1
4045,Organic,5,15.81,79.05,131,6,21.5,2026-01-27,,0
4046,Social Media,10,47.0,470.0,143,3,76.3,2026-08-12,2026-08-15,1
4047,Email,15,43.53,652.95,0,0,50.6,2025-12-25,,0
4048,Paid Search,11,67.73,745.03,69,1,68.8,2026-03-29,,0
4049,Organic,1,48.44,48.44,176,4,21.7,2025-11-12,,0
4050,Social Media,5,161.05,805.25,104,4,51.9,2026-07-05,,0
4051,Paid Search,18,10.11,181.98,29,1,88.4,2026-08-15,,0
4052,Social Media,11,36.05,396.55,73,7,43.4,2026-06-13,,0
4053,Organic,8,10.0,80.0,56,4,97.9,2026-08-08,,0
4054,Organic,3,41.88,125.64,73,2,56.9,2026-07-08,,0
4055,Paid Search,13,51.47,669.11,76,3,47.2,2025-11-28,,0
4056,Social Media,4,49.02,196.08,110,2,67.6,2025-12-22,,0
4057,Paid Search,6,44.9,269.4,145,1,32.0,2026-01-16,,0
4058,Organic,9,41.29,371.61,76,2,82.7,2026-03-31,,0
4059,Paid Search,9,57.26,515.34,67,3,73.2,2026-06-11,,0
4060,Social Media,4,41.66,166.64,104,7,0.0,2025-10-31,2026-01-09,1
4061,Organic,26,34.84,905.84,38,0,90.6,2025-10-16,,0
4062,Social Media,4,27.66,110.64,200,3,0.0,2026-06-01,2026-06-22,1
4063,Social Media,2,29.51,59.02,149,5,10.1,2025-10-08,2026-01-11,1
4064,Paid Search,5,65.04,325.2,166,3,29.5,2026-01-16,,0
4065,Email,1,10.0,10.0,77,3,53.5,2026-04-27,,0
4066,Email,5,46.12,230.6,76,0,50.7,2026-06-15,,0
4067,Paid Search,1,84.75,84.75,71,2,57.0,2026-01-28,2026-07-03,1
4068,Organic,16,89.31,1428.96,111,3,38.4,2026-08-26,,0
4069,Paid Search,13,10.0,130.0,142,1,51.3,2026-05-08,2026-06-08,1
4070,Organic,17,47.93,814.81,23,1,94.4,2025-12-23,,0
4071,Paid Search,7,31.38,219.66,133,7,23.2,2026-03-03,,0
4072,Email,1,34.42,34.42,133,6,50.7,2026-07-09,,0
4073,Email,3,100.22,300.66,122,5,39.3,2026-07-04,2026-08-03,1
4074,Paid Search,16,28.07,449.12,85,2,50.3,2025-12-21,,0
4075,Paid Search,14,77.92,1090.88,57,1,63.7,2025-10-30,2026-04-26,1
4076,Organic,14,28.68,401.52,0,0,91.1,2025-12-22,,0
4077,Paid Search,4,30.06,120.24,63,2,70.6,2026-07-05,,0
4078,Organic,16,23.39,374.24,125,5,43.1,2025-12-31,2026-07-16,1
4079,Email,7,45.73,320.11,82,1,25.6,2026-05-22,,0
4080,Email,4,37.24,148.96,80,1,70.9,2026-01-27,,0
4081,Organic,3,10.0,30.0,118,3,47.1,2026-01-28,,0
4082,Social Media,6,10.0,60.0,56,6,94.4,2025-10-13,,0
4083,Social Media,9,60.64,545.76,85,3,60.3,2025-11-03,,0
4084,Email,12,17.14,205.68,109,4,41.2,2026-08-04,,0
4085,Paid Search,12,59.67,716.04,46,0,100.0,2026-08-31,2026-09-01,1
4086,Organic,7,10.0,70.0,145,2,36.2,2025-09-25,,0
4087,Social Media,10,40.18,401.8,112,6,25.2,2026-05-12,,0
4088,Organic,13,62.65,814.45,78,2,31.5,2026-08-07,,0
4089,Social Media,9,26.58,239.22,39,3,51.9,2026-06-23,,0
4090,Organic,23,20.96,482.08,109,1,72.4,2026-03-04,2026-06-27,1
4091,Social Media,8,45.98,367.84,71,5,22.2,2025-10-11,,0
4092,Email,10,72.26,722.6,58,0,75.8,2025-09-29,,0
4093,Organic,11,31.45,345.95,6,0,96.1,2026-01-04,,0
4094,Paid Search,7,18.11,126.77,101,1,0.2,2026-05-25,,0
4095,Social Media,1,10.0,10.0,84,2,41.7,2025-12-14,,0
4096,Organic,4,36.64,146.56,139,2,27.1,2025-10-30,2026-06-07,1
4097,Social Media,8,10.0,80.0,2,0,75.8,2026-04-04,,0
4098,Social Media,5,100.87,504.35,97,3,8.3,2026-01-27,2026-05-28,1
4099,Paid Search,2,44.73,89.46,84,3,29.8,2026-03-06,2026-04-07,1
4100,Email,7,22.34,156.38,25,4,8.2,2025-10-21,,0
4101,Paid Search,8,30.48,243.84,80,2,27.2,2026-01-20,,0
4102,Social Media,18,43.46,782.28,104,3,50.6,2026-08-14,2026-08-20,1
4103,Organic,11,32.85,361.35,31,0,67.6,2025-10-17,,0
4104,Organic,1,38.94,38.94,127,3,18.1,2026-02-10,2026-05-29,1
4105,Organic,3,12.4,37.2,122,6,34.0,2026-03-27,,0
4106,Email,3,101.66,304.98,81,2,39.6,2026-06-24,,0
4107,Email,9,10.0,90.0,76,2,57.9,2025-12-20,,0
4108,Email,7,10.0,70.0,124,4,31.8,2026-08-25,,0
4109,Organic,5,33.1,165.5,87,4,59.8,2026-06-29,,0
4110,Paid Search,15,19.68,295.2,106,1,26.0,2025-12-23,,0
4111,Social Media,11,71.11,782.21,140,1,64.2,2026-05-24,,0
4112,Social Media,3,10.0,30.0,78,1,51.3,2025-12-01,2026-03-13,1
4113,Organic,3,20.31,60.93,123,6,33.0,2026-05-28,,0
4114,Email,9,53.68,483.12,67,0,95.5,2025-12-06,,0
4115,Organic,17,71.18,1210.06,14,4,65.4,2025-12-27,,0
4116,Organic,5,116.12,580.6,21,1,55.6,2025-12-09,,0
4117,Email,10,10.0,100.0,7,2,74.4,2025-12-07,,0
4118,Paid Search,3,84.48,253.44,129,8,42.2,2025-11-13,2026-04-07,1
4119,Paid Search,14,68.96,965.44,52,0,58.1,2026-04-19,,0
4120,Social Media,11,31.83,350.13,100,4,23.3,2026-03-13,,0
4121,Email,18,22.68,408.24,75,1,92.3,2026-08-06,,0
4122,Organic,12,54.72,656.64,56,3,79.6,2026-04-27,2026-07-12,1
4123,Social Media,11,41.24,453.64,53,1,60.3,2026-03-17,,0
4124,Paid Search,7,53.52,374.64,85,4,2.9,2025-11-23,2026-04-10,1
4125,Organic,8,21.84,174.72,52,1,100.0,2025-10-06,,0
4126,Paid Search,8,46.57,372.56,31,1,91.2,2025-12-31,,0
4127,Paid Search,3,35.07,105.21,173,6,10.7,2026-07-16,2026-08-01,1
4128,Organic,1,43.84,43.84,113,8,12.8,2026-06-19,,0
4129,Paid Search,13,23.35,303.55,36,1,62.6,2026-02-18,,0
4130,Social Media,7,41.54,290.78,67,2,32.0,2026-03-26,,0
4131,Social Media,9,103.43,930.87,80,6,56.5,2025-09-26,2026-04-17,1
4132,Social Media,6,96.73,580.38,173,6,8.0,2026-06-26,2026-07-06,1
4133,Email,12,56.0,672.0,73,6,55.8,2026-02-04,,0
4134,Paid Search,12,20.17,242.04,27,2,62.2,2025-11-20,,0
4135,Paid Search,12,127.81,1533.72,20,1,60.7,2026-03-25,,0
4136,Paid Search,17,56.04,952.68,0,0,100.0,2026-06-02,,0
4137,Social Media,1,129.03,129.03,107,6,21.9,2026-07-15,2026-07-18,1
4138,Organic,7,59.15,414.05,111,5,46.1,2026-01-16,,0
4139,Paid Search,20,10.79,215.8,35,2,63.8,2026-01-13,,0
4140,Organic,11,129.37,1423.07,76,2,30.3,2025-12-06,2026-02-27,1
4141,Paid Search,13,78.1,1015.3,61,2,55.2,2025-10-30,2026-05-03,1
4142,Email,5,27.46,137.3,81,4,17.9,2025-09-04,,0
4143,Social Media,11,10.0,110.0,109,2,37.6,2026-06-24,,0
4144,Paid Search,10,76.13,761.3,77,4,42.1,2026-03-26,2026-07-02,1
4145,Social Media,6,66.27,397.62,154,4,18.9,2026-05-05,,0
4146,Social Media,7,158.76,1111.32,91,5,49.9,2025-10-17,2025-11-16,1
4147,Paid Search,13,122.79,1596.27,69,0,28.4,2026-07-19,,0
4148,Paid Search,20,109.66,2193.2,14,0,71.1,2026-01-01,,0
4149,Social Media,15,45.1,676.5,51,0,85.0,2026-05-09,,0
4150,Organic,14,39.56,553.84,43,2,85.8,2026-08-28,,0
4151,Paid Search,9,74.93,674.37,44,3,11.9,2026-01-25,,0
4152,Paid Search,5,18.23,91.15,94,1,63.1,2026-04-11,,0
4153,Social Media,12,42.77,513.24,0,2,100.0,2025-12-22,,0
4154,Email,16,36.96,591.36,7,1,96.9,2026-04-10,,0
4155,Social Media,4,80.85,323.4,60,3,38.3,2026-06-23,,0
4156,Paid Search,7,102.51,717.57,114,8,25.4,2026-07-19,,0
4157,Organic,4,69.53,278.12,99,4,51.2,2026-06-26,2026-08-09,1
4158,Social Media,6,21.01,126.06,104,2,42.4,2026-03-25,,0
4159,Email,11,121.63,1337.93,37,1,84.8,2026-05-25,2026-08-01,1
4160,Email,15,73.51,1102.65,12,2,78.1,2026-07-20,,0
4161,Email,7,60.55,423.85,83,1,79.1,2026-05-08,,0
4162,Organic,15,66.65,999.75,0,1,98.5,2025-10-31,,0
4163,Social Media,15,21.23,318.45,16,1,86.6,2025-10-29,,0
4164,Email,13,28.12,365.56,60,0,97.5,2026-04-21,,0
4165,Social Media,2,109.3,218.6,81,4,49.0,2026-02-22,,0
4166,Social Media,16,10.56,168.96,46,1,79.2,2026-06-26,2026-07-17,1
4167,Paid Search,1,23.32,23.32,118,6,16.0,2026-04-03,2026-04-12,1
4168,Social Media,4,78.42,313.68,165,5,18.5,2026-01-24,2026-04-13,1
4169,Organic,13,42.48,552.24,14,0,65.7,2026-08-25,,0
4170,Organic,7,17.85,124.95,105,6,0.0,2025-10-22,2026-01-03,1
4171,Email,1,29.94,29.94,97,2,25.8,2025-10-05,,0
4172,Email,12,49.37,592.44,39,1,70.2,2025-09-24,,0
4173,Email,7,36.3,254.1,97,0,38.4,2026-06-15,,0
4174,Paid Search,9,68.42,615.78,92,5,44.0,2025-10-09,,0
4175,Organic,8,27.35,218.8,128,4,33.5,2026-07-21,2026-08-04,1
4176,Organic,10,62.36,623.6,39,1,100.0,2025-10-14,,0
4177,Email,1,62.76,62.76,161,2,4.0,2026-07-13,,0
4178,Social Media,19,55.23,1049.37,17,0,69.8,2026-04-26,,0
4179,Email,10,42.84,428.4,35,2,63.2,2025-09-19,,0
4180,Paid Search,8,70.03,560.24,81,2,56.7,2026-02-28,2026-06-28,1
4181,Social Media,6,17.8,106.8,146,3,49.0,2026-06-13,,0
4182,Social Media,2,14.22,28.44,128,1,13.1,2026-04-18,,0
4183,Organic,28,74.66,2090.48,11,1,77.1,2026-05-03,,0
4184,Email,3,73.02,219.06,106,0,49.3,2025-09-29,,0
4185,Social Media,5,24.24,121.2,115,3,0.0,2026-04-03,2026-05-26,1
4186,Organic,7,19.74,138.18,78,6,69.9,2026-07-29,2026-08-27,1
4187,Organic,18,23.48,422.64,37,0,81.2,2026-07-02,,0
4188,Email,18,64.71,1164.78,10,0,89.3,2026-02-10,,0
4189,Social Media,2,67.72,135.44,122,5,41.7,2026-08-27,2026-08-28,1
4190,Social Media,7,20.39,142.73,97,0,49.4,2026-06-02,,0
4191,Social Media,1,63.72,63.72,151,7,7.0,2026-01-23,2026-03-06,1
4192,Paid Search,1,55.41,55.41,82,3,42.8,2025-10-25,,0
4193,Social Media,15,15.4,231.0,44,2,62.1,2026-07-27,,0
4194,Email,8,27.64,221.12,38,3,100.0,2026-04-30,,0
4195,Organic,1,41.78,41.78,146,4,0.0,2026-04-11,2026-05-06,1
4196,Social Media,17,65.34,1110.78,50,2,28.7,2025-10-20,2026-01-02,1
4197,Paid Search,1,65.15,65.15,106,2,41.0,2025-11-17,2026-01-30,1
4198,Paid Search,3,45.95,137.85,93,4,23.0,2025-09-27,,0
4199,Paid Search,15,51.86,777.9,71,3,61.3,2026-01-17,,0
4200,Email,7,44.67,312.69,65,2,25.1,2026-06-30,,0
4201,Organic,16,31.18,498.88,35,0,91.1,2025-09-23,,0
4202,Paid Search,4,41.38,165.52,93,4,56.4,2025-11-29,,0
4203,Social Media,1,10.14,10.14,121,4,18.9,2026-01-02,,0
4204,Organic,12,116.96,1403.52,37,0,75.9,2026-04-26,,0
4205,Social Media,10,38.81,388.1,33,0,27.1,2025-11-14,,0
4206,Email,13,77.45,1006.85,41,1,73.2,2026-04-06,,0
4207,Organic,5,19.58,97.9,82,3,58.7,2026-05-05,,0
4208,Organic,12,44.59,535.08,60,1,47.6,2026-05-23,,0
4209,Email,1,43.63,43.63,156,5,0.0,2026-01-03,2026-01-12,1
4210,Organic,13,25.28,328.64,68,3,80.7,2026-01-18,,0
4211,Organic,8,43.99,351.92,127,2,20.8,2026-06-10,2026-06-29,1
4212,Email,11,31.46,346.06,115,5,31.9,2026-04-28,,0
4213,Email,9,127.08,1143.72,62,2,52.8,2026-06-10,,0
4214,Social Media,1,26.17,26.17,161,5,9.2,2025-12-04,2025-12-28,1
4215,Social Media,7,27.74,194.18,96,1,64.3,2026-04-28,2026-06-04,1
4216,Email,10,120.69,1206.9,57,2,74.4,2025-11-20,,0
4217,Social Media,15,77.13,1156.95,85,1,79.7,2026-06-08,,0
4218,Social Media,12,80.11,961.32,73,0,31.0,2026-04-09,,0
4219,Email,1,10.57,10.57,105,4,42.0,2026-08-22,,0
4220,Social Media,1,51.2,51.2,75,6,26.4,2026-08-30,2026-08-31,1
4221,Paid Search,3,17.65,52.95,174,3,8.6,2026-08-21,2026-08-23,1
4222,Paid Search,13,20.42,265.46,95,6,43.9,2026-08-07,,0
4223,Paid Search,9,135.39,1218.51,81,5,78.0,2025-09-27,,0
4224,Paid Search,18,11.03,198.54,45,1,78.9,2026-05-24,2026-07-22,1
4225,Paid Search,13,74.91,973.83,105,7,26.6,2026-02-18,2026-07-07,1
4226,Paid Search,6,28.93,173.58,128,6,50.4,2025-09-17,2026-03-05,1
4227,Email,8,19.33,154.64,86,2,70.9,2026-03-07,,0
4228,Paid Search,8,204.32,1634.56,105,2,52.9,2026-04-10,,0
4229,Organic,17,48.32,821.44,67,1,89.2,2025-12-08,,0
4230,Organic,10,10.0,100.0,73,0,68.9,2025-12-03,2026-03-24,1
4231,Organic,12,64.09,769.08,124,2,37.7,2026-07-26,,0
4232,Social Media,6,110.52,663.12,63,1,20.5,2025-09-24,2025-12-11,1
4233,Paid Search,8,74.4,595.2,88,5,62.7,2026-07-18,,0
4234,Organic,8,27.17,217.36,54,4,41.3,2026-04-29,2026-07-18,1
4235,Email,11,38.08,418.88,56,1,61.0,2025-09-18,,0
4236,Organic,7,35.5,248.5,121,6,0.0,2026-02-08,2026-02-27,1
4237,Organic,1,10.0,10.0,91,2,53.8,2026-02-05,,0
4238,Email,9,54.02,486.18,90,2,55.2,2025-10-24,,0
4239,Social Media,16,31.87,509.92,0,2,86.3,2026-03-21,,0
4240,Social Media,8,10.0,80.0,44,1,51.5,2026-01-19,,0
4241,Email,10,40.12,401.2,131,1,58.3,2026-02-13,,0
4242,Email,13,22.42,291.46,0,0,91.3,2026-07-22,,0
4243,Organic,8,50.45,403.6,52,1,71.2,2026-05-12,2026-07-26,1
4244,Social Media,20,44.3,886.0,69,2,38.9,2025-11-24,,0
4245,Social Media,17,22.98,390.66,43,2,75.2,2026-05-04,,0
4246,Organic,18,29.24,526.32,21,0,78.5,2025-10-06,,0
4247,Email,11,38.02,418.22,99,0,54.7,2025-09-15,,0
4248,Paid Search,14,85.17,1192.38,6,0,97.7,2025-11-24,,0
4249,Email,13,41.64,541.32,99,7,35.4,2026-08-31,,0
4250,Social Media,17,27.31,464.27,20,3,77.6,2025-11-30,,0
4251,Paid Search,8,25.31,202.48,54,4,61.1,2025-09-07,,0
4252,Organic,5,122.18,610.9,102,3,33.9,2025-11-29,,0
4253,Email,9,25.42,228.78,56,5,24.7,2026-01-11,,0
4254,Social Media,15,39.39,590.85,0,0,100.0,2026-01-20,,0
4255,Organic,6,31.13,186.78,25,3,55.3,2026-03-04,,0
4256,Organic,12,15.2,182.4,103,1,74.9,2026-06-02,2026-07-22,1
4257,Social Media,8,10.0,80.0,67,0,61.2,2026-03-10,,0
4258,Organic,4,29.62,118.48,139,3,20.9,2025-10-03,,0
4259,Social Media,16,19.48,311.68,0,1,82.2,2026-07-31,,0
4260,Social Media,2,47.17,94.34,114,4,18.1,2026-07-15,2026-07-26,1
4261,Organic,17,92.54,1573.18,53,1,78.2,2025-10-16,,0
4262,Social Media,12,53.02,636.24,45,5,85.6,2025-11-03,,0
4263,Organic,9,52.66,473.94,61,0,28.0,2026-02-26,,0
4264,Email,2,45.02,90.04,85,4,41.0,2026-04-22,2026-05-08,1
4265,Email,8,45.35,362.8,121,5,11.8,2026-07-22,2026-07-27,1
4266,Organic,9,25.12,226.08,75,3,54.0,2025-12-29,,0
4267,Paid Search,15,72.89,1093.35,48,1,53.1,2026-02-16,,0
4268,Paid Search,9,24.42,219.78,156,4,12.2,2025-11-11,,0
4269,Email,6,25.15,150.9,101,3,31.0,2026-04-21,,0
4270,Paid Search,1,29.29,29.29,122,4,17.9,2025-11-13,2025-11-19,1
4271,Social Media,10,31.42,314.2,124,3,42.6,2025-09-17,,0
4272,Email,9,144.12,1297.08,68,3,25.1,2026-07-04,,0
4273,Organic,1,81.26,81.26,166,5,0.0,2025-11-25,,0
4274,Social Media,2,36.72,73.44,170,7,39.1,2026-01-21,,0
4275,Organic,6,25.92,155.52,69,5,50.5,2026-04-05,2026-05-28,1
4276,Social Media,16,90.26,1444.16,84,6,64.2,2026-06-14,2026-08-04,1
4277,Paid Search,9,47.18,424.62,117,5,36.7,2026-07-06,,0
4278,Email,9,29.84,268.56,101,3,32.5,2026-07-22,2026-08-20,1
4279,Paid Search,11,42.63,468.93,67,1,31.3,2026-05-26,,0
4280,Organic,9,33.28,299.52,51,0,56.7,2026-02-25,2026-04-22,1
4281,Email,4,72.84,291.36,110,2,9.6,2026-02-16,,0
4282,Email,11,23.54,258.94,70,0,48.3,2025-09-05,,0
4283,Social Media,20,58.42,1168.4,10,0,75.1,2025-12-04,,0
4284,Social Media,8,34.37,274.96,142,3,35.8,2025-09-07,,0
4285,Organic,11,79.32,872.52,1,1,76.2,2025-11-29,,0
4286,Social Media,18,94.76,1705.68,0,0,85.4,2026-02-03,,0
4287,Organic,7,100.68,704.76,132,2,44.3,2025-11-06,,0
4288,Organic,3,147.94,443.82,131,2,12.1,2025-11-23,2026-03-01,1
4289,Email,9,109.88,988.92,12,2,75.2,2025-11-10,,0
4290,Social Media,2,75.47,150.94,127,2,20.0,2026-06-01,,0
4291,Organic,4,23.09,92.36,152,7,36.6,2025-12-10,2026-01-02,1
4292,Organic,9,16.89,152.01,107,4,42.3,2026-06-11,,0
4293,Email,20,86.48,1729.6,5,2,100.0,2026-05-08,,0
4294,Organic,1,23.36,23.36,143,4,25.4,2025-12-17,2026-03-17,1
4295,Organic,1,250.78,250.78,179,2,0.0,2026-02-28,2026-06-12,1
4296,Organic,6,11.99,71.94,69,4,36.3,2025-11-18,,0
4297,Organic,19,64.41,1223.79,24,1,100.0,2025-12-11,,0
4298,Paid Search,9,45.44,408.96,92,2,54.6,2025-12-04,2026-06-03,1
4299,Email,8,23.98,191.84,76,3,25.3,2026-07-09,,0
4300,Paid Search,10,37.13,371.3,0,1,95.3,2026-07-24,2026-08-31,1
4301,Paid Search,8,16.71,133.68,113,6,44.3,2026-06-02,,0
4302,Social Media,11,47.69,524.59,36,1,51.2,2026-04-23,2026-06-19,1
4303,Social Media,2,37.07,74.14,85,2,23.3,2025-11-05,,0
4304,Social Media,9,22.12,199.08,29,0,42.4,2026-08-15,,0
4305,Social Media,19,39.83,756.77,64,1,86.2,2026-02-15,,0
4306,Social Media,5,15.45,77.25,58,2,51.3,2025-11-18,,0
4307,Social Media,6,10.0,60.0,81,0,36.8,2026-04-21,,0
4308,Social Media,10,33.53,335.3,128,6,28.9,2026-05-10,,0
4309,Social Media,5,105.94,529.7,124,1,14.1,2026-06-18,,0
4310,Social Media,7,24.34,170.38,127,3,46.9,2026-03-28,2026-05-10,1
4311,Organic,17,130.13,2212.21,30,0,100.0,2026-01-19,,0
4312,Social Media,7,144.98,1014.86,103,5,36.0,2026-02-01,2026-05-11,1
4313,Social Media,6,27.03,162.18,74,1,42.8,2025-10-25,,0
4314,Organic,16,43.8,700.8,30,2,83.5,2026-08-31,,0
4315,Email,11,22.96,252.56,97,4,35.1,2026-05-17,,0
4316,Paid Search,11,10.42,114.62,95,2,49.8,2026-04-24,,0
4317,Organic,3,25.47,76.41,102,1,65.3,2026-04-11,,0
4318,Email,14,29.08,407.12,106,5,43.8,2025-12-09,,0
4319,Organic,11,46.78,514.58,62,0,91.0,2026-07-26,,0
4320,Paid Search,2,62.78,125.56,98,3,46.6,2026-05-19,2026-07-27,1
4321,Paid Search,16,16.39,262.24,0,0,94.6,2026-08-12,,0
4322,Email,14,62.87,880.18,46,2,52.6,2026-02-04,,0
4323,Paid Search,9,41.58,374.22,70,2,39.0,2025-09-14,2025-12-30,1
4324,Social Media,15,22.94,344.1,0,1,84.8,2025-09-09,,0
4325,Social Media,17,29.45,500.65,44,0,64.1,2026-08-14,2026-08-29,1
4326,Social Media,15,65.58,983.7,32,1,89.1,2026-07-19,,0
4327,Email,15,113.82,1707.3,51,0,82.0,2026-02-04,,0
4328,Email,11,103.99,1143.89,52,2,70.2,2026-05-26,,0
4329,Paid Search,12,31.66,379.92,117,5,51.8,2026-06-08,,0
4330,Email,12,39.29,471.48,65,3,50.3,2025-12-25,,0
4331,Paid Search,9,32.86,295.74,62,1,88.0,2026-05-11,,0
4332,Organic,5,48.1,240.5,135,3,6.4,2026-01-25,2026-05-15,1
4333,Organic,1,34.73,34.73,116,4,30.3,2026-08-17,,0
4334,Social Media,11,36.9,405.9,111,7,19.9,2025-09-09,,0
4335,Organic,6,92.17,553.02,53,2,60.8,2026-08-01,,0
4336,Social Media,6,12.87,77.22,83,4,24.5,2026-08-19,,0
4337,Paid Search,1,99.45,99.45,113,3,14.3,2026-04-01,2026-07-16,1
4338,Paid Search,3,62.45,187.35,112,7,37.4,2025-10-15,,0
4339,Organic,8,101.93,815.44,49,2,64.8,2026-01-11,2026-05-04,1
4340,Email,19,63.66,1209.54,13,0,69.2,2026-03-06,,0
4341,Paid Search,6,89.98,539.88,84,2,61.6,2026-05-22,,0
4342,Organic,7,48.32,338.24,61,1,64.9,2026-06-10,,0
4343,Paid Search,3,16.37,49.11,46,5,40.7,2026-01-05,2026-08-21,1
4344,Paid Search,9,21.86,196.74,10,0,73.8,2026-03-01,,0
4345,Social Media,7,24.61,172.27,90,3,61.4,2026-01-20,,0
4346,Paid Search,11,10.91,120.01,54,3,59.7,2026-04-03,,0
4347,Organic,12,71.45,857.4,25,2,83.2,2026-05-14,,0
4348,Email,1,41.93,41.93,104,3,27.9,2026-06-27,2026-07-20,1
4349,Paid Search,5,25.46,127.3,97,4,44.0,2026-05-17,2026-06-02,1
4350,Organic,18,131.56,2368.08,53,2,64.0,2026-06-12,,0
4351,Social Media,16,195.25,3124.0,96,1,67.4,2026-03-06,,0
4352,Social Media,2,18.48,36.96,88,0,55.5,2026-05-18,,0
4353,Social Media,2,39.62,79.24,147,0,18.0,2025-11-14,,0
4354,Paid Search,12,39.65,475.8,70,1,80.7,2026-02-11,,0
4355,Paid Search,12,16.26,195.12,42,2,73.1,2026-05-12,,0
4356,Paid Search,1,74.54,74.54,157,6,15.0,2026-08-01,2026-08-06,1
4357,Organic,10,10.0,100.0,123,6,23.6,2026-07-18,2026-08-02,1
4358,Organic,14,134.3,1880.2,58,2,100.0,2026-07-30,,0
4359,Email,3,49.44,148.32,150,5,31.5,2026-05-06,2026-06-30,1
4360,Social Media,18,151.56,2728.08,11,1,63.4,2026-05-02,,0
4361,Paid Search,12,35.3,423.6,28,2,71.0,2026-08-14,2026-08-30,1
4362,Organic,16,39.57,633.12,0,1,73.5,2025-12-16,,0
4363,Social Media,9,75.35,678.15,9,4,59.0,2026-02-19,,0
4364,Organic,3,134.65,403.95,108,3,23.0,2025-09-08,,0
4365,Organic,10,127.66,1276.6,98,1,74.6,2025-10-12,,0
4366,Organic,19,14.11,268.09,61,1,67.8,2026-08-27,,0
4367,Social Media,14,118.7,1661.8,81,1,61.9,2025-12-19,,0
4368,Social Media,14,29.93,419.02,84,0,57.8,2025-09-11,,0
4369,Organic,1,30.97,30.97,153,4,8.5,2025-11-12,2025-12-10,1
4370,Organic,13,23.99,311.87,73,2,74.2,2025-12-24,2026-02-24,1
4371,Social Media,6,20.09,120.54,50,6,78.3,2026-07-12,,0
4372,Social Media,3,53.05,159.15,87,3,53.4,2025-10-07,,0
4373,Social Media,7,24.32,170.24,100,1,81.6,2025-11-05,,0
4374,Organic,17,114.59,1948.03,90,3,91.4,2026-02-17,,0
4375,Social Media,13,67.62,879.06,120,4,24.4,2025-09-29,2025-11-30,1
4376,Email,9,50.06,450.54,63,4,56.1,2026-03-16,,0
4377,Social Media,5,36.91,184.55,52,2,53.0,2026-02-18,,0
4378,Organic,1,22.97,22.97,168,8,0.0,2025-11-18,2025-12-03,1
4379,Social Media,14,55.91,782.74,10,2,86.3,2025-12-12,,0
4380,Paid Search,13,45.91,596.83,63,3,72.0,2026-02-11,,0
4381,Organic,13,88.02,1144.26,90,3,60.9,2025-11-19,,0
4382,Paid Search,12,27.79,333.48,60,4,35.9,2025-10-08,2026-05-03,1
4383,Email,10,18.71,187.1,49,2,48.1,2026-01-07,2026-05-09,1
4384,Paid Search,12,69.8,837.6,129,6,22.9,2025-10-10,,0
4385,Email,2,80.03,160.06,115,4,49.4,2026-04-03,,0
4386,Paid Search,10,182.76,1827.6,62,2,56.1,2026-02-19,,0
4387,Paid Search,3,10.0,30.0,139,0,35.5,2026-01-07,2026-07-17,1
4388,Organic,10,110.48,1104.8,70,4,49.7,2026-02-03,,0
4389,Social Media,8,42.97,343.76,52,1,2.8,2026-06-27,,0
4390,Organic,16,29.07,465.12,38,1,73.3,2026-03-18,,0
4391,Paid Search,11,67.58,743.38,64,2,42.0,2026-07-13,,0
4392,Organic,1,47.32,47.32,147,3,0.0,2025-12-23,,0
4393,Paid Search,6,46.77,280.62,45,1,33.9,2025-11-13,,0
4394,Paid Search,12,10.0,120.0,60,2,58.9,2025-12-25,,0
4395,Organic,7,113.19,792.33,47,2,74.4,2025-10-20,2026-08-08,1
4396,Organic,4,17.44,69.76,43,2,33.2,2026-01-06,2026-06-07,1
4397,Email,8,29.64,237.12,83,1,67.4,2026-04-15,,0
4398,Organic,8,24.4,195.2,129,5,45.9,2026-08-09,2026-08-16,1
4399,Paid Search,2,71.97,143.94,180,6,19.6,2026-08-19,2026-08-20,1
4400,Paid Search,15,27.71,415.65,72,2,58.7,2025-09-14,2026-04-16,1
4401,Paid Search,9,23.67,213.03,109,3,70.5,2025-11-20,,0
4402,Social Media,14,59.38,831.32,0,1,66.5,2026-05-01,,0
4403,Organic,7,51.8,362.6,87,2,2.2,2025-09-17,,0
4404,Paid Search,12,25.97,311.64,78,2,37.3,2026-06-03,,0
4405,Social Media,15,10.0,150.0,59,1,69.5,2025-11-23,,0
4406,Paid Search,5,67.8,339.0,141,2,35.5,2026-06-15,2026-07-19,1
4407,Email,3,47.43,142.29,73,1,34.8,2025-12-15,,0
4408,Email,1,10.0,10.0,70,3,26.2,2026-08-06,,0
4409,Organic,12,125.88,1510.56,20,0,56.0,2025-12-25,,0
4410,Paid Search,1,12.14,12.14,102,2,32.6,2026-03-18,2026-05-26,1
4411,Organic,13,21.88,284.44,107,3,54.1,2026-01-31,,0
4412,Organic,9,26.2,235.8,93,0,36.2,2026-08-16,,0
4413,Paid Search,3,25.27,75.81,141,2,55.3,2026-04-19,,0
4414,Social Media,1,11.97,11.97,90,1,15.9,2026-07-04,,0
4415,Paid Search,13,12.35,160.55,26,1,56.3,2026-01-18,2026-04-21,1
4416,Organic,4,44.58,178.32,66,3,49.1,2026-08-30,2026-08-30,1
4417,Organic,1,74.32,74.32,119,4,42.9,2025-10-05,2026-01-12,1
4418,Email,10,42.57,425.7,42,0,73.8,2026-06-29,,0
4419,Email,10,54.26,542.6,37,6,67.1,2026-02-22,,0
4420,Organic,10,23.83,238.3,119,3,50.0,2025-09-02,,0
4421,Social Media,12,40.08,480.96,97,1,25.6,2026-04-04,2026-06-23,1
4422,Paid Search,10,68.48,684.8,118,3,43.2,2026-02-15,2026-06-08,1
4423,Social Media,14,56.73,794.22,45,0,76.7,2025-09-15,,0
4424,Social Media,21,22.74,477.54,0,2,79.6,2026-08-07,2026-08-31,1
4425,Email,10,12.3,123.0,50,0,83.6,2026-02-07,,0
4426,Organic,9,10.0,90.0,35,0,100.0,2026-02-07,,0
4427,Paid Search,5,142.63,713.15,116,4,38.1,2025-12-10,2026-05-26,1
4428,Email,9,130.34,1173.06,67,2,64.4,2026-01-24,,0
4429,Organic,1,44.67,44.67,161,7,0.0,2026-03-09,2026-04-12,1
4430,Organic,7,52.63,368.41,16,0,35.5,2026-02-13,,0
4431,Social Media,7,121.6,851.2,78,1,47.7,2026-05-20,,0
4432,Social Media,5,22.7,113.5,118,6,23.5,2026-05-01,2026-06-09,1
4433,Social Media,15,10.0,150.0,121,2,35.5,2025-09-19,,0
4434,Social Media,9,117.69,1059.21,44,2,100.0,2026-01-04,,0
4435,Social Media,1,36.37,36.37,90,4,25.8,2025-12-25,2026-05-01,1
4436,Organic,10,24.36,243.6,37,3,72.8,2026-07-10,,0
4437,Social Media,8,72.49,579.92,121,2,24.1,2026-04-12,,0
4438,Social Media,13,32.88,427.44,56,0,93.8,2026-06-12,,0
4439,Email,7,113.33,793.31,27,5,42.7,2025-09-19,,0
4440,Organic,9,66.55,598.95,52,5,31.2,2025-09-02,,0
4441,Organic,19,25.92,492.48,22,0,78.6,2026-05-01,,0
4442,Social Media,5,24.0,120.0,55,2,17.7,2026-04-02,,0
4443,Organic,6,57.9,347.4,81,4,52.1,2025-12-24,2026-05-10,1
4444,Organic,14,28.52,399.28,61,2,69.1,2026-07-09,,0
4445,Email,2,32.78,65.56,166,5,31.3,2026-02-08,2026-02-10,1
4446,Paid Search,1,57.61,57.61,130,5,9.1,2026-06-13,,0
4447,Paid Search,8,111.69,893.52,75,4,64.2,2026-02-20,2026-06-05,1
4448,Organic,12,63.7,764.4,102,2,48.9,2025-12-10,,0
4449,Organic,7,30.33,212.31,77,7,54.5,2025-12-05,,0
4450,Social Media,12,25.33,303.96,116,2,37.2,2026-07-20,,0
4451,Paid Search,7,60.84,425.88,150,6,6.1,2026-05-18,,0
4452,Organic,7,81.14,567.98,103,1,37.5,2026-04-24,2026-05-26,1
4453,Paid Search,4,31.61,126.44,112,3,27.3,2025-12-10,,0
4454,Organic,13,38.31,498.03,77,5,57.0,2026-05-04,,0
4455,Organic,10,10.92,109.2,108,1,79.5,2026-03-15,,0
4456,Organic,20,11.84,236.8,62,4,41.2,2026-06-09,2026-08-07,1
4457,Paid Search,13,33.95,441.35,63,2,87.2,2026-04-28,,0
4458,Organic,17,10.0,170.0,14,0,74.0,2026-03-10,,0
4459,Paid Search,5,93.95,469.75,100,2,42.9,2026-06-16,2026-07-18,1
4460,Paid Search,10,14.07,140.7,72,1,67.7,2026-07-22,,0
4461,Paid Search,12,29.19,350.28,18,0,83.5,2026-07-11,,0
4462,Organic,17,10.0,170.0,38,1,86.4,2026-03-18,,0
4463,Organic,5,74.28,371.4,150,8,11.8,2026-07-03,2026-07-09,1
4464,Organic,12,85.47,1025.64,75,0,30.1,2026-08-20,,0
4465,Paid Search,13,42.56,553.28,60,0,65.7,2025-10-31,2026-02-28,1
4466,Social Media,11,51.42,565.62,30,1,66.5,2025-09-11,,0
4467,Organic,16,13.71,219.36,0,0,97.0,2026-02-26,,0
4468,Social Media,7,83.76,586.32,33,4,49.1,2026-01-23,2026-06-23,1
4469,Social Media,16,24.68,394.88,77,1,51.6,2026-07-02,,0
4470,Organic,11,33.46,368.06,54,1,93.4,2026-08-04,,0
4471,Organic,6,19.15,114.9,144,4,26.6,2026-08-02,2026-08-06,1
4472,Organic,15,20.37,305.55,57,0,79.1,2026-06-23,,0
4473,Organic,14,83.45,1168.3,24,0,100.0,2026-07-22,,0
4474,Paid Search,4,39.3,157.2,113,3,14.8,2025-12-06,,0
4475,Organic,6,25.2,151.2,123,4,47.4,2025-11-23,,0
4476,Email,12,52.49,629.88,0,0,67.6,2025-12-07,,0
4477,Paid Search,16,39.94,639.04,71,3,42.4,2026-05-19,,0
4478,Social Media,9,77.94,701.46,61,3,72.1,2026-04-20,,0
4479,Social Media,17,52.29,888.93,43,1,64.6,2026-04-23,,0
4480,Paid Search,14,30.53,427.42,76,3,22.7,2026-07-08,2026-08-19,1
4481,Email,6,50.62,303.72,110,3,53.8,2026-03-12,,0
4482,Email,18,72.11,1297.98,18,0,98.6,2026-02-17,,0
4483,Paid Search,5,34.22,171.1,87,2,37.9,2026-06-18,2026-06-24,1
4484,Organic,9,53.67,483.03,26,1,69.9,2026-05-23,,0
4485,Paid Search,10,112.05,1120.5,65,5,44.0,2026-03-13,,0
4486,Organic,9,43.03,387.27,123,2,32.1,2026-07-27,,0
4487,Paid Search,5,34.32,171.6,155,2,49.6,2026-01-29,,0
4488,Paid Search,10,27.39,273.9,81,1,59.3,2026-04-27,,0
4489,Paid Search,12,63.68,764.16,24,1,75.0,2025-12-15,,0
4490,Social Media,20,30.24,604.8,56,1,55.3,2025-11-30,2026-07-23,1
4491,Organic,1,62.76,62.76,92,6,51.6,2026-04-18,,0
4492,Paid Search,10,31.33,313.3,78,4,43.3,2026-04-24,,0
4493,Paid Search,10,28.7,287.0,75,0,50.0,2026-02-20,,0
4494,Social Media,1,70.91,70.91,78,9,17.6,2026-08-17,,0
4495,Social Media,10,81.6,816.0,79,1,53.5,2026-06-22,,0
4496,Organic,6,89.42,536.52,117,2,28.6,2026-07-19,,0
4497,Social Media,9,57.23,515.07,106,3,45.1,2026-05-20,2026-08-06,1
4498,Organic,16,58.25,932.0,60,3,93.1,2026-01-26,,0
4499,Social Media,10,40.83,408.3,75,4,9.0,2026-06-03,2026-06-10,1
4500,Social Media,13,10.0,130.0,92,0,32.3,2026-02-22,2026-06-07,1
4501,Paid Search,8,10.0,80.0,134,3,19.2,2025-12-22,2026-01-31,1
4502,Social Media,4,35.18,140.72,109,4,22.8,2025-12-28,2026-03-16,1
4503,Email,18,54.26,976.68,0,0,78.9,2026-02-19,,0
4504,Social Media,11,17.91,197.01,113,2,64.2,2026-02-04,,0
4505,Paid Search,2,21.8,43.6,107,3,40.5,2026-03-23,,0
4506,Social Media,5,30.59,152.95,48,0,55.1,2026-03-03,,0
4507,Paid Search,6,163.38,980.28,31,5,84.5,2025-11-14,,0
4508,Social Media,4,32.29,129.16,115,5,27.2,2026-03-11,,0
4509,Email,11,22.71,249.81,46,4,52.3,2026-04-25,,0
4510,Organic,10,89.54,895.4,31,4,100.0,2025-09-15,,0
4511,Organic,14,69.43,972.02,61,3,42.6,2025-10-01,,0
4512,Organic,4,51.3,205.2,150,4,17.5,2025-10-21,2025-10-29,1
4513,Organic,11,10.31,113.41,127,2,12.8,2025-11-05,,0
4514,Paid Search,13,37.06,481.78,95,1,50.9,2026-04-14,,0
4515,Organic,1,145.66,145.66,139,7,0.0,2025-09-15,2026-06-24,1
4516,Social Media,18,25.09,451.62,0,0,77.0,2026-01-05,,0
4517,Organic,17,24.57,417.69,0,0,80.8,2025-10-10,,0
4518,Organic,10,107.43,1074.3,105,3,64.0,2026-08-24,,0
4519,Social Media,1,44.88,44.88,123,5,29.6,2026-07-23,,0
4520,Paid Search,10,10.0,100.0,62,3,46.2,2026-08-24,,0
4521,Paid Search,7,16.22,113.54,106,0,86.8,2025-09-02,,0
4522,Social Media,12,48.53,582.36,129,3,23.4,2026-05-07,,0
4523,Email,13,29.35,381.55,0,1,64.8,2026-08-17,,0
4524,Social Media,14,36.83,515.62,75,4,28.8,2025-11-29,,0
4525,Organic,2,21.62,43.24,64,2,56.6,2025-11-16,,0
4526,Organic,8,33.53,268.24,63,3,51.8,2025-09-28,2026-02-09,1
4527,Email,12,19.28,231.36,104,2,42.9,2026-02-01,2026-07-22,1
4528,Social Media,10,136.63,1366.3,60,1,88.1,2025-12-25,,0
4529,Social Media,10,12.55,125.5,31,2,57.8,2026-01-18,,0
4530,Social Media,4,29.99,119.96,120,5,23.4,2025-12-17,,0
4531,Organic,8,21.12,168.96,97,3,82.2,2026-02-24,,0
4532,Paid Search,17,41.54,706.18,26,0,48.3,2026-08-20,,0
4533,Social Media,1,14.13,14.13,99,5,37.8,2026-07-01,,0
4534,Email,12,109.71,1316.52,37,3,73.1,2025-09-26,,0
4535,Organic,11,161.03,1771.33,104,3,76.2,2026-08-14,,0
4536,Social Media,12,61.35,736.2,16,0,46.5,2026-07-31,,0
4537,Organic,7,56.39,394.73,69,2,54.4,2025-11-12,,0
4538,Email,14,12.77,178.78,76,7,32.4,2025-09-20,,0
4539,Organic,10,95.21,952.1,127,5,11.0,2026-03-21,,0
4540,Social Media,4,14.89,59.56,69,1,44.9,2026-07-11,,0
4541,Organic,12,21.8,261.6,0,0,100.0,2026-01-29,,0
4542,Social Media,1,54.97,54.97,96,4,38.7,2026-08-19,2026-08-24,1
4543,Social Media,17,90.47,1537.99,42,0,72.4,2026-04-22,,0
4544,Paid Search,11,95.17,1046.87,59,2,66.8,2026-02-07,2026-05-04,1
4545,Email,13,36.58,475.54,47,2,54.0,2025-10-14,,0
4546,Email,5,20.37,101.85,87,0,42.2,2026-07-21,,0
4547,Email,2,39.87,79.74,124,3,48.0,2026-01-22,2026-05-01,1
4548,Paid Search,11,29.28,322.08,65,1,39.5,2026-08-21,2026-08-24,1
4549,Social Media,3,57.52,172.56,84,5,47.8,2026-03-15,,0
4550,Social Media,7,51.19,358.33,126,2,16.8,2025-12-31,2026-03-25,1
4551,Social Media,7,20.0,140.0,37,0,84.3,2026-08-18,,0
4552,Paid Search,2,96.24,192.48,148,2,38.2,2025-12-05,2026-04-19,1
4553,Social Media,19,62.0,1178.0,19,0,96.7,2025-09-06,,0
4554,Organic,3,74.82,224.46,110,4,13.5,2026-05-17,,0
4555,Paid Search,6,24.89,149.34,138,7,13.4,2025-11-28,,0
4556,Organic,1,67.56,67.56,170,5,20.0,2026-02-18,2026-05-05,1
4557,Organic,1,73.03,73.03,164,8,24.4,2025-09-30,,0
4558,Organic,3,48.74,146.22,158,2,21.3,2026-01-30,2026-02-23,1
4559,Organic,18,30.0,540.0,46,2,82.8,2025-11-11,,0
4560,Social Media,13,42.11,547.43,0,0,77.9,2026-07-04,,0
4561,Paid Search,11,60.88,669.68,109,6,40.3,2026-05-30,,0
4562,Organic,14,92.57,1295.98,109,2,28.0,2026-03-24,,0
4563,Social Media,8,10.0,80.0,95,1,68.1,2025-10-06,2026-01-31,1
4564,Email,4,44.2,176.8,109,3,40.5,2026-01-11,,0
4565,Email,10,10.0,100.0,95,4,100.0,2026-06-15,2026-07-04,1
4566,Email,2,63.45,126.9,105,4,61.4,2025-10-12,,0
4567,Email,9,80.0,720.0,70,3,63.5,2026-01-18,,0
4568,Social Media,14,25.38,355.32,84,5,54.4,2026-04-01,,0
4569,Email,18,24.11,433.98,22,0,82.8,2026-04-13,,0
4570,Email,5,32.25,161.25,86,2,35.6,2025-12-19,,0
4571,Paid Search,11,38.68,425.48,49,4,62.9,2025-10-14,,0
4572,Email,10,20.1,201.0,75,1,12.4,2026-03-01,2026-05-16,1
4573,Social Media,15,54.55,818.25,17,3,67.4,2025-10-27,,0
4574,Social Media,11,91.19,1003.09,45,3,75.7,2025-12-16,,0
4575,Email,24,26.23,629.52,3,0,100.0,2026-08-05,,0
4576,Paid Search,6,10.0,60.0,169,3,4.4,2025-11-17,2025-12-14,1
4577,Paid Search,8,33.69,269.52,148,4,15.6,2026-02-08,2026-05-25,1
4578,Social Media,1,46.57,46.57,174,5,15.7,2026-02-19,2026-03-20,1
4579,Social Media,4,30.2,120.8,125,1,44.9,2026-01-20,,0
4580,Email,1,50.72,50.72,132,4,3.6,2026-08-09,,0
4581,Email,5,87.2,436.0,85,4,5.4,2025-10-04,,0
4582,Social Media,4,19.58,78.32,84,1,59.8,2025-10-16,,0
4583,Email,6,154.44,926.64,158,3,14.3,2025-09-01,2026-04-21,1
4584,Organic,13,57.97,753.61,127,6,41.6,2026-01-24,,0
4585,Email,5,36.51,182.55,149,4,25.2,2026-06-05,2026-07-25,1
4586,Organic,12,14.92,179.04,0,0,72.2,2026-01-24,,0
4587,Social Media,2,18.3,36.6,123,2,25.3,2026-05-21,2026-05-30,1
4588,Organic,7,29.8,208.6,119,5,42.3,2026-02-27,,0
4589,Social Media,10,44.88,448.8,101,2,52.2,2025-11-12,,0
4590,Paid Search,4,23.1,92.4,177,1,51.1,2026-06-29,,0
4591,Organic,4,10.0,40.0,169,1,12.2,2026-03-18,,0
4592,Social Media,11,43.46,478.06,83,3,20.6,2026-03-07,2026-04-24,1
4593,Social Media,3,10.0,30.0,71,3,27.1,2025-09-26,,0
4594,Organic,9,10.0,90.0,100,2,31.4,2026-02-17,2026-05-18,1
4595,Social Media,12,59.6,715.2,24,1,60.1,2026-04-29,2026-08-03,1
4596,Organic,17,10.0,170.0,44,1,100.0,2026-04-13,,0
4597,Organic,16,26.49,423.84,2,1,55.4,2026-05-13,,0
4598,Organic,18,35.48,638.64,46,3,75.2,2026-07-08,,0
4599,Social Media,22,90.74,1996.28,21,0,100.0,2025-12-15,,0
4600,Social Media,15,10.0,150.0,40,0,64.0,2025-11-26,2026-07-03,1
4601,Social Media,14,64.24,899.36,6,0,91.6,2026-06-20,,0
4602,Email,5,74.38,371.9,56,6,7.5,2026-03-18,,0
4603,Social Media,1,113.76,113.76,119,7,11.7,2025-11-30,2026-01-29,1
4604,Social Media,18,87.04,1566.72,33,3,58.2,2025-12-19,,0
4605,Email,11,41.95,461.45,75,1,75.2,2026-08-02,,0
4606,Paid Search,15,76.1,1141.5,24,1,57.4,2026-08-14,,0
4607,Organic,15,94.48,1417.2,63,2,98.5,2026-08-06,,0
4608,Organic,12,10.0,120.0,0,0,68.6,2026-02-28,,0
4609,Social Media,1,22.7,22.7,131,5,42.8,2025-10-02,2025-10-08,1
4610,Paid Search,14,51.76,724.64,34,3,57.2,2026-08-05,2026-08-15,1
4611,Organic,14,67.85,949.9,100,1,74.8,2025-12-19,,0
4612,Email,11,64.28,707.08,38,3,74.8,2025-12-07,,0
4613,Email,1,60.45,60.45,81,2,33.7,2025-09-14,2025-11-04,1
4614,Organic,17,128.99,2192.83,25,1,100.0,2026-01-31,,0
4615,Organic,12,33.46,401.52,65,2,42.9,2025-09-17,,0
4616,Organic,6,30.74,184.44,35,1,70.1,2026-03-20,,0
4617,Paid Search,16,17.15,274.4,70,4,42.5,2026-05-27,2026-07-19,1
4618,Email,16,49.14,786.24,32,0,52.3,2025-09-10,,0
4619,Social Media,5,34.82,174.1,92,3,36.7,2026-02-22,,0
4620,Organic,4,81.16,324.64,56,4,50.6,2026-05-05,2026-06-19,1
4621,Paid Search,15,36.22,543.3,86,2,34.8,2026-01-09,,0
4622,Organic,8,56.14,449.12,136,4,40.7,2026-03-30,2026-04-29,1
4623,Paid Search,4,63.32,253.28,70,2,56.4,2025-12-02,,0
4624,Paid Search,11,89.4,983.4,57,1,54.9,2025-12-05,,0
4625,Social Media,16,27.94,447.04,99,5,10.4,2026-08-25,2026-08-28,1
4626,Paid Search,6,30.51,183.06,112,0,37.5,2026-02-21,2026-05-13,1
4627,Email,9,39.01,351.09,63,0,88.6,2025-10-24,,0
4628,Organic,8,10.0,80.0,50,1,71.1,2026-01-03,,0
4629,Social Media,9,53.75,483.75,152,8,22.8,2025-12-12,,0
4630,Organic,11,43.13,474.43,98,4,31.2,2025-09-09,,0
4631,Paid Search,8,50.99,407.92,108,8,9.7,2026-04-28,,0
4632,Email,12,24.37,292.44,92,4,70.2,2025-12-21,,0
4633,Social Media,7,89.36,625.52,136,3,0.0,2026-08-21,,0
4634,Organic,4,21.81,87.24,137,0,43.5,2026-07-07,2026-08-06,1
4635,Paid Search,5,60.49,302.45,129,4,33.4,2025-12-20,2026-05-01,1
4636,Social Media,5,23.69,118.45,171,2,23.3,2026-06-16,,0
4637,Email,14,10.0,140.0,114,1,51.9,2025-11-17,2026-06-16,1
4638,Social Media,10,37.17,371.7,91,3,47.3,2025-10-18,2025-12-08,1
4639,Organic,1,44.53,44.53,119,5,5.2,2025-10-09,2026-02-15,1
4640,Paid Search,11,68.91,758.01,46,1,42.6,2026-08-14,,0
4641,Organic,1,10.0,10.0,103,4,42.5,2026-05-05,,0
4642,Organic,1,33.65,33.65,117,4,48.9,2026-02-27,,0
4643,Social Media,17,140.57,2389.69,22,2,92.6,2026-08-26,,0
4644,Social Media,5,31.86,159.3,120,7,32.6,2025-10-05,,0
4645,Organic,11,79.85,878.35,51,2,63.0,2025-09-13,,0
4646,Social Media,10,230.9,2309.0,126,4,28.1,2025-11-21,,0
4647,Social Media,8,158.93,1271.44,114,4,7.1,2026-05-22,,0
4648,Social Media,12,10.0,120.0,95,2,60.7,2026-07-20,,0
4649,Organic,15,88.56,1328.4,109,4,55.4,2025-11-03,,0
4650,Paid Search,8,87.7,701.6,138,0,66.2,2025-12-04,,0
4651,Organic,6,65.77,394.62,144,6,12.8,2025-09-20,,0
4652,Organic,14,10.0,140.0,46,4,79.8,2026-04-14,,0
4653,Paid Search,1,57.29,57.29,107,3,38.9,2026-07-01,2026-07-25,1
4654,Paid Search,14,41.82,585.48,112,1,53.0,2025-10-07,,0
4655,Organic,3,16.54,49.62,43,3,53.2,2026-07-23,2026-08-18,1
4656,Organic,8,22.13,177.04,87,2,61.7,2026-02-03,,0
4657,Email,18,66.99,1205.82,0,0,100.0,2026-03-12,,0
4658,Social Media,5,26.44,132.2,43,6,48.4,2026-02-12,2026-06-11,1
4659,Paid Search,2,67.9,135.8,92,5,11.8,2026-04-07,,0
4660,Email,20,14.77,295.4,60,2,66.3,2026-08-28,2026-09-01,1
4661,Organic,15,43.73,655.95,85,2,40.6,2026-01-17,2026-04-18,1
4662,Paid Search,1,76.2,76.2,141,2,18.5,2026-06-01,2026-06-17,1
4663,Email,7,135.12,945.84,105,0,62.3,2026-07-20,2026-08-26,1
4664,Paid Search,4,10.39,41.56,88,3,40.6,2026-04-03,,0
4665,Organic,14,74.68,1045.52,44,3,11.3,2026-05-17,2026-08-03,1
4666,Paid Search,9,19.6,176.4,83,1,61.6,2025-12-10,,0
4667,Paid Search,1,53.02,53.02,125,2,17.3,2026-04-21,2026-05-27,1
4668,Social Media,5,10.72,53.6,101,3,16.5,2026-02-23,,0
4669,Paid Search,14,97.53,1365.42,59,2,59.0,2026-03-07,,0
4670,Paid Search,6,23.93,143.58,140,4,20.0,2025-10-24,2025-11-04,1
4671,Organic,17,86.38,1468.46,0,1,91.9,2026-07-25,2026-08-31,1
4672,Paid Search,5,16.66,83.3,99,2,49.6,2026-08-19,2026-08-24,1
4673,Organic,12,15.63,187.56,155,1,39.3,2025-10-19,,0
4674,Email,14,27.24,381.36,74,1,71.2,2026-05-06,,0
4675,Social Media,15,51.06,765.9,57,3,59.6,2025-12-13,,0
4676,Paid Search,6,175.26,1051.56,88,1,47.7,2026-01-25,,0
4677,Social Media,12,33.66,403.92,42,2,48.9,2025-11-26,,0
4678,Organic,3,20.38,61.14,125,4,22.4,2026-01-03,,0
4679,Paid Search,3,77.18,231.54,146,2,53.5,2026-06-03,,0
4680,Paid Search,12,115.92,1391.04,33,0,100.0,2026-03-01,,0
4681,Paid Search,11,25.77,283.47,0,0,69.4,2026-05-12,,0
4682,Social Media,18,79.38,1428.84,49,0,41.4,2026-04-08,2026-06-05,1
4683,Email,11,98.93,1088.23,34,0,74.1,2026-02-14,,0
4684,Paid Search,10,67.1,671.0,111,4,32.2,2026-08-05,,0
4685,Paid Search,8,20.71,165.68,133,10,8.7,2026-08-20,,0
4686,Social Media,3,37.64,112.92,130,3,0.0,2025-12-20,2026-04-18,1
4687,Organic,14,67.12,939.68,90,1,46.1,2026-07-30,,0
4688,Organic,5,95.31,476.55,116,3,9.5,2025-10-06,,0
4689,Email,12,17.87,214.44,45,1,59.9,2026-01-09,,0
4690,Email,7,82.11,574.77,130,4,18.0,2025-11-09,2025-12-01,1
4691,Email,17,46.22,785.74,109,1,53.7,2026-03-12,2026-05-27,1
4692,Organic,5,38.92,194.6,112,1,65.7,2025-12-19,,0
4693,Organic,1,35.44,35.44,141,6,20.9,2026-06-25,2026-08-08,1
4694,Paid Search,6,10.0,60.0,68,1,44.7,2026-01-12,,0
4695,Email,19,10.0,190.0,65,0,56.5,2026-05-10,,0
4696,Organic,21,10.0,210.0,0,0,81.7,2025-11-23,,0
4697,Organic,3,61.98,185.94,168,2,5.5,2026-04-19,2026-07-10,1
4698,Organic,1,41.47,41.47,134,2,64.4,2025-11-21,,0
4699,Social Media,6,32.79,196.74,93,4,47.5,2025-10-09,,0
4700,Social Media,16,53.97,863.52,59,0,90.1,2026-08-29,,0
4701,Social Media,4,91.11,364.44,125,1,43.4,2026-08-09,,0
4702,Organic,13,52.59,683.67,44,3,56.3,2026-04-23,,0
4703,Social Media,3,27.09,81.27,95,2,25.6,2026-02-13,,0
4704,Paid Search,14,191.35,2678.9,74,3,72.9,2025-10-19,,0
4705,Organic,11,41.25,453.75,85,1,58.5,2026-03-24,,0
4706,Organic,9,85.75,771.75,107,4,47.5,2025-10-25,,0
4707,Paid Search,8,93.32,746.56,140,3,58.8,2025-12-08,,0
4708,Paid Search,8,29.84,238.72,114,5,43.6,2025-12-15,,0
4709,Email,15,134.63,2019.45,10,0,76.8,2025-10-03,2026-03-07,1
4710,Paid Search,1,21.17,21.17,167,4,42.5,2026-05-11,,0
4711,Paid Search,3,63.99,191.97,113,4,9.2,2025-12-30,2026-03-26,1
4712,Social Media,16,31.4,502.4,29,2,80.7,2025-11-13,,0
4713,Social Media,16,51.25,820.0,64,2,61.5,2025-09-12,,0
4714,Organic,7,110.21,771.47,119,6,47.6,2026-06-08,2026-06-24,1
4715,Social Media,4,46.11,184.44,50,1,35.7,2025-11-17,2026-05-28,1
4716,Organic,6,57.26,343.56,57,5,27.7,2026-06-11,2026-06-27,1
4717,Paid Search,5,41.74,208.7,66,3,45.7,2025-09-14,,0
4718,Social Media,12,163.17,1958.04,74,4,48.4,2026-02-17,,0
4719,Social Media,6,100.97,605.82,129,5,20.8,2025-10-16,,0
4720,Paid Search,1,28.59,28.59,83,3,47.8,2026-02-04,,0
4721,Organic,5,32.05,160.25,104,0,64.9,2026-08-04,,0
4722,Paid Search,1,41.01,41.01,134,6,25.9,2026-04-25,,0
4723,Paid Search,1,99.28,99.28,140,2,0.0,2026-01-21,,0
4724,Email,11,131.31,1444.41,10,3,70.9,2026-01-23,2026-07-03,1
4725,Paid Search,21,46.42,974.82,26,1,77.1,2026-02-12,,0
4726,Email,18,25.49,458.82,49,3,68.1,2025-12-16,,0
4727,Paid Search,1,23.29,23.29,151,1,36.8,2026-02-02,,0
4728,Email,9,38.47,346.23,86,1,41.9,2026-06-27,2026-07-21,1
4729,Organic,1,39.37,39.37,106,2,12.2,2026-08-03,2026-08-05,1
4730,Organic,2,100.54,201.08,100,2,23.4,2026-05-18,,0
4731,Organic,2,16.15,32.3,66,3,27.7,2026-07-12,,0
4732,Organic,12,25.27,303.24,62,0,73.8,2025-12-19,,0
4733,Email,1,23.09,23.09,126,5,10.9,2025-09-09,,0
4734,Social Media,15,63.72,955.8,13,0,90.9,2025-09-27,,0
4735,Social Media,13,100.62,1308.06,81,2,34.0,2026-02-06,,0
4736,Paid Search,6,15.12,90.72,137,5,16.8,2025-10-13,,0
4737,Social Media,12,61.06,732.72,107,1,61.8,2026-01-03,2026-08-23,1
4738,Social Media,8,57.15,457.2,25,0,53.0,2026-07-15,,0
4739,Email,2,72.45,144.9,83,3,41.9,2026-01-29,2026-02-26,1
4740,Social Media,7,32.34,226.38,53,2,55.3,2026-02-05,,0
4741,Social Media,11,62.21,684.31,113,4,65.4,2026-02-12,,0
4742,Organic,7,69.87,489.09,31,5,34.3,2025-11-12,,0
4743,Email,9,33.53,301.77,20,0,100.0,2025-09-06,,0
4744,Organic,15,62.22,933.3,13,0,92.2,2026-06-06,,0
4745,Paid Search,11,33.34,366.74,0,0,72.5,2026-08-25,2026-08-30,1
4746,Email,11,27.81,305.91,87,4,56.3,2026-01-09,,0
4747,Organic,10,10.0,100.0,35,1,73.2,2026-07-22,,0
4748,Organic,14,10.0,140.0,59,1,66.3,2026-03-28,,0
4749,Paid Search,12,28.77,345.24,115,4,42.6,2025-09-25,2026-03-03,1
4750,Paid Search,2,15.9,31.8,115,2,40.9,2026-01-02,2026-01-02,1
4751,Email,4,57.37,229.48,154,5,26.1,2025-09-23,2026-02-06,1
4752,Email,12,63.79,765.48,75,3,40.7,2026-08-20,,0
4753,Paid Search,11,39.02,429.22,45,4,57.4,2025-12-17,2026-06-20,1
4754,Email,11,43.02,473.22,74,2,52.7,2026-05-09,,0
4755,Social Media,3,21.5,64.5,102,1,56.2,2026-08-04,2026-08-17,1
4756,Email,9,28.31,254.79,128,3,45.4,2026-05-11,,0
4757,Organic,4,59.41,237.64,106,4,34.1,2025-09-25,,0
4758,Paid Search,8,58.43,467.44,82,7,26.0,2026-04-01,2026-07-23,1
4759,Organic,11,42.3,465.3,104,5,31.0,2025-10-01,2025-12-27,1
4760,Organic,12,20.05,240.6,87,2,35.3,2026-07-21,,0
4761,Social Media,15,72.51,1087.65,72,1,83.1,2026-01-04,,0
4762,Organic,10,36.51,365.1,78,2,31.2,2026-03-25,,0
4763,Paid Search,16,10.0,160.0,26,1,70.6,2026-05-14,,0
4764,Social Media,21,47.02,987.42,43,0,88.5,2026-02-15,,0
4765,Organic,5,18.75,93.75,105,4,27.8,2026-01-19,,0
4766,Paid Search,4,41.44,165.76,119,9,18.6,2026-08-22,,0
4767,Social Media,13,63.68,827.84,107,4,39.3,2026-01-05,2026-05-29,1
4768,Email,5,38.29,191.45,65,1,42.2,2026-05-14,,0
4769,Organic,7,26.63,186.41,99,1,65.6,2025-11-11,,0
4770,Email,14,75.83,1061.62,38,4,65.2,2026-06-28,,0
4771,Email,12,156.26,1875.12,71,3,86.5,2026-05-19,,0
4772,Social Media,5,41.14,205.7,67,1,64.3,2025-09-11,,0
4773,Paid Search,14,10.0,140.0,62,2,57.2,2026-06-02,,0
4774,Social Media,10,54.0,540.0,119,1,19.0,2026-07-15,2026-07-29,1
4775,Email,2,41.57,83.14,102,4,73.8,2026-02-12,,0
4776,Paid Search,13,58.09,755.17,70,4,46.1,2026-01-14,,0
4777,Email,1,39.58,39.58,67,3,49.5,2026-02-06,,0
4778,Email,1,45.33,45.33,182,1,24.7,2026-04-07,,0
4779,Paid Search,14,13.25,185.5,100,1,41.0,2026-07-23,,0
4780,Social Media,7,27.86,195.02,66,0,42.3,2026-05-19,,0
4781,Paid Search,8,13.95,111.6,53,4,32.2,2026-08-11,2026-08-23,1
4782,Social Media,9,35.78,322.02,153,3,33.1,2025-10-24,,0
4783,Email,1,63.02,63.02,84,4,48.6,2026-05-29,,0
4784,Organic,5,23.9,119.5,168,5,46.9,2026-01-01,,0
4785,Organic,10,10.0,100.0,81,1,33.8,2026-05-29,,0
4786,Paid Search,19,24.44,464.36,61,1,90.5,2026-01-17,2026-04-08,1
4787,Email,6,25.33,151.98,66,2,57.0,2026-07-29,,0
4788,Paid Search,1,42.15,42.15,196,3,26.3,2026-07-28,,0
4789,Email,12,11.65,139.8,0,0,74.1,2026-05-08,,0
4790,Paid Search,11,14.58,160.38,30,0,60.6,2026-05-29,,0
4791,Organic,16,42.18,674.88,47,2,46.7,2026-05-06,,0
4792,Email,11,97.57,1073.27,60,1,54.3,2026-05-23,,0
4793,Social Media,11,30.92,340.12,50,0,78.7,2025-12-21,,0
4794,Paid Search,2,69.47,138.94,114,5,24.9,2026-03-26,2026-05-07,1
4795,Organic,11,43.55,479.05,47,2,70.0,2026-07-06,,0
4796,Organic,10,77.18,771.8,53,3,83.5,2025-09-29,2026-06-12,1
4797,Organic,8,119.3,954.4,14,2,70.6,2026-01-12,2026-04-24,1
4798,Paid Search,6,49.77,298.62,108,3,42.6,2026-04-06,2026-06-21,1
4799,Social Media,10,10.0,100.0,74,1,100.0,2026-02-27,,0
4800,Paid Search,1,30.49,30.49,116,2,19.0,2026-05-04,2026-07-30,1
4801,Organic,14,10.0,140.0,84,1,66.0,2026-04-10,2026-06-17,1
4802,Organic,2,15.61,31.22,180,9,15.5,2026-08-06,2026-08-06,1
4803,Paid Search,8,32.86,262.88,93,3,66.3,2025-11-01,,0
4804,Email,14,41.76,584.64,48,0,87.5,2026-04-13,,0
4805,Paid Search,14,91.92,1286.88,116,5,30.5,2025-12-20,,0
4806,Organic,23,18.1,416.3,57,0,100.0,2026-08-12,,0
4807,Social Media,6,53.73,322.38,112,4,74.7,2026-07-29,,0
4808,Email,7,29.18,204.26,84,0,58.5,2026-04-20,2026-06-29,1
4809,Social Media,10,34.74,347.4,19,1,69.5,2026-08-18,,0
4810,Email,6,15.28,91.68,141,5,18.0,2025-09-12,,0
4811,Email,9,78.96,710.64,82,1,48.2,2026-08-17,,0
4812,Social Media,8,10.0,80.0,119,3,52.3,2026-02-10,,0
4813,Email,20,36.0,720.0,50,1,73.8,2026-04-25,,0
4814,Organic,2,41.66,83.32,127,2,51.6,2026-06-16,2026-07-04,1
4815,Email,10,30.38,303.8,133,4,64.0,2026-07-11,2026-08-06,1
4816,Email,11,39.66,436.26,55,5,32.8,2026-05-14,2026-06-21,1
4817,Email,2,13.15,26.3,98,2,16.6,2026-08-13,2026-08-18,1
4818,Paid Search,13,102.35,1330.55,49,3,20.2,2026-02-04,,0
4819,Social Media,5,38.23,191.15,63,0,13.9,2026-06-07,2026-06-26,1
4820,Organic,16,28.42,454.72,99,3,59.1,2026-08-24,,0
4821,Social Media,10,38.2,382.0,79,0,52.5,2026-07-20,,0
4822,Paid Search,9,36.49,328.41,64,0,83.5,2025-10-07,2026-05-07,1
4823,Social Media,9,145.18,1306.62,50,1,93.7,2026-06-05,,0
4824,Social Media,9,67.8,610.2,49,1,64.9,2026-02-01,,0
4825,Paid Search,9,34.04,306.36,37,3,53.4,2026-04-04,,0
4826,Organic,1,125.21,125.21,125,0,78.7,2026-03-05,,0
4827,Paid Search,9,97.5,877.5,103,2,83.1,2025-10-24,,0
4828,Social Media,4,25.23,100.92,112,3,21.9,2025-12-13,,0
4829,Social Media,5,155.17,775.85,122,3,0.0,2026-02-11,,0
4830,Social Media,14,22.85,319.9,46,3,63.1,2026-06-19,,0
4831,Organic,10,52.69,526.9,27,0,78.5,2025-10-25,,0
4832,Email,11,84.94,934.34,45,1,65.6,2026-08-24,,0
4833,Social Media,1,14.39,14.39,166,5,8.0,2026-02-09,2026-03-07,1
4834,Organic,11,20.29,223.19,104,6,58.7,2026-01-19,,0
4835,Paid Search,5,52.51,262.55,51,3,24.1,2025-09-20,,0
4836,Paid Search,5,82.21,411.05,141,3,38.3,2026-07-04,,0
4837,Paid Search,9,35.49,319.41,42,0,56.7,2026-05-18,2026-08-04,1
4838,Organic,1,10.66,10.66,109,3,26.3,2026-08-27,2026-08-30,1
4839,Organic,6,133.43,800.58,107,5,21.9,2026-06-02,,0
4840,Organic,15,49.33,739.95,0,2,66.7,2025-09-26,,0
4841,Organic,20,56.14,1122.8,27,1,89.8,2026-08-28,,0
4842,Organic,12,14.14,169.68,83,2,45.2,2025-11-17,,0
4843,Email,23,103.41,2378.43,54,0,81.7,2025-09-24,,0
4844,Paid Search,13,23.76,308.88,69,1,66.6,2026-07-21,,0
4845,Paid Search,1,19.76,19.76,160,4,8.8,2026-04-22,,0
4846,Social Media,1,88.28,88.28,130,5,28.9,2025-10-08,2025-11-13,1
4847,Paid Search,16,10.39,166.24,89,3,69.0,2025-12-12,,0
4848,Organic,14,61.1,855.4,49,0,81.4,2026-08-07,,0
4849,Organic,12,22.35,268.2,108,1,20.7,2025-10-20,,0
4850,Organic,1,59.74,59.74,120,1,37.0,2025-11-11,2026-03-08,1
4851,Social Media,7,56.48,395.36,66,4,15.8,2026-05-10,,0
4852,Paid Search,14,34.29,480.06,42,2,66.6,2026-04-02,,0
4853,Paid Search,8,92.48,739.84,71,6,18.6,2026-05-12,2026-07-25,1
4854,Social Media,11,32.61,358.71,43,3,71.3,2026-02-23,,0
4855,Email,18,148.54,2673.72,20,0,79.2,2025-11-20,,0
4856,Paid Search,22,92.61,2037.42,54,3,82.4,2025-12-31,,0
4857,Paid Search,6,52.3,313.8,94,4,38.6,2025-09-12,,0
4858,Paid Search,13,47.87,622.31,96,3,65.0,2026-07-26,2026-08-12,1
4859,Social Media,3,12.21,36.63,74,1,96.1,2025-09-28,,0
4860,Social Media,9,83.98,755.82,59,5,29.3,2025-10-04,,0
4861,Social Media,9,30.89,278.01,0,0,92.2,2026-04-14,,0
4862,Organic,14,57.17,800.38,93,0,56.9,2026-07-10,,0
4863,Paid Search,1,134.03,134.03,179,4,0.0,2026-06-10,2026-07-05,1
4864,Email,4,112.49,449.96,125,0,29.3,2025-09-22,,0
4865,Paid Search,13,16.88,219.44,77,1,66.6,2026-08-28,,0
4866,Email,6,29.97,179.82,36,0,67.8,2026-07-29,,0
4867,Paid Search,3,37.98,113.94,74,4,63.6,2026-08-05,2026-08-13,1
4868,Paid Search,11,90.43,994.73,28,2,75.3,2026-06-30,,0
4869,Paid Search,12,90.43,1085.16,102,2,15.2,2025-11-16,,0
4870,Paid Search,12,59.79,717.48,52,1,75.9,2026-08-10,,0
4871,Email,4,63.01,252.04,64,1,31.8,2025-09-13,,0
4872,Organic,4,40.32,161.28,174,3,36.1,2026-04-08,,0
4873,Social Media,17,57.4,975.8,61,3,43.9,2026-02-18,,0
4874,Social Media,10,33.96,339.6,102,3,20.4,2026-01-28,,0
4875,Email,1,72.31,72.31,126,6,39.4,2025-11-08,,0
4876,Social Media,1,55.1,55.1,163,3,3.4,2026-01-15,,0
4877,Email,10,95.49,954.9,47,3,88.8,2026-08-09,,0
4878,Email,7,70.25,491.75,109,6,35.9,2025-11-02,,0
4879,Paid Search,3,26.97,80.91,81,2,33.0,2026-07-30,2026-08-14,1
4880,Email,1,10.0,10.0,92,4,15.0,2026-02-20,,0
4881,Email,14,29.25,409.5,78,0,92.9,2025-10-19,,0
4882,Organic,8,50.2,401.6,73,1,64.2,2026-02-26,2026-05-05,1
4883,Social Media,6,33.71,202.26,97,4,44.0,2026-03-31,,0
4884,Organic,16,30.42,486.72,38,1,93.2,2026-05-04,,0
4885,Social Media,20,32.97,659.4,80,3,52.7,2025-11-18,,0
4886,Organic,8,55.63,445.04,99,2,87.0,2026-01-06,,0
4887,Social Media,15,23.55,353.25,76,2,64.4,2025-11-09,,0
4888,Paid Search,12,63.48,761.76,33,1,85.9,2025-10-04,,0
4889,Social Media,13,62.28,809.64,0,0,93.8,2026-01-27,,0
4890,Organic,14,81.68,1143.52,59,0,56.2,2026-04-24,,0
4891,Social Media,1,247.75,247.75,139,4,7.4,2026-01-27,,0
4892,Paid Search,3,10.0,30.0,97,7,20.1,2026-04-23,,0
4893,Social Media,7,61.32,429.24,135,2,34.6,2026-06-18,2026-07-10,1
4894,Paid Search,8,68.81,550.48,81,2,40.2,2026-04-28,2026-08-07,1
4895,Organic,13,25.64,333.32,72,0,72.0,2026-03-10,,0
4896,Paid Search,11,38.33,421.63,104,3,40.0,2026-06-09,2026-08-08,1
4897,Email,3,31.06,93.18,108,3,14.1,2026-05-08,2026-07-01,1
4898,Organic,12,63.67,764.04,119,2,32.8,2026-02-06,2026-03-08,1
4899,Social Media,4,101.65,406.6,117,5,30.4,2026-07-13,2026-07-25,1
4900,Organic,15,18.08,271.2,28,1,66.6,2026-07-24,,0
4901,Social Media,1,76.97,76.97,78,3,62.5,2025-11-22,2026-01-21,1
4902,Organic,12,102.21,1226.52,67,2,82.3,2025-10-31,,0
4903,Paid Search,18,32.18,579.24,0,1,94.9,2026-05-09,,0
4904,Paid Search,22,13.85,304.7,47,0,83.6,2026-07-12,,0
4905,Organic,7,28.91,202.37,121,3,8.2,2026-03-16,,0
4906,Paid Search,13,14.97,194.61,110,2,36.4,2026-06-29,,0
4907,Paid Search,5,136.67,683.35,50,2,61.7,2025-10-15,,0
4908,Paid Search,13,151.51,1969.63,39,1,67.1,2026-08-06,,0
4909,Email,14,114.35,1600.9,79,3,54.4,2026-03-01,,0
4910,Paid Search,3,31.21,93.63,113,3,22.6,2026-04-14,,0
4911,Email,12,107.29,1287.48,65,5,49.9,2026-03-14,2026-05-31,1
4912,Paid Search,4,14.61,58.44,170,3,11.4,2025-11-28,2026-03-14,1
4913,Organic,12,85.76,1029.12,19,1,34.9,2026-05-28,,0
4914,Organic,11,30.09,330.99,34,2,69.5,2025-10-03,,0
4915,Paid Search,5,10.0,50.0,45,3,24.3,2025-09-09,,0
4916,Paid Search,20,63.65,1273.0,65,0,44.5,2026-03-26,2026-07-13,1
4917,Email,9,48.73,438.57,112,4,27.2,2026-04-13,,0
4918,Social Media,15,65.82,987.3,54,1,100.0,2026-06-07,,0
4919,Social Media,7,69.24,484.68,121,1,58.9,2025-11-08,,0
4920,Paid Search,6,57.84,347.04,96,5,56.0,2025-12-10,,0
4921,Paid Search,7,53.04,371.28,122,2,42.3,2026-03-20,2026-06-22,1
4922,Social Media,14,37.18,520.52,51,1,72.4,2025-12-23,,0
4923,Organic,12,79.03,948.36,73,3,66.3,2026-04-19,,0
4924,Organic,5,61.55,307.75,118,3,37.0,2025-12-26,,0
4925,Paid Search,5,23.67,118.35,114,2,68.5,2025-11-05,,0
4926,Organic,8,16.74,133.92,82,2,59.9,2026-03-23,,0
4927,Social Media,2,41.23,82.46,98,0,62.0,2025-12-31,2026-03-09,1
4928,Organic,13,104.1,1353.3,40,0,98.8,2026-02-06,,0
4929,Organic,2,54.24,108.48,129,2,27.6,2026-08-05,,0
4930,Email,7,109.57,766.99,121,2,53.8,2026-08-09,2026-08-17,1
4931,Email,22,21.37,470.14,23,0,77.1,2026-05-27,2026-07-03,1
4932,Paid Search,5,59.05,295.25,0,3,100.0,2026-06-01,,0
4933,Paid Search,16,58.29,932.64,134,2,48.6,2026-06-23,2026-07-19,1
4934,Social Media,5,91.83,459.15,86,1,29.9,2025-09-27,,0
4935,Organic,7,38.03,266.21,101,1,15.6,2026-01-22,2026-02-02,1
4936,Paid Search,8,62.96,503.68,37,1,61.1,2026-08-16,,0
4937,Organic,11,91.25,1003.75,78,3,24.9,2025-10-06,,0
4938,Paid Search,6,41.76,250.56,114,1,30.9,2026-05-13,2026-05-18,1
4939,Email,13,20.06,260.78,38,2,56.2,2025-09-05,,0
4940,Social Media,1,109.37,109.37,110,3,39.1,2026-06-10,2026-07-14,1
4941,Email,9,62.23,560.07,87,3,49.4,2026-08-01,,0
4942,Social Media,18,27.88,501.84,31,0,81.3,2026-07-15,,0
4943,Social Media,11,50.77,558.47,80,1,47.2,2026-04-13,,0
4944,Social Media,22,136.75,3008.5,0,0,85.9,2025-09-28,,0
4945,Social Media,13,76.12,989.56,67,4,12.3,2026-02-11,,0
4946,Paid Search,6,37.2,223.2,100,1,73.0,2026-07-17,2026-07-25,1
4947,Organic,14,19.73,276.22,76,4,21.3,2026-05-07,2026-05-15,1
4948,Paid Search,11,10.0,110.0,43,0,38.6,2026-03-06,2026-07-10,1
4949,Organic,10,88.06,880.6,57,1,76.6,2026-02-14,,0
4950,Paid Search,11,10.0,110.0,61,1,66.2,2025-10-29,,0
4951,Organic,6,42.94,257.64,105,5,34.5,2026-08-15,,0
4952,Social Media,1,34.68,34.68,54,4,68.0,2026-08-30,,0
4953,Organic,13,62.71,815.23,15,1,88.7,2025-12-12,,0
4954,Organic,4,44.82,179.28,93,0,55.4,2026-07-23,,0
4955,Paid Search,13,60.71,789.23,139,2,10.5,2025-12-25,2026-03-19,1
4956,Organic,22,90.64,1994.08,0,1,95.8,2026-04-29,,0
4957,Email,17,36.74,624.58,0,1,81.8,2026-04-12,,0
4958,Paid Search,11,80.99,890.89,75,1,86.5,2026-07-09,2026-07-27,1
4959,Paid Search,1,121.46,121.46,168,3,1.0,2025-11-22,2026-06-30,1
4960,Organic,7,52.17,365.19,18,5,44.6,2026-06-26,,0
4961,Email,20,65.87,1317.4,70,0,74.8,2026-08-29,,0
4962,Social Media,4,18.61,74.44,143,5,22.0,2026-01-28,,0
4963,Paid Search,1,44.2,44.2,86,7,0.0,2026-07-07,,0
4964,Organic,16,11.27,180.32,90,0,71.7,2026-06-30,,0
4965,Social Media,16,36.32,581.12,64,3,70.5,2026-06-13,,0
4966,Email,14,37.05,518.7,104,2,38.0,2026-01-10,,0
4967,Paid Search,12,147.27,1767.24,71,2,52.4,2025-11-30,,0
4968,Organic,8,25.98,207.84,159,6,22.1,2025-10-01,2025-11-26,1
4969,Organic,11,44.27,486.97,81,0,62.8,2025-09-07,,0
4970,Organic,9,32.49,292.41,53,0,95.8,2026-06-09,,0
4971,Social Media,11,39.14,430.54,102,3,79.1,2026-06-14,,0
4972,Email,14,58.0,812.0,58,6,48.9,2026-06-15,,0
4973,Email,8,71.66,573.28,163,3,58.0,2026-06-24,,0
4974,Social Media,5,40.61,203.05,141,3,15.0,2026-08-27,,0
4975,Organic,4,32.04,128.16,102,3,32.7,2026-01-29,2026-03-17,1
4976,Email,4,123.47,493.88,62,7,63.3,2026-08-26,,0
4977,Paid Search,21,18.67,392.07,0,1,59.0,2026-08-17,,0
4978,Paid Search,14,10.0,140.0,70,4,30.0,2026-04-09,,0
4979,Social Media,13,108.19,1406.47,22,2,100.0,2025-11-09,,0
4980,Organic,8,10.16,81.28,137,2,51.5,2026-03-06,,0
4981,Email,8,97.92,783.36,66,1,55.2,2026-04-08,,0
4982,Email,6,16.16,96.96,113,1,11.2,2026-06-26,2026-07-14,1
4983,Social Media,19,28.31,537.89,54,0,61.3,2025-12-26,,0
4984,Social Media,1,27.66,27.66,88,1,60.6,2026-05-06,2026-08-06,1
4985,Paid Search,5,36.41,182.05,156,6,0.1,2025-09-02,2025-12-21,1
4986,Organic,8,91.65,733.2,88,4,15.0,2026-07-11,,0
4987,Social Media,12,10.77,129.24,77,4,67.8,2025-11-18,,0
4988,Social Media,17,41.21,700.57,71,3,34.9,2025-12-26,,0
4989,Email,11,56.28,619.08,117,3,0.1,2026-04-20,,0
4990,Organic,10,53.78,537.8,102,1,60.0,2026-04-10,,0
4991,Paid Search,11,96.15,1057.65,83,4,43.0,2025-09-14,2026-01-13,1
4992,Paid Search,6,53.14,318.84,84,4,11.8,2025-12-06,2026-04-09,1
4993,Social Media,3,49.25,147.75,130,5,37.6,2026-08-16,,0
4994,Social Media,12,67.04,804.48,63,2,69.9,2026-02-12,,0
4995,Email,11,22.91,252.01,99,3,34.5,2025-12-04,2025-12-28,1
4996,Organic,6,40.98,245.88,83,2,54.7,2026-04-16,,0
4997,Paid Search,4,46.25,185.0,116,2,45.1,2025-12-22,,0
4998,Organic,5,95.03,475.15,154,5,22.4,2026-01-15,,0
4999,Organic,5,27.82,139.1,65,3,64.2,2026-05-04,,0
5000,Paid Search,1,40.15,40.15,141,4,9.5,2026-08-29,,0
5001,Social Media,3,43.82,131.46,121,5,14.9,2026-08-19,2026-08-24,1
5002,Paid Search,8,41.18,329.44,173,4,26.7,2025-12-23,2026-03-12,1
5003,Paid Search,16,23.45,375.2,79,0,79.1,2025-11-22,,0
5004,Social Media,6,68.61,411.66,87,0,43.0,2026-04-18,2026-06-22,1
5005,Email,8,40.47,323.76,36,3,51.8,2026-03-11,2026-06-28,1
5006,Organic,14,31.4,439.6,63,2,42.8,2026-02-25,,0
5007,Paid Search,9,11.97,107.73,89,1,48.5,2025-10-13,,0
5008,Social Media,6,10.0,60.0,73,2,49.5,2026-02-21,2026-03-07,1
5009,Social Media,5,77.16,385.8,72,3,15.6,2026-02-04,,0
5010,Email,13,24.38,316.94,82,2,48.2,2026-02-09,2026-08-07,1
5011,Organic,21,14.2,298.2,19,0,91.7,2026-07-15,,0
5012,Paid Search,9,16.96,152.64,129,1,23.5,2025-12-18,,0
5013,Email,6,47.62,285.72,94,1,48.9,2025-10-04,2026-06-10,1
5014,Paid Search,4,22.63,90.52,117,2,18.8,2026-07-22,2026-08-23,1
5015,Paid Search,24,74.72,1793.28,0,1,97.1,2026-08-05,,0
5016,Email,12,24.8,297.6,96,2,31.4,2026-03-06,2026-06-25,1
5017,Organic,7,44.97,314.79,89,3,40.2,2025-11-25,,0
5018,Social Media,13,38.27,497.51,110,2,20.2,2026-08-01,,0
5019,Email,1,46.76,46.76,186,7,0.0,2025-12-03,,0
5020,Organic,19,64.01,1216.19,33,1,63.4,2026-06-07,,0
5021,Social Media,9,62.19,559.71,114,3,43.3,2026-06-26,,0
5022,Paid Search,5,23.65,118.25,40,3,52.2,2026-06-23,2026-08-04,1
5023,Email,6,106.19,637.14,79,7,26.0,2026-02-20,,0
5024,Email,16,28.07,449.12,43,1,53.8,2026-01-25,,0
5025,Email,21,10.0,210.0,60,2,71.9,2026-03-16,2026-07-19,1
5026,Organic,1,43.57,43.57,111,2,38.0,2026-01-22,,0
5027,Social Media,11,57.17,628.87,88,1,44.3,2025-11-11,2025-12-18,1
5028,Email,10,33.77,337.7,112,1,33.9,2025-11-01,,0
5029,Social Media,1,10.59,10.59,176,2,0.0,2025-12-08,2025-12-26,1
5030,Social Media,1,10.0,10.0,119,4,7.7,2026-02-22,2026-03-21,1
5031,Organic,8,41.32,330.56,79,3,34.8,2026-06-13,2026-07-24,1
5032,Email,7,13.23,92.61,68,1,100.0,2025-12-03,,0
5033,Organic,10,83.26,832.6,64,1,43.3,2025-12-29,,0
5034,Paid Search,17,34.32,583.44,18,1,75.3,2025-10-11,,0
5035,Email,10,26.67,266.7,74,1,39.2,2025-12-14,,0
5036,Email,6,129.27,775.62,116,2,48.1,2026-07-14,,0
5037,Email,12,10.0,120.0,75,1,92.4,2026-02-05,,0
5038,Paid Search,4,56.79,227.16,109,7,22.1,2025-12-11,2026-02-11,1
5039,Organic,12,15.98,191.76,69,1,60.9,2025-09-02,,0
5040,Paid Search,17,107.84,1833.28,52,2,51.4,2026-05-04,,0
5041,Organic,9,10.0,90.0,61,3,64.1,2025-10-22,,0
5042,Email,1,44.08,44.08,132,5,11.0,2026-05-22,2026-07-09,1
5043,Social Media,1,58.73,58.73,124,3,0.2,2026-04-16,2026-04-23,1
5044,Paid Search,6,14.16,84.96,140,4,0.0,2025-09-14,2026-01-24,1
5045,Organic,11,56.98,626.78,139,2,35.8,2026-07-03,,0
5046,Paid Search,14,24.04,336.56,75,1,40.4,2026-06-17,2026-07-18,1
5047,Email,15,52.11,781.65,75,5,15.5,2025-10-31,2026-04-30,1
5048,Social Media,6,32.46,194.76,136,2,46.1,2025-10-02,2025-12-24,1
5049,Organic,8,65.53,524.24,144,4,21.3,2026-07-24,2026-07-29,1
5050,Organic,1,33.23,33.23,99,5,48.9,2025-11-04,,0
5051,Paid Search,5,49.82,249.1,131,2,36.9,2026-01-28,,0
5052,Organic,6,72.92,437.52,70,2,44.6,2025-10-15,2026-04-05,1
5053,Email,13,30.31,394.03,22,1,94.6,2026-03-03,,0
5054,Social Media,17,45.2,768.4,130,2,48.9,2026-01-30,2026-03-17,1
5055,Organic,13,60.92,791.96,36,1,58.3,2026-06-08,,0
5056,Social Media,3,24.25,72.75,89,3,20.7,2026-01-30,2026-05-11,1
5057,Paid Search,15,36.4,546.0,37,1,42.7,2026-04-01,,0
5058,Organic,10,109.72,1097.2,13,0,74.1,2026-04-07,,0
5059,Social Media,6,51.15,306.9,21,2,40.0,2026-05-21,,0
5060,Organic,12,77.44,929.28,153,4,24.7,2026-04-07,2026-04-13,1
5061,Paid Search,8,32.66,261.28,112,4,10.0,2026-07-01,2026-07-26,1
5062,Email,9,56.94,512.46,143,1,32.1,2025-10-25,2025-11-25,1
5063,Email,2,33.13,66.26,173,4,14.0,2026-04-06,,0
5064,Paid Search,12,31.57,378.84,34,3,51.6,2026-04-12,,0
5065,Social Media,13,10.0,130.0,158,2,29.1,2025-09-08,,0
5066,Organic,12,29.18,350.16,88,0,48.7,2026-03-07,,0
5067,Social Media,1,150.2,150.2,53,4,56.4,2025-12-18,,0
5068,Organic,24,37.56,901.44,0,0,82.5,2025-09-02,,0
5069,Social Media,7,34.95,244.65,122,5,18.7,2025-10-21,,0
5070,Organic,10,91.63,916.3,83,2,65.1,2026-04-24,,0
5071,Email,14,52.79,739.06,82,0,52.8,2026-02-18,,0
5072,Email,9,30.42,273.78,92,6,61.2,2025-11-04,,0
5073,Paid Search,11,44.12,485.32,61,4,47.9,2026-03-02,,0
5074,Social Media,5,12.1,60.5,94,2,35.6,2026-05-22,,0
5075,Organic,5,56.28,281.4,86,4,50.2,2026-02-20,,0
5076,Social Media,11,58.5,643.5,64,1,63.4,2026-08-22,,0
5077,Organic,16,32.22,515.52,59,2,58.0,2025-10-14,,0
5078,Organic,14,40.05,560.7,0,0,100.0,2026-01-27,,0
5079,Social Media,8,54.64,437.12,66,3,84.1,2026-05-30,,0
5080,Paid Search,9,11.26,101.34,92,2,14.3,2026-03-10,2026-06-13,1
5081,Paid Search,6,48.12,288.72,112,4,53.6,2026-08-20,,0
5082,Paid Search,2,112.32,224.64,113,3,26.8,2025-11-17,2025-12-26,1
5083,Organic,5,17.85,89.25,97,1,41.6,2026-02-19,2026-06-27,1
5084,Organic,16,36.72,587.52,70,0,83.5,2026-08-30,,0
5085,Social Media,5,95.54,477.7,55,1,54.6,2026-03-17,,0
5086,Social Media,5,43.19,215.95,88,8,29.0,2026-08-06,,0
5087,Organic,17,93.1,1582.7,32,1,80.0,2026-04-12,,0
5088,Paid Search,4,54.81,219.24,89,5,4.0,2025-10-22,2026-06-07,1
5089,Social Media,13,64.31,836.03,118,2,44.3,2026-01-05,,0
5090,Social Media,22,29.15,641.3,56,2,69.0,2026-03-09,,0
5091,Email,20,22.26,445.2,53,0,81.8,2026-02-26,,0
5092,Paid Search,8,69.7,557.6,36,5,25.4,2026-02-28,,0
5093,Paid Search,5,11.83,59.15,106,4,32.0,2026-07-27,,0
5094,Social Media,4,37.62,150.48,69,4,33.2,2026-06-10,,0
5095,Paid Search,7,56.1,392.7,124,2,41.1,2025-11-06,,0
5096,Organic,13,30.65,398.45,90,3,56.5,2025-09-28,,0
5097,Organic,8,37.95,303.6,125,5,39.4,2026-07-09,2026-07-14,1
5098,Email,9,61.07,549.63,70,3,30.8,2025-10-02,2026-04-14,1
5099,Organic,6,116.75,700.5,136,2,44.0,2026-08-20,,0
5100,Social Media,13,197.43,2566.59,62,3,37.3,2026-02-24,,0
5101,Social Media,12,100.09,1201.08,142,2,50.2,2025-11-02,,0
5102,Paid Search,10,34.43,344.3,105,2,30.4,2026-06-13,2026-08-06,1
5103,Email,14,28.72,402.08,44,1,67.0,2025-09-19,2026-06-28,1
5104,Social Media,1,18.84,18.84,120,3,0.8,2025-09-07,2025-12-06,1
5105,Organic,1,68.95,68.95,152,3,8.8,2026-03-30,,0
5106,Social Media,7,28.51,199.57,87,1,47.8,2025-10-10,,0
5107,Paid Search,5,42.51,212.55,158,2,46.0,2026-08-03,2026-08-09,1
5108,Paid Search,9,111.93,1007.37,99,0,31.1,2026-02-22,,0
5109,Social Media,5,38.37,191.85,60,3,28.6,2026-05-17,,0
5110,Social Media,10,56.7,567.0,70,0,71.1,2026-01-15,2026-06-21,1
5111,Paid Search,10,74.61,746.1,119,3,31.7,2026-06-01,,0
5112,Email,7,10.0,70.0,96,1,68.3,2026-03-24,,0
5113,Social Media,8,118.15,945.2,111,1,26.5,2025-12-07,,0
5114,Social Media,7,19.94,139.58,42,1,40.8,2026-06-17,,0
5115,Organic,8,13.74,109.92,84,5,78.0,2025-10-28,,0
5116,Organic,12,30.13,361.56,23,3,72.4,2025-12-26,,0
5117,Paid Search,13,14.98,194.74,63,5,42.3,2026-06-01,,0
5118,Social Media,1,76.72,76.72,138,5,0.0,2025-12-30,,0
5119,Paid Search,9,59.67,537.03,37,1,27.7,2026-05-07,,0
5120,Social Media,18,22.26,400.68,29,0,100.0,2026-02-13,,0
5121,Organic,8,19.45,155.6,112,0,50.9,2026-01-21,,0
5122,Social Media,1,58.33,58.33,118,3,38.9,2025-11-07,2025-12-14,1
5123,Email,9,43.04,387.36,45,1,76.1,2026-04-26,,0
5124,Social Media,9,67.51,607.59,126,1,41.7,2026-03-20,2026-06-12,1
5125,Social Media,8,31.6,252.8,60,0,76.4,2026-03-23,,0
5126,Email,4,25.84,103.36,94,9,26.1,2025-10-21,,0
5127,Organic,22,63.98,1407.56,31,0,96.4,2025-10-28,,0
5128,Social Media,4,22.61,90.44,90,7,63.4,2026-06-13,,0
5129,Email,9,37.02,333.18,104,1,48.3,2026-07-24,,0
5130,Social Media,14,40.7,569.8,143,2,7.8,2025-09-14,2026-04-16,1
5131,Organic,9,37.63,338.67,25,3,23.4,2026-07-02,2026-07-05,1
5132,Email,13,10.0,130.0,14,2,43.9,2026-06-18,,0
5133,Organic,12,90.67,1088.04,46,2,66.3,2026-07-19,2026-08-13,1
5134,Paid Search,11,10.0,110.0,51,4,52.2,2026-07-04,2026-08-12,1
5135,Organic,15,10.0,150.0,0,2,29.7,2026-08-08,,0
5136,Paid Search,1,40.81,40.81,141,6,0.0,2026-01-23,2026-04-26,1
5137,Paid Search,3,129.36,388.08,107,4,32.7,2026-02-26,,0
5138,Paid Search,1,10.0,10.0,86,2,28.6,2026-07-29,,0
5139,Email,8,81.82,654.56,71,7,37.0,2026-01-05,,0
5140,Paid Search,2,41.74,83.48,97,7,34.6,2026-07-01,,0
5141,Paid Search,4,10.0,40.0,112,5,39.0,2026-02-16,2026-02-18,1
5142,Email,1,28.07,28.07,121,6,8.3,2025-12-08,2026-01-26,1
5143,Email,18,116.21,2091.78,70,2,70.3,2026-03-29,,0
5144,Organic,5,94.5,472.5,95,4,13.4,2026-05-11,,0
5145,Organic,7,202.07,1414.49,93,4,27.2,2025-10-08,,0
5146,Social Media,1,56.74,56.74,66,4,42.2,2025-11-12,,0
5147,Email,6,33.2,199.2,102,3,30.0,2025-10-27,,0
5148,Social Media,1,72.04,72.04,161,2,45.5,2026-07-06,,0
5149,Organic,1,25.89,25.89,113,3,18.7,2026-05-24,,0
5150,Social Media,13,45.15,586.95,141,4,18.7,2026-04-13,,0
5151,Social Media,10,25.66,256.6,107,2,42.3,2026-07-01,2026-07-03,1
5152,Social Media,7,75.1,525.7,140,4,75.0,2026-04-13,,0
5153,Email,25,47.92,1198.0,66,0,68.9,2026-06-02,,0
5154,Social Media,5,20.85,104.25,62,3,17.3,2026-03-09,,0
5155,Social Media,12,97.85,1174.2,115,2,45.8,2025-12-16,,0
5156,Social Media,1,112.75,112.75,119,4,24.5,2026-04-04,,0
5157,Social Media,8,42.6,340.8,73,3,19.4,2025-12-11,,0
5158,Paid Search,1,69.92,69.92,84,0,54.9,2026-04-12,,0
5159,Paid Search,9,115.6,1040.4,105,2,64.7,2026-03-04,,0
5160,Social Media,13,50.71,659.23,48,4,57.4,2026-05-04,,0
5161,Social Media,9,24.68,222.12,30,3,44.0,2026-08-01,2026-08-30,1
5162,Paid Search,14,35.45,496.3,84,1,53.8,2026-08-26,,0
5163,Organic,4,24.26,97.04,87,2,22.1,2026-06-26,,0
5164,Social Media,11,86.18,947.98,34,2,52.9,2026-01-18,,0
5165,Social Media,17,76.05,1292.85,31,0,64.6,2026-07-26,2026-08-10,1
5166,Paid Search,9,25.61,230.49,60,0,76.8,2026-03-12,,0
5167,Paid Search,9,39.71,357.39,85,1,44.8,2026-07-14,,0
5168,Organic,5,18.15,90.75,138,5,41.1,2026-04-17,,0
5169,Email,13,59.27,770.51,75,2,75.4,2026-05-25,,0
5170,Email,14,23.42,327.88,104,2,42.8,2026-06-15,,0
5171,Social Media,16,156.52,2504.32,15,0,91.5,2026-02-24,,0
5172,Paid Search,9,20.0,180.0,44,3,64.5,2025-10-10,,0
5173,Social Media,1,10.0,10.0,95,5,26.6,2026-01-05,,0
5174,Paid Search,15,13.15,197.25,21,1,100.0,2026-06-06,,0
5175,Email,10,56.75,567.5,100,2,39.9,2025-10-26,,0
5176,Organic,1,39.94,39.94,183,6,15.4,2025-09-29,,0
5177,Organic,11,14.12,155.32,35,4,59.2,2025-11-28,,0
5178,Social Media,13,31.12,404.56,67,5,42.2,2026-06-13,,0
5179,Organic,13,27.7,360.1,15,0,100.0,2026-07-01,,0
5180,Social Media,1,64.2,64.2,120,3,58.1,2025-09-11,2026-05-18,1
5181,Social Media,10,13.36,133.6,72,1,43.5,2025-10-11,,0
5182,Organic,1,37.17,37.17,141,3,40.2,2026-03-31,,0
5183,Paid Search,1,57.71,57.71,132,6,10.4,2026-03-18,2026-06-06,1
5184,Social Media,1,48.07,48.07,115,5,27.0,2026-02-18,2026-04-30,1
5185,Email,18,39.75,715.5,48,2,56.3,2025-10-11,,0
5186,Paid Search,7,47.72,334.04,58,5,28.6,2026-05-14,2026-07-02,1
5187,Organic,13,66.51,864.63,27,0,100.0,2025-12-27,2026-05-25,1
5188,Social Media,3,41.26,123.78,160,2,16.0,2025-09-23,2025-10-21,1
5189,Paid Search,10,102.77,1027.7,90,2,67.5,2026-05-14,,0
5190,Social Media,14,59.27,829.78,0,1,72.9,2026-05-20,,0
5191,Social Media,6,97.7,586.2,72,4,33.8,2026-07-13,,0
5192,Organic,14,27.6,386.4,25,0,63.0,2025-12-08,,0
5193,Social Media,5,10.0,50.0,124,2,28.3,2026-05-24,,0
5194,Paid Search,8,51.62,412.96,62,4,48.8,2026-08-24,,0
5195,Organic,8,47.33,378.64,62,2,91.4,2026-03-01,,0
5196,Social Media,11,14.53,159.83,34,2,33.0,2026-02-09,,0
5197,Email,4,15.48,61.92,119,3,0.0,2026-08-25,2026-08-27,1
5198,Social Media,1,49.56,49.56,46,2,6.4,2025-12-04,,0
5199,Organic,11,33.2,365.2,82,4,33.0,2026-02-09,2026-04-07,1
5200,Social Media,15,16.49,247.35,0,1,61.4,2026-03-13,,0
5201,Organic,8,48.64,389.12,160,2,35.2,2026-04-28,,0
5202,Paid Search,14,46.93,657.02,85,1,68.0,2026-01-09,,0
5203,Paid Search,19,10.0,190.0,21,0,83.0,2025-11-30,,0
5204,Organic,20,109.25,2185.0,18,0,69.7,2025-11-24,,0
5205,Paid Search,1,90.3,90.3,162,4,0.0,2026-04-12,,0
5206,Email,11,26.28,289.08,72,1,100.0,2026-03-02,,0
5207,Organic,1,129.31,129.31,117,1,25.2,2026-05-31,,0
5208,Email,14,36.67,513.38,124,2,47.0,2026-06-13,,0
5209,Social Media,22,25.29,556.38,18,0,93.5,2025-10-21,,0
5210,Paid Search,1,30.24,30.24,95,2,17.9,2026-04-09,,0
5211,Organic,1,129.57,129.57,140,4,13.7,2026-05-24,,0
5212,Organic,8,13.23,105.84,31,2,43.2,2025-12-08,,0
5213,Organic,21,43.67,917.07,70,0,96.0,2025-12-20,,0
5214,Social Media,2,41.5,83.0,97,2,42.9,2026-05-25,,0
5215,Email,2,73.21,146.42,91,2,54.6,2026-06-29,,0
5216,Email,18,45.43,817.74,65,0,34.7,2026-01-13,,0
5217,Organic,11,128.86,1417.46,35,2,81.8,2025-09-30,2026-03-30,1
5218,Organic,8,140.72,1125.76,137,4,45.6,2026-07-08,2026-07-13,1
5219,Organic,7,105.14,735.98,62,4,19.8,2026-06-05,,0
5220,Email,12,63.25,759.0,80,1,49.0,2025-09-26,,0
5221,Organic,1,86.4,86.4,136,9,0.0,2025-12-07,,0
5222,Organic,10,43.27,432.7,46,0,84.1,2026-01-23,,0
5223,Social Media,5,93.21,466.05,95,4,27.9,2026-05-01,2026-06-11,1
5224,Social Media,8,36.13,289.04,8,1,93.0,2026-03-14,,0
5225,Organic,10,15.44,154.4,37,1,49.2,2026-06-23,,0
5226,Social Media,13,16.68,216.84,49,0,77.1,2025-11-08,,0
5227,Organic,7,71.44,500.08,101,3,57.5,2026-03-01,,0
5228,Organic,4,122.01,488.04,104,1,50.8,2025-11-14,2025-11-26,1
5229,Organic,3,119.13,357.39,86,4,50.3,2025-10-15,,0
5230,Paid Search,3,10.0,30.0,124,2,32.3,2026-07-27,,0
5231,Email,9,79.95,719.55,51,3,45.1,2025-10-21,,0
5232,Paid Search,12,12.16,145.92,6,0,75.6,2026-05-11,,0
5233,Social Media,7,192.15,1345.05,47,2,58.6,2026-05-04,2026-07-22,1
5234,Paid Search,12,18.82,225.84,47,1,42.0,2026-03-17,,0
5235,Social Media,12,10.0,120.0,70,0,53.8,2026-05-15,,0
5236,Email,10,74.38,743.8,68,1,90.2,2026-04-29,,0
5237,Paid Search,1,24.17,24.17,83,3,30.5,2025-12-21,2026-06-19,1
5238,Email,8,24.48,195.84,124,4,31.2,2026-05-08,,0
5239,Social Media,2,20.26,40.52,111,3,35.9,2026-01-22,,0
5240,Social Media,11,33.82,372.02,119,2,56.2,2026-04-25,,0
5241,Organic,4,77.52,310.08,100,5,36.4,2026-05-05,2026-07-11,1
5242,Social Media,10,36.55,365.5,36,1,78.6,2026-07-11,,0
5243,Paid Search,9,29.25,263.25,124,5,26.0,2025-10-20,2025-12-22,1
5244,Email,14,10.0,140.0,0,0,55.0,2026-07-19,,0
5245,Email,15,58.1,871.5,69,1,56.9,2026-02-10,,0
5246,Paid Search,7,39.13,273.91,137,6,12.5,2026-05-28,,0
5247,Email,7,56.66,396.62,131,5,34.9,2025-09-05,,0
5248,Email,9,66.78,601.02,28,2,76.9,2026-08-06,,0
5249,Social Media,9,119.83,1078.47,83,3,49.1,2026-03-29,,0
5250,Organic,4,171.84,687.36,146,5,33.8,2026-02-26,,0
5251,Organic,20,13.21,264.2,61,0,78.3,2025-09-05,,0
5252,Organic,14,49.2,688.8,33,2,81.4,2026-07-07,,0
5253,Organic,13,21.38,277.94,48,1,82.5,2025-10-31,,0
5254,Email,7,76.92,538.44,51,2,17.1,2026-08-07,,0
5255,Organic,12,75.34,904.08,117,3,49.8,2026-05-18,2026-06-11,1
5256,Social Media,1,57.04,57.04,164,3,20.0,2025-10-30,2025-12-21,1
5257,Social Media,9,65.21,586.89,118,4,46.3,2026-04-16,,0
5258,Social Media,1,49.0,49.0,80,1,71.9,2026-01-29,2026-04-12,1
5259,Organic,4,34.01,136.04,94,0,46.4,2026-04-11,,0
5260,Social Media,4,49.79,199.16,37,0,60.1,2025-10-08,,0
5261,Social Media,9,142.16,1279.44,104,3,46.9,2026-07-29,,0
5262,Social Media,5,51.17,255.85,136,0,28.3,2025-09-07,2026-01-19,1
5263,Organic,7,41.56,290.92,144,1,4.9,2026-06-07,,0
5264,Social Media,9,20.46,184.14,31,0,70.1,2026-01-27,,0
5265,Organic,12,10.0,120.0,44,2,100.0,2026-05-28,,0
5266,Social Media,7,47.34,331.38,79,8,41.0,2025-11-14,2026-06-16,1
5267,Paid Search,17,69.42,1180.14,43,1,76.5,2025-12-17,,0
5268,Organic,21,19.71,413.91,51,0,100.0,2026-07-04,,0
5269,Email,11,108.3,1191.3,70,1,78.5,2026-06-03,2026-07-13,1
5270,Organic,10,55.94,559.4,105,2,51.9,2025-12-20,,0
5271,Email,17,89.02,1513.34,56,2,85.3,2026-03-01,,0
5272,Email,12,58.79,705.48,7,3,57.8,2026-02-12,,0
5273,Paid Search,7,39.4,275.8,120,2,46.4,2026-04-20,,0
5274,Paid Search,11,33.41,367.51,68,1,55.5,2025-12-28,2026-05-08,1
5275,Organic,2,62.5,125.0,118,4,4.1,2025-09-26,,0
5276,Email,9,42.04,378.36,99,3,29.9,2026-07-24,,0
5277,Social Media,5,21.12,105.6,111,3,60.3,2025-12-21,,0
5278,Organic,10,36.15,361.5,117,5,36.9,2025-09-24,2025-10-02,1
5279,Paid Search,8,136.13,1089.04,124,7,16.4,2026-06-12,,0
5280,Organic,13,42.45,551.85,103,0,64.9,2026-04-01,,0
5281,Social Media,8,59.48,475.84,25,2,62.1,2026-02-06,,0
5282,Paid Search,21,118.36,2485.56,3,0,77.5,2025-11-21,,0
5283,Organic,7,40.71,284.97,48,0,67.2,2025-12-24,,0
5284,Email,8,37.97,303.76,77,0,75.1,2025-09-04,,0
5285,Organic,4,84.58,338.32,114,2,51.6,2026-02-09,,0
5286,Paid Search,21,71.7,1505.7,0,3,97.7,2025-10-17,,0
5287,Social Media,2,54.55,109.1,177,6,16.9,2026-02-23,2026-03-11,1
5288,Email,12,57.13,685.56,39,0,79.2,2026-05-10,,0
5289,Paid Search,6,32.18,193.08,29,2,30.2,2025-12-28,,0
5290,Email,1,10.0,10.0,149,3,39.8,2026-04-07,,0
5291,Paid Search,12,60.73,728.76,70,5,25.9,2026-01-03,,0
5292,Email,13,10.0,130.0,118,4,52.7,2026-01-07,,0
5293,Organic,9,13.79,124.11,155,2,15.9,2026-08-05,,0
5294,Social Media,10,41.09,410.9,84,2,49.3,2026-02-16,,0
5295,Organic,1,36.01,36.01,125,4,21.5,2026-08-27,,0
5296,Email,7,75.82,530.74,114,0,64.5,2026-04-04,,0
5297,Email,14,79.09,1107.26,78,1,91.3,2026-01-04,2026-04-13,1
5298,Paid Search,1,167.45,167.45,143,3,0.0,2026-01-05,2026-05-12,1
5299,Paid Search,8,13.97,111.76,142,3,56.2,2026-07-25,,0
5300,Social Media,6,59.81,358.86,68,2,42.5,2025-10-04,,0
5301,Organic,5,62.02,310.1,162,0,18.2,2025-12-05,,0
5302,Social Media,13,46.7,607.1,37,3,51.5,2026-05-11,,0
5303,Social Media,16,47.36,757.76,0,0,79.6,2026-03-20,,0
5304,Paid Search,12,69.19,830.28,23,2,61.3,2026-07-16,,0
5305,Organic,11,112.84,1241.24,65,1,79.2,2026-04-21,,0
5306,Email,1,53.91,53.91,130,4,24.7,2025-12-28,2026-03-13,1
5307,Organic,10,127.96,1279.6,33,1,59.3,2025-10-13,,0
5308,Social Media,1,46.77,46.77,84,1,70.3,2026-01-28,,0
5309,Organic,5,13.61,68.05,38,2,44.5,2026-05-20,,0
5310,Organic,14,61.46,860.44,38,0,76.7,2025-10-05,,0
5311,Organic,19,18.83,357.77,103,3,53.0,2026-02-14,,0
5312,Paid Search,4,18.0,72.0,47,4,38.1,2025-12-03,2026-07-04,1
5313,Social Media,4,32.58,130.32,59,2,23.1,2025-12-16,,0
5314,Paid Search,10,43.88,438.8,117,1,38.7,2026-04-09,,0
5315,Social Media,18,111.91,2014.38,84,1,44.1,2026-08-24,2026-08-31,1
5316,Social Media,7,29.84,208.88,108,5,30.0,2026-01-12,,0
5317,Organic,16,27.28,436.48,78,1,82.1,2025-10-10,,0
5318,Organic,9,42.2,379.8,70,0,68.5,2025-10-21,,0
5319,Social Media,8,48.28,386.24,58,1,81.5,2025-10-22,,0
5320,Social Media,5,44.57,222.85,94,7,25.0,2026-04-27,2026-05-08,1
5321,Social Media,1,10.9,10.9,124,3,23.0,2025-10-05,,0
5322,Organic,16,102.03,1632.48,66,1,70.4,2026-08-26,,0
5323,Email,9,13.79,124.11,58,0,90.3,2026-05-08,,0
5324,Organic,14,44.62,624.68,66,1,65.3,2026-01-15,,0
5325,Social Media,17,21.59,367.03,41,2,100.0,2026-05-10,,0
5326,Organic,12,89.8,1077.6,36,0,87.9,2026-08-22,,0
5327,Social Media,1,63.49,63.49,105,3,30.2,2026-06-29,2026-07-11,1
5328,Paid Search,6,36.79,220.74,43,2,75.1,2025-09-23,,0
5329,Social Media,11,28.44,312.84,88,7,37.6,2026-03-28,,0
5330,Organic,10,110.58,1105.8,35,3,48.9,2026-07-01,2026-08-01,1
5331,Social Media,10,25.1,251.0,128,1,44.5,2026-01-17,2026-06-07,1
5332,Organic,10,139.7,1397.0,53,2,72.2,2026-04-17,,0
5333,Social Media,12,10.0,120.0,46,1,53.6,2026-04-10,,0
5334,Organic,1,43.72,43.72,152,3,22.5,2025-09-20,2026-02-09,1
5335,Organic,10,85.52,855.2,45,1,34.4,2026-02-14,2026-05-22,1
5336,Social Media,12,68.25,819.0,62,0,64.2,2026-08-02,,0
5337,Organic,11,26.21,288.31,126,4,57.6,2025-09-22,,0
5338,Organic,9,15.53,139.77,42,3,44.7,2026-08-30,,0
5339,Email,3,63.35,190.05,183,2,14.2,2025-12-24,,0
5340,Email,7,54.39,380.73,135,3,55.5,2026-07-25,,0
5341,Email,5,29.91,149.55,145,2,39.4,2026-05-24,2026-05-27,1
5342,Paid Search,12,64.75,777.0,77,1,79.7,2025-09-06,2026-07-13,1
5343,Paid Search,21,10.34,217.14,38,1,66.1,2026-07-01,,0
5344,Social Media,2,54.95,109.9,97,1,36.3,2025-09-11,2025-12-12,1
5345,Organic,13,10.0,130.0,81,5,47.3,2026-05-17,,0
5346,Social Media,1,70.74,70.74,108,1,5.3,2026-04-13,,0
5347,Organic,6,69.5,417.0,128,5,11.9,2025-09-23,2026-02-26,1
5348,Email,9,51.24,461.16,103,1,28.5,2025-12-03,2026-02-05,1
5349,Social Media,11,10.0,110.0,85,0,50.7,2026-05-16,,0
5350,Paid Search,6,97.37,584.22,77,4,41.5,2025-12-06,2026-01-12,1
5351,Paid Search,1,109.75,109.75,172,4,26.7,2026-03-10,2026-04-13,1
5352,Organic,4,52.29,209.16,51,3,21.6,2026-07-26,,0
5353,Paid Search,6,110.6,663.6,95,0,17.3,2026-05-31,,0
5354,Social Media,3,16.86,50.58,90,3,13.9,2026-06-07,2026-06-20,1
5355,Paid Search,8,41.71,333.68,131,3,53.7,2026-03-12,,0
5356,Paid Search,4,10.0,40.0,68,5,87.3,2025-10-11,,0
5357,Organic,7,16.06,112.42,54,4,58.7,2026-02-05,,0
5358,Social Media,1,20.15,20.15,141,7,24.8,2026-07-02,,0
5359,Paid Search,4,59.38,237.52,95,5,31.1,2026-01-22,2026-04-21,1
5360,Organic,12,27.48,329.76,0,4,83.2,2026-02-22,,0
5361,Email,4,16.51,66.04,128,1,52.4,2026-04-12,2026-05-21,1
5362,Paid Search,6,42.55,255.3,75,0,34.0,2026-06-03,,0
5363,Paid Search,7,21.7,151.9,73,0,67.6,2025-12-14,,0
5364,Email,1,42.68,42.68,100,2,45.2,2026-02-09,,0
5365,Paid Search,17,49.63,843.71,37,0,65.7,2026-03-28,,0
5366,Email,8,11.5,92.0,53,7,61.4,2026-06-21,,0
5367,Social Media,1,73.87,73.87,94,4,26.1,2026-07-18,2026-08-13,1
5368,Social Media,14,28.35,396.9,26,2,79.5,2026-06-14,2026-08-30,1
5369,Organic,12,16.04,192.48,117,4,60.7,2026-01-17,,0
5370,Organic,10,62.94,629.4,65,0,80.7,2026-08-14,2026-08-24,1
5371,Paid Search,19,10.03,190.57,15,2,68.1,2026-08-05,,0
5372,Organic,1,14.38,14.38,143,1,20.7,2025-09-04,,0
5373,Organic,9,55.16,496.44,114,6,39.1,2026-05-26,,0
5374,Social Media,20,76.87,1537.4,7,0,58.5,2026-07-21,,0
5375,Social Media,9,68.1,612.9,100,0,29.0,2025-09-13,2026-03-22,1
5376,Organic,4,26.63,106.52,91,1,33.2,2026-04-02,,0
5377,Social Media,3,29.44,88.32,103,3,36.2,2026-08-31,2026-08-31,1
5378,Email,16,24.48,391.68,72,0,78.9,2026-04-01,,0
5379,Social Media,3,66.26,198.78,81,8,43.0,2026-08-24,,0
5380,Social Media,17,10.0,170.0,91,1,66.4,2026-05-13,,0
5381,Social Media,9,117.8,1060.2,20,1,47.0,2025-09-20,,0
5382,Organic,12,49.46,593.52,75,1,50.6,2025-11-15,,0
5383,Paid Search,7,40.89,286.23,57,3,100.0,2026-04-01,,0
5384,Email,7,26.09,182.63,92,4,53.6,2026-04-30,,0
5385,Social Media,4,40.06,160.24,75,7,45.0,2026-01-30,,0
5386,Social Media,4,30.22,120.88,161,5,0.0,2026-01-15,,0
5387,Email,14,14.91,208.74,40,0,55.3,2025-11-27,,0
5388,Organic,15,69.0,1035.0,14,1,72.2,2026-02-14,,0
5389,Paid Search,14,47.02,658.28,0,0,82.1,2026-08-03,,0
5390,Social Media,7,69.68,487.76,65,3,63.4,2025-10-20,,0
5391,Organic,5,49.15,245.75,78,2,28.2,2026-05-01,2026-07-24,1
5392,Social Media,10,21.8,218.0,76,2,89.9,2025-11-05,,0
5393,Email,12,86.28,1035.36,119,2,13.9,2025-11-09,,0
5394,Social Media,6,21.46,128.76,149,3,18.9,2026-06-13,,0
5395,Organic,10,110.68,1106.8,104,4,60.4,2026-02-25,,0
5396,Social Media,7,20.01,140.07,104,2,19.8,2025-12-01,,0
5397,Organic,11,13.69,150.59,38,0,58.1,2026-04-23,,0
5398,Email,1,107.09,107.09,27,1,43.1,2025-11-15,,0
5399,Organic,10,21.63,216.3,26,1,66.1,2026-02-21,,0
5400,Email,16,44.13,706.08,100,2,68.1,2025-09-30,2026-04-09,1
5401,Paid Search,4,10.0,40.0,110,3,26.6,2025-10-08,2026-03-09,1
5402,Paid Search,6,34.73,208.38,42,2,71.6,2025-09-14,,0
5403,Paid Search,9,10.0,90.0,81,5,51.5,2026-06-12,,0
5404,Organic,15,104.96,1574.4,20,0,60.8,2025-12-06,,0
5405,Paid Search,4,29.36,117.44,125,4,32.9,2025-11-30,,0
5406,Email,7,10.0,70.0,18,3,78.1,2026-03-20,,0
5407,Email,12,38.94,467.28,57,7,30.2,2026-07-01,2026-07-18,1
5408,Organic,2,173.05,346.1,113,7,37.5,2026-05-17,,0
5409,Social Media,4,52.04,208.16,109,4,41.7,2026-02-25,2026-06-29,1
5410,Email,16,33.82,541.12,19,0,83.5,2025-10-20,,0
5411,Email,14,42.04,588.56,134,3,35.2,2025-10-01,,0
5412,Paid Search,7,70.53,493.71,80,2,56.5,2025-10-01,2025-10-25,1
5413,Organic,9,64.76,582.84,73,1,73.0,2025-09-20,,0
5414,Email,13,42.23,548.99,97,3,24.5,2026-07-27,2026-08-14,1
5415,Paid Search,9,70.7,636.3,47,0,58.5,2025-09-02,,0
5416,Paid Search,13,37.76,490.88,0,1,71.0,2026-02-10,2026-05-07,1
5417,Social Media,13,43.12,560.56,51,1,50.2,2026-07-26,,0
5418,Organic,8,39.26,314.08,76,2,96.1,2026-07-15,,0
5419,Email,17,23.34,396.78,31,1,86.1,2026-05-30,,0
5420,Organic,8,71.59,572.72,100,2,65.5,2026-06-01,,0
5421,Social Media,10,35.02,350.2,122,0,46.5,2026-07-22,,0
5422,Email,7,10.0,70.0,10,1,95.8,2026-04-14,,0
5423,Email,13,12.34,160.42,78,0,28.0,2026-02-13,2026-06-21,1
5424,Email,9,52.79,475.11,42,2,40.0,2026-05-10,,0
5425,Email,8,22.21,177.68,132,5,34.1,2025-12-31,2026-01-04,1
5426,Organic,11,71.88,790.68,73,0,87.0,2025-12-13,,0
5427,Email,14,40.4,565.6,63,3,28.9,2026-04-08,,0
5428,Email,3,80.47,241.41,168,6,0.0,2026-08-03,2026-08-15,1
5429,Paid Search,1,10.0,10.0,142,2,5.9,2026-05-10,,0
5430,Paid Search,10,38.85,388.5,89,2,42.6,2026-01-19,2026-08-07,1
5431,Organic,5,18.47,92.35,164,1,10.6,2026-04-10,,0
5432,Social Media,11,176.54,1941.94,57,0,50.2,2026-01-31,,0
5433,Social Media,1,33.62,33.62,103,2,0.0,2025-10-28,,0
5434,Paid Search,3,13.1,39.3,125,5,32.7,2025-11-17,,0
5435,Paid Search,14,52.86,740.04,84,0,46.0,2026-01-16,2026-06-15,1
5436,Social Media,1,14.64,14.64,87,1,14.7,2026-07-27,,0
5437,Organic,12,62.65,751.8,110,7,15.8,2025-12-02,,0
5438,Email,10,73.35,733.5,83,3,50.8,2026-05-02,,0
5439,Organic,10,31.46,314.6,13,2,83.1,2026-04-02,,0
5440,Organic,7,17.54,122.78,0,1,68.7,2025-12-20,2026-06-11,1
5441,Organic,11,56.78,624.58,63,0,72.2,2025-11-01,,0
5442,Email,13,68.38,888.94,97,4,18.5,2025-12-15,,0
5443,Email,10,44.93,449.3,12,0,66.1,2026-05-14,,0
5444,Organic,10,33.99,339.9,55,2,83.0,2026-03-20,,0
5445,Organic,1,11.23,11.23,165,1,17.1,2026-04-21,,0
5446,Paid Search,13,128.46,1669.98,72,3,59.1,2026-03-16,,0
5447,Organic,11,54.14,595.54,74,1,83.7,2025-11-28,,0
5448,Social Media,5,140.35,701.75,147,0,37.9,2025-09-13,,0
5449,Organic,18,54.57,982.26,84,1,100.0,2026-04-11,2026-07-07,1
5450,Paid Search,13,120.2,1562.6,96,2,81.7,2026-05-04,,0
5451,Paid Search,8,31.71,253.68,63,2,55.5,2025-10-13,,0
5452,Paid Search,11,34.39,378.29,6,1,91.2,2026-07-08,,0
5453,Paid Search,18,26.5,477.0,42,0,43.1,2026-04-11,,0
5454,Organic,4,10.23,40.92,133,2,24.2,2025-09-18,2025-11-03,1
5455,Organic,1,10.0,10.0,78,3,56.5,2025-10-14,,0
5456,Organic,4,26.61,106.44,43,1,100.0,2025-11-09,,0
5457,Organic,1,57.94,57.94,80,1,25.9,2025-10-11,,0
5458,Email,5,17.52,87.6,76,3,61.3,2026-06-06,,0
5459,Organic,2,14.64,29.28,73,0,64.8,2026-08-10,,0
5460,Paid Search,1,24.29,24.29,109,3,51.4,2025-10-23,,0
5461,Organic,5,36.5,182.5,102,2,34.3,2026-03-05,2026-06-25,1
5462,Social Media,5,22.23,111.15,75,2,76.4,2026-05-31,,0
5463,Email,15,50.0,750.0,74,2,38.3,2026-03-10,,0
5464,Social Media,9,26.02,234.18,91,2,37.5,2025-11-02,2026-07-06,1
5465,Social Media,14,29.74,416.36,56,4,74.5,2026-03-05,,0
5466,Email,6,24.12,144.72,105,2,9.7,2026-01-14,2026-04-18,1
5467,Paid Search,12,20.0,240.0,55,2,75.5,2026-02-25,,0
5468,Email,12,10.0,120.0,49,2,32.2,2026-03-08,,0
5469,Social Media,10,21.23,212.3,73,4,53.2,2025-09-18,2026-08-19,1
5470,Organic,8,21.4,171.2,99,3,50.2,2025-09-27,2025-11-16,1
5471,Paid Search,21,13.95,292.95,83,2,79.2,2026-03-30,,0
5472,Organic,8,67.93,543.44,132,9,32.8,2025-11-09,2026-02-25,1
5473,Organic,3,40.58,121.74,105,7,59.8,2025-12-11,2026-03-21,1
5474,Email,13,18.12,235.56,28,0,56.3,2026-07-15,,0
5475,Organic,7,10.0,70.0,76,2,64.3,2025-10-26,,0
5476,Social Media,13,57.44,746.72,73,1,29.4,2025-12-17,2026-07-25,1
5477,Email,11,103.58,1139.38,27,0,92.4,2025-10-23,,0
5478,Paid Search,2,25.29,50.58,82,1,43.4,2025-11-16,,0
5479,Paid Search,13,137.41,1786.33,80,1,71.3,2025-09-24,2026-05-19,1
5480,Social Media,11,36.22,398.42,69,7,12.9,2026-02-15,,0
5481,Email,18,35.17,633.06,6,0,83.4,2026-08-09,,0
5482,Organic,11,77.54,852.94,87,2,37.6,2026-05-23,,0
5483,Organic,10,55.87,558.7,54,4,40.4,2026-07-09,,0
5484,Social Media,3,16.67,50.01,128,5,26.0,2026-06-07,2026-06-30,1
5485,Email,10,28.02,280.2,62,2,61.3,2026-02-04,,0
5486,Organic,7,83.81,586.67,82,3,21.8,2025-09-10,2025-11-23,1
5487,Paid Search,20,62.01,1240.2,11,1,79.6,2025-11-26,,0
5488,Email,8,127.78,1022.24,45,7,60.3,2026-03-25,,0
5489,Organic,4,43.97,175.88,169,3,43.4,2026-03-06,,0
5490,Organic,16,58.63,938.08,80,4,48.9,2026-02-23,,0
5491,Social Media,7,20.86,146.02,102,1,80.9,2026-04-04,,0
5492,Organic,1,84.41,84.41,158,6,0.0,2026-01-25,2026-01-27,1
5493,Organic,11,10.0,110.0,97,3,64.0,2025-09-22,,0
5494,Social Media,4,51.79,207.16,142,6,12.1,2026-07-26,,0
5495,Social Media,6,69.74,418.44,42,1,61.2,2026-04-24,,0
5496,Paid Search,16,60.11,961.76,62,1,92.2,2026-08-02,,0
5497,Paid Search,15,27.83,417.45,60,0,66.6,2025-10-25,,0
5498,Social Media,22,25.77,566.94,33,1,76.6,2026-06-20,,0
5499,Social Media,12,37.26,447.12,78,0,77.4,2026-01-05,,0
5500,Email,7,16.17,113.19,1,3,38.8,2026-08-08,,0
5501,Social Media,7,46.72,327.04,96,4,26.8,2026-03-10,,0
5502,Social Media,12,16.8,201.6,79,1,63.5,2025-10-08,2026-03-26,1
5503,Email,19,22.32,424.08,67,1,76.1,2025-09-18,,0
5504,Email,9,17.78,160.02,80,4,35.3,2026-07-08,,0
5505,Organic,18,207.19,3729.42,9,0,100.0,2026-01-02,,0
5506,Email,8,64.87,518.96,131,5,48.6,2026-06-10,,0
5507,Email,14,11.42,159.88,62,0,93.6,2025-12-08,,0
5508,Paid Search,3,51.01,153.03,91,4,40.7,2026-02-16,2026-07-16,1
5509,Organic,10,83.27,832.7,145,0,44.5,2025-11-13,,0
5510,Social Media,8,52.82,422.56,74,1,42.1,2025-10-08,,0
5511,Paid Search,10,38.37,383.7,80,2,12.2,2026-04-24,,0
5512,Social Media,15,26.58,398.7,18,3,100.0,2026-08-14,,0
5513,Paid Search,2,46.7,93.4,113,2,11.9,2026-05-08,2026-06-14,1
5514,Organic,7,79.47,556.29,114,4,17.4,2026-06-14,,0
5515,Organic,13,55.64,723.32,39,1,100.0,2026-07-17,,0
5516,Email,18,52.56,946.08,35,2,81.3,2025-12-13,,0
5517,Organic,11,45.81,503.91,103,3,31.8,2025-10-06,,0
5518,Social Media,16,89.83,1437.28,64,3,66.9,2026-02-23,2026-05-10,1
5519,Organic,9,106.67,960.03,36,3,50.9,2026-02-18,,0
5520,Paid Search,11,48.32,531.52,7,3,70.4,2026-01-27,,0
5521,Paid Search,6,110.36,662.16,97,3,47.1,2025-10-08,,0
5522,Organic,6,12.87,77.22,98,5,6.3,2026-08-25,2026-08-26,1
5523,Social Media,5,52.13,260.65,87,5,45.7,2026-02-20,,0
5524,Social Media,20,53.54,1070.8,63,2,94.7,2025-10-19,,0
5525,Organic,5,30.84,154.2,132,8,25.5,2026-07-03,2026-08-12,1
5526,Paid Search,9,19.59,176.31,14,3,37.2,2026-02-01,,0
5527,Social Media,15,21.21,318.15,72,0,40.4,2026-08-29,,0
5528,Social Media,6,94.9,569.4,151,1,14.2,2025-10-31,2026-02-09,1
5529,Paid Search,10,85.75,857.5,68,1,100.0,2026-01-04,,0
5530,Social Media,1,61.68,61.68,137,3,17.5,2025-09-14,,0
5531,Organic,17,17.13,291.21,19,2,81.5,2026-05-14,,0
5532,Organic,23,88.88,2044.24,29,2,68.2,2025-12-07,,0
5533,Social Media,15,16.53,247.95,68,0,69.2,2025-11-24,,0
5534,Social Media,22,45.33,997.26,10,0,94.4,2026-08-20,,0
5535,Email,9,37.48,337.32,107,7,65.6,2025-11-27,2026-04-11,1
5536,Organic,7,31.75,222.25,108,5,44.8,2025-12-15,2026-02-03,1
5537,Paid Search,13,60.7,789.1,43,4,79.7,2026-01-19,,0
5538,Social Media,16,60.69,971.04,10,1,100.0,2026-02-07,,0
5539,Organic,18,29.73,535.14,58,2,89.6,2025-11-12,,0
5540,Paid Search,13,37.97,493.61,39,0,87.7,2026-07-25,,0
5541,Social Media,14,84.8,1187.2,52,3,59.6,2026-04-10,2026-07-28,1
5542,Organic,20,10.0,200.0,45,1,82.4,2026-05-25,,0
5543,Paid Search,2,63.6,127.2,144,4,0.0,2025-10-27,,0
5544,Organic,4,74.7,298.8,175,6,27.5,2026-07-01,2026-08-18,1
5545,Email,5,65.74,328.7,155,4,19.9,2026-08-09,2026-08-17,1
5546,Organic,7,61.72,432.04,94,2,51.6,2025-09-28,,0
5547,Organic,5,39.1,195.5,72,4,32.7,2026-04-09,,0
5548,Organic,9,75.07,675.63,112,5,20.7,2025-11-14,2025-12-23,1
5549,Organic,10,32.96,329.6,93,5,40.3,2026-06-07,,0
5550,Organic,8,17.03,136.24,110,3,68.1,2025-12-19,2026-02-02,1
5551,Social Media,7,62.8,439.6,59,2,46.1,2025-09-28,2026-03-13,1
5552,Organic,16,66.43,1062.88,70,3,32.2,2025-11-26,,0
5553,Organic,13,92.35,1200.55,97,1,49.1,2026-05-16,,0
5554,Organic,8,114.89,919.12,27,3,63.7,2026-01-24,,0
5555,Paid Search,1,10.0,10.0,112,3,18.0,2025-11-01,2025-12-18,1
5556,Organic,2,13.66,27.32,138,4,5.9,2025-10-23,2026-04-17,1
5557,Social Media,5,83.45,417.25,91,4,2.9,2026-05-14,,0
5558,Social Media,6,21.76,130.56,70,2,24.4,2026-06-09,2026-07-02,1
5559,Social Media,14,45.76,640.64,29,1,70.8,2026-03-26,,0
5560,Organic,7,71.68,501.76,114,2,17.8,2026-06-01,,0
5561,Email,11,44.88,493.68,105,5,41.5,2025-12-12,2026-03-09,1
5562,Social Media,11,72.1,793.1,105,2,39.3,2026-01-28,2026-07-19,1
5563,Organic,10,25.49,254.9,87,2,61.4,2026-03-09,2026-06-25,1
5564,Paid Search,2,53.83,107.66,95,2,51.0,2025-11-09,,0
5565,Social Media,20,57.82,1156.4,37,1,41.6,2026-06-14,,0
5566,Paid Search,9,88.87,799.83,61,3,45.1,2025-10-30,,0
5567,Paid Search,13,87.57,1138.41,68,3,62.1,2026-02-07,,0
5568,Social Media,9,24.35,219.15,120,1,36.5,2025-09-09,,0
5569,Organic,8,10.0,80.0,82,4,56.8,2026-01-25,,0
5570,Email,7,72.84,509.88,107,4,48.4,2025-11-26,,0
5571,Organic,5,15.4,77.0,145,2,36.0,2026-06-23,,0
5572,Organic,1,78.47,78.47,146,8,33.0,2026-06-08,2026-06-23,1
5573,Organic,6,78.73,472.38,153,5,26.6,2026-02-09,,0
5574,Paid Search,6,33.34,200.04,33,2,48.7,2026-06-08,2026-08-06,1
5575,Email,11,10.0,110.0,126,3,0.0,2026-08-15,2026-08-29,1
5576,Email,14,79.52,1113.28,56,1,82.1,2026-03-22,,0
5577,Email,10,94.2,942.0,110,2,51.4,2026-05-27,2026-07-21,1
5578,Paid Search,8,97.84,782.72,6,1,83.7,2026-01-06,,0
5579,Paid Search,3,115.86,347.58,94,4,43.0,2026-02-02,,0
5580,Paid Search,12,20.87,250.44,58,7,36.9,2026-02-25,2026-05-31,1
5581,Organic,21,47.44,996.24,136,3,30.7,2025-11-01,,0
5582,Email,15,48.01,720.15,104,2,48.8,2026-08-07,,0
5583,Paid Search,14,36.14,505.96,92,1,72.6,2025-11-18,,0
5584,Paid Search,10,66.83,668.3,109,2,36.9,2026-03-09,,0
5585,Paid Search,7,24.89,174.23,92,1,42.2,2025-12-20,,0
5586,Social Media,16,11.25,180.0,73,2,39.6,2025-11-06,,0
5587,Organic,3,10.0,30.0,106,2,39.8,2026-05-13,,0
5588,Social Media,4,82.4,329.6,97,2,68.7,2026-06-05,,0
5589,Social Media,6,10.0,60.0,43,1,56.2,2025-11-30,,0
5590,Email,14,50.3,704.2,63,3,36.6,2026-01-12,,0
5591,Organic,17,19.06,324.02,11,0,98.3,2026-06-25,,0
5592,Organic,16,15.78,252.48,17,0,74.2,2026-05-25,,0
5593,Paid Search,10,40.93,409.3,33,3,78.1,2025-10-24,,0
5594,Email,1,30.99,30.99,104,3,31.5,2026-02-10,,0
5595,Email,8,10.0,80.0,67,0,42.5,2025-10-03,,0
5596,Social Media,10,51.94,519.4,73,1,66.1,2025-12-19,,0
5597,Organic,1,25.51,25.51,123,5,12.2,2026-06-17,,0
5598,Organic,10,14.37,143.7,122,1,49.3,2026-06-17,,0
5599,Social Media,3,130.25,390.75,69,3,42.0,2025-09-13,2026-05-04,1
5600,Organic,11,10.0,110.0,91,2,62.5,2025-12-05,2026-03-29,1
5601,Social Media,11,43.25,475.75,119,3,44.6,2026-01-27,,0
5602,Email,1,49.02,49.02,131,2,26.9,2025-12-28,,0
5603,Paid Search,6,129.23,775.38,111,3,7.7,2026-04-02,2026-05-24,1
5604,Paid Search,17,10.0,170.0,102,2,42.9,2026-05-09,2026-07-28,1
5605,Organic,9,97.66,878.94,51,0,77.4,2025-11-04,,0
5606,Organic,16,33.76,540.16,73,0,60.5,2025-10-09,,0
5607,Social Media,13,27.02,351.26,81,1,88.7,2025-10-05,,0
5608,Paid Search,13,60.85,791.05,63,6,38.4,2025-11-20,,0
5609,Organic,5,111.12,555.6,130,2,26.6,2025-10-17,,0
5610,Organic,6,26.31,157.86,53,3,37.0,2026-02-22,,0
5611,Organic,5,38.1,190.5,157,4,8.1,2026-05-10,2026-06-05,1
5612,Social Media,11,42.3,465.3,71,3,66.0,2026-08-01,2026-08-06,1
5613,Social Media,2,39.13,78.26,170,3,5.8,2026-05-11,2026-05-26,1
5614,Paid Search,2,71.98,143.96,88,5,30.5,2026-03-24,,0
5615,Paid Search,11,22.4,246.4,62,3,0.0,2026-08-01,,0
5616,Organic,16,26.17,418.72,122,0,84.3,2026-05-03,,0
5617,Paid Search,11,10.0,110.0,28,0,84.5,2025-09-27,,0
5618,Organic,8,59.67,477.36,50,4,69.6,2026-05-28,,0
5619,Email,6,49.08,294.48,129,2,46.8,2026-04-10,,0
5620,Organic,10,108.05,1080.5,80,2,98.5,2026-01-09,,0
5621,Paid Search,2,25.52,51.04,72,0,43.6,2025-10-12,,0
5622,Organic,3,145.88,437.64,110,2,9.2,2025-09-29,2025-10-24,1
5623,Social Media,3,78.34,235.02,123,2,38.1,2025-11-08,,0
5624,Organic,1,75.28,75.28,69,3,41.5,2026-07-09,,0
5625,Email,12,36.6,439.2,40,2,57.0,2026-07-22,,0
5626,Organic,13,22.71,295.23,133,3,55.8,2025-12-04,,0
5627,Email,8,32.93,263.44,114,3,31.2,2025-10-12,2026-04-15,1
5628,Social Media,7,102.87,720.09,72,8,51.5,2026-01-17,,0
5629,Organic,7,18.06,126.42,21,3,64.2,2025-10-02,,0
5630,Organic,15,29.61,444.15,75,2,84.5,2025-12-31,,0
5631,Paid Search,9,43.44,390.96,32,2,49.2,2026-04-25,,0
5632,Email,12,27.54,330.48,72,2,75.0,2025-10-27,,0
5633,Email,20,32.46,649.2,110,0,84.0,2025-11-28,2026-04-26,1
5634,Organic,4,10.0,40.0,144,2,51.8,2026-04-16,2026-06-15,1
5635,Paid Search,1,30.08,30.08,92,4,49.7,2026-01-28,,0
5636,Organic,6,44.53,267.18,101,3,68.1,2026-02-01,2026-07-19,1
5637,Organic,16,42.57,681.12,66,2,96.1,2026-07-26,,0
5638,Social Media,16,35.82,573.12,16,0,97.4,2026-05-22,,0
5639,Paid Search,1,38.13,38.13,167,4,12.8,2026-06-09,2026-07-17,1
5640,Organic,1,107.49,107.49,152,4,43.8,2026-05-20,,0
5641,Email,4,26.96,107.84,80,4,22.4,2026-02-21,,0
5642,Social Media,8,45.18,361.44,55,4,97.2,2026-02-25,,0
5643,Social Media,14,54.0,756.0,62,1,42.0,2025-10-22,2026-02-05,1
5644,Organic,8,14.11,112.88,76,3,54.4,2026-08-29,,0
5645,Email,9,23.97,215.73,56,0,59.1,2025-11-04,,0
5646,Social Media,8,30.28,242.24,66,2,52.5,2026-06-02,,0
5647,Paid Search,14,46.11,645.54,50,2,78.1,2026-04-25,,0
5648,Organic,13,98.43,1279.59,75,1,53.5,2026-07-07,,0
5649,Email,16,24.03,384.48,40,1,100.0,2026-08-27,,0
5650,Paid Search,13,97.59,1268.67,45,3,49.1,2026-07-19,2026-08-06,1
5651,Email,11,65.09,715.99,35,2,50.9,2026-06-11,,0
5652,Social Media,6,145.34,872.04,56,2,42.2,2026-04-13,,0
5653,Social Media,7,10.0,70.0,81,1,56.2,2026-05-10,2026-07-24,1
5654,Social Media,8,185.72,1485.76,61,1,65.8,2026-07-24,,0
5655,Email,18,10.0,180.0,96,2,62.4,2026-04-30,,0
5656,Organic,9,10.0,90.0,45,1,100.0,2026-07-06,,0
5657,Organic,10,22.3,223.0,84,3,53.1,2025-12-25,,0
5658,Social Media,7,68.52,479.64,84,5,47.7,2025-12-30,,0
5659,Paid Search,1,27.23,27.23,132,6,0.3,2026-08-09,2026-08-14,1
5660,Social Media,12,25.1,301.2,119,4,47.1,2026-01-06,,0
5661,Social Media,12,117.67,1412.04,48,1,88.9,2025-10-04,,0
5662,Paid Search,13,10.0,130.0,28,2,54.1,2025-09-21,,0
5663,Social Media,12,95.8,1149.6,98,1,79.3,2026-08-11,,0
5664,Paid Search,12,29.47,353.64,137,3,22.6,2025-09-30,,0
5665,Email,13,11.05,143.65,64,1,16.0,2026-04-05,,0
5666,Organic,12,25.33,303.96,79,1,61.7,2025-10-17,2026-03-09,1
5667,Social Media,8,32.42,259.36,77,3,47.0,2026-06-18,2026-07-27,1
5668,Email,11,24.62,270.82,106,0,49.9,2025-12-22,,0
5669,Organic,8,86.78,694.24,60,1,10.8,2025-11-12,2026-04-14,1
5670,Paid Search,2,22.01,44.02,124,0,28.9,2026-05-26,,0
5671,Paid Search,16,59.1,945.6,50,1,55.2,2025-12-05,,0
5672,Social Media,8,36.81,294.48,51,5,46.9,2026-06-27,,0
5673,Paid Search,1,53.02,53.02,169,2,0.0,2025-12-15,,0
5674,Organic,1,51.89,51.89,63,4,64.3,2025-09-19,,0
5675,Email,7,35.14,245.98,89,3,47.7,2026-05-14,,0
5676,Organic,5,105.97,529.85,74,0,74.2,2025-09-15,2026-04-04,1
5677,Paid Search,4,110.07,440.28,94,2,42.4,2025-12-31,,0
5678,Social Media,10,69.67,696.7,27,2,41.9,2026-02-28,,0
5679,Organic,6,79.29,475.74,139,9,18.4,2026-05-04,,0
5680,Organic,15,66.39,995.85,83,6,70.9,2026-02-12,,0
5681,Email,16,39.75,636.0,27,0,71.8,2025-09-06,,0
5682,Social Media,16,26.37,421.92,99,1,57.1,2026-08-30,,0
5683,Organic,14,10.0,140.0,31,0,55.1,2025-10-19,,0
5684,Social Media,14,11.53,161.42,67,1,73.1,2026-07-08,,0
5685,Paid Search,17,10.0,170.0,99,4,47.7,2025-10-16,2026-01-16,1
5686,Organic,8,20.99,167.92,35,3,40.0,2026-02-13,,0
5687,Social Media,4,55.93,223.72,141,3,78.5,2025-10-07,,0
5688,Paid Search,5,29.44,147.2,134,2,0.0,2026-06-26,2026-06-28,1
5689,Organic,6,73.67,442.02,131,2,30.3,2026-08-14,,0
5690,Email,8,19.38,155.04,118,5,27.3,2026-03-10,,0
5691,Organic,9,66.6,599.4,66,3,46.0,2025-11-20,2026-05-09,1
5692,Organic,8,10.0,80.0,55,6,42.3,2025-11-14,,0
5693,Organic,11,100.87,1109.57,121,11,15.8,2025-11-25,2026-01-08,1
5694,Social Media,2,10.52,21.04,120,7,50.7,2025-11-12,2026-02-16,1
5695,Social Media,13,51.67,671.71,48,2,26.4,2025-11-21,2026-04-14,1
5696,Email,12,24.38,292.56,41,5,74.4,2025-10-21,,0
5697,Organic,5,113.74,568.7,92,1,81.7,2026-06-30,,0
5698,Social Media,7,115.04,805.28,54,2,62.7,2026-06-06,,0
5699,Social Media,11,54.99,604.89,45,0,79.0,2026-08-30,,0
5700,Paid Search,5,50.76,253.8,133,5,18.1,2026-03-27,2026-04-23,1
5701,Organic,4,81.64,326.56,107,6,51.7,2026-05-28,2026-06-13,1
5702,Email,9,66.52,598.68,114,2,24.7,2026-01-15,,0
5703,Organic,2,78.52,157.04,86,3,55.5,2026-02-11,,0
5704,Social Media,22,22.31,490.82,41,1,57.6,2026-01-31,,0
5705,Paid Search,5,34.23,171.15,112,7,38.0,2026-01-03,2026-07-16,1
5706,Organic,10,40.49,404.9,77,3,35.1,2025-09-01,,0
5707,Email,9,101.29,911.61,41,2,74.2,2026-07-24,,0
5708,Email,12,13.31,159.72,20,1,56.6,2026-05-23,,0
5709,Paid Search,22,120.97,2661.34,77,4,52.2,2026-04-01,,0
5710,Social Media,1,37.83,37.83,133,0,26.0,2026-08-05,,0
5711,Paid Search,10,73.29,732.9,73,1,70.5,2025-11-06,2026-01-25,1
5712,Social Media,1,19.38,19.38,129,4,42.5,2026-04-12,2026-05-17,1
5713,Organic,5,20.88,104.4,60,7,45.8,2026-07-02,,0
5714,Paid Search,7,97.41,681.87,109,1,66.0,2026-02-23,,0
5715,Paid Search,9,65.31,587.79,74,2,68.1,2026-06-22,,0
5716,Paid Search,13,18.76,243.88,99,0,82.1,2026-04-12,,0
5717,Paid Search,4,33.32,133.28,57,0,71.5,2026-01-08,,0
5718,Organic,10,38.47,384.7,67,1,60.4,2026-05-07,,0
5719,Email,7,54.73,383.11,126,9,38.8,2025-11-01,2026-02-02,1
5720,Organic,4,10.0,40.0,57,0,46.6,2026-05-30,,0
5721,Organic,13,10.0,130.0,86,7,38.9,2026-07-21,,0
5722,Paid Search,14,49.38,691.32,15,0,85.5,2026-03-28,,0
5723,Social Media,8,22.46,179.68,111,2,41.4,2026-06-23,,0
5724,Organic,11,111.27,1223.97,19,1,72.7,2025-12-23,,0
5725,Paid Search,14,68.67,961.38,11,2,80.2,2026-02-21,,0
5726,Social Media,17,68.79,1169.43,59,3,50.2,2026-07-08,,0
5727,Organic,15,10.0,150.0,130,4,36.0,2026-05-01,,0
5728,Email,10,12.47,124.7,81,3,31.1,2025-10-20,,0
5729,Paid Search,12,31.72,380.64,107,1,46.6,2025-11-06,2026-04-22,1
5730,Social Media,11,19.29,212.19,155,7,14.6,2026-01-09,2026-04-18,1
5731,Organic,9,61.56,554.04,117,2,61.2,2025-10-06,,0
5732,Social Media,19,69.36,1317.84,58,2,83.8,2026-07-23,2026-08-23,1
5733,Email,14,60.27,843.78,64,3,42.8,2025-12-07,2026-06-28,1
5734,Organic,5,77.52,387.6,164,5,32.2,2026-08-23,2026-08-26,1
5735,Organic,8,80.97,647.76,100,3,59.6,2026-01-25,,0
5736,Organic,7,203.45,1424.15,60,1,63.3,2026-08-13,,0
5737,Organic,7,23.66,165.62,160,2,17.4,2026-04-29,,0
5738,Email,8,38.62,308.96,52,0,91.4,2026-07-30,,0
5739,Social Media,3,62.43,187.29,54,1,31.1,2026-05-31,2026-07-04,1
5740,Social Media,9,76.25,686.25,54,0,35.2,2026-01-09,,0
5741,Email,1,10.0,10.0,100,4,17.5,2025-11-19,,0
5742,Email,8,13.49,107.92,110,4,53.6,2025-09-22,,0
5743,Email,6,20.68,124.08,122,1,20.5,2025-09-05,,0
5744,Paid Search,14,31.29,438.06,100,2,67.8,2026-07-14,,0
5745,Paid Search,10,29.91,299.1,50,0,64.6,2025-09-30,,0
5746,Organic,11,97.82,1076.02,89,5,56.3,2026-05-20,,0
5747,Paid Search,15,48.74,731.1,0,1,71.3,2025-10-13,,0
5748,Paid Search,13,18.75,243.75,86,4,43.4,2025-10-19,2026-08-19,1
5749,Organic,1,57.86,57.86,147,2,0.0,2025-09-30,2026-02-23,1
5750,Paid Search,7,10.0,70.0,51,3,54.9,2026-02-28,2026-07-04,1
5751,Paid Search,19,44.79,851.01,32,0,91.9,2025-12-01,,0
5752,Paid Search,11,20.94,230.34,71,2,58.5,2026-03-29,2026-07-04,1
5753,Organic,1,80.52,80.52,130,2,0.0,2026-08-03,2026-08-08,1
5754,Paid Search,11,10.0,110.0,39,3,72.5,2026-03-12,,0
5755,Paid Search,4,45.16,180.64,64,4,82.1,2026-06-19,,0
5756,Social Media,6,10.0,60.0,72,1,42.8,2026-07-26,2026-08-19,1
5757,Social Media,1,89.18,89.18,110,3,11.3,2026-07-14,,0
5758,Organic,11,10.0,110.0,38,3,64.4,2026-06-12,,0
5759,Organic,9,36.68,330.12,75,6,45.1,2025-11-14,,0
5760,Paid Search,4,60.58,242.32,82,1,48.7,2025-09-14,2026-02-15,1
5761,Organic,17,55.87,949.79,0,1,84.5,2025-10-25,,0
5762,Paid Search,6,54.78,328.68,115,3,28.5,2026-01-09,,0
5763,Email,14,13.91,194.74,81,3,48.1,2025-10-13,,0
5764,Organic,9,18.04,162.36,91,6,50.6,2026-05-19,2026-07-25,1
5765,Paid Search,13,44.37,576.81,72,0,65.8,2025-10-04,,0
5766,Social Media,1,35.3,35.3,142,4,48.7,2025-09-20,,0
5767,Paid Search,3,11.63,34.89,104,2,36.1,2026-07-08,,0
5768,Organic,4,10.23,40.92,159,6,7.0,2026-04-08,2026-06-27,1
5769,Organic,7,20.07,140.49,106,4,36.2,2026-05-21,2026-07-28,1
5770,Email,8,24.56,196.48,92,3,41.9,2026-07-11,2026-08-09,1
5771,Organic,15,144.93,2173.95,70,4,62.3,2026-06-29,,0
5772,Social Media,16,104.8,1676.8,42,3,50.6,2025-09-13,,0
5773,Social Media,2,75.79,151.58,106,2,63.7,2026-06-26,,0
5774,Organic,16,107.82,1725.12,40,1,83.4,2025-12-31,2026-04-15,1
5775,Social Media,7,34.38,240.66,138,1,33.5,2025-10-17,,0
5776,Organic,1,17.36,17.36,161,8,3.7,2025-11-30,,0
5777,Organic,7,81.02,567.14,94,6,47.8,2026-03-19,2026-06-27,1
5778,Paid Search,2,49.71,99.42,113,3,46.5,2026-08-23,,0
5779,Email,12,42.89,514.68,45,2,13.0,2026-04-01,,0
5780,Organic,11,10.0,110.0,133,4,62.3,2026-05-20,,0
5781,Organic,3,90.35,271.05,66,4,27.0,2025-10-20,2026-04-19,1
5782,Email,12,56.85,682.2,45,4,92.6,2025-09-20,,0
5783,Organic,2,25.05,50.1,94,2,10.2,2026-06-08,,0
5784,Email,10,19.08,190.8,92,2,54.8,2026-07-06,,0
5785,Social Media,12,98.21,1178.52,29,2,94.3,2025-11-05,,0
5786,Social Media,1,24.68,24.68,73,5,21.1,2025-10-17,,0
5787,Social Media,11,22.12,243.32,77,4,55.5,2025-09-07,,0
5788,Social Media,14,97.05,1358.7,72,4,38.0,2025-11-23,,0
5789,Organic,9,98.28,884.52,32,3,53.4,2026-03-15,,0
5790,Email,10,34.47,344.7,62,2,62.1,2026-04-15,,0
5791,Email,5,161.8,809.0,109,3,19.0,2026-08-10,2026-08-12,1
5792,Email,6,38.35,230.1,124,2,63.0,2025-10-12,,0
5793,Social Media,7,10.69,74.83,55,0,81.0,2025-09-03,,0
5794,Paid Search,1,52.44,52.44,173,4,34.2,2025-09-29,2025-11-26,1
5795,Paid Search,12,10.0,120.0,35,1,86.4,2026-02-03,,0
5796,Organic,15,17.81,267.15,51,1,61.4,2025-10-19,,0
5797,Paid Search,7,45.79,320.53,90,4,33.1,2026-08-31,,0
5798,Social Media,10,56.24,562.4,36,2,29.4,2026-04-05,,0
5799,Social Media,2,64.13,128.26,87,0,23.4,2026-07-23,,0
5800,Paid Search,11,10.0,110.0,102,3,34.5,2026-01-29,2026-05-23,1
5801,Paid Search,4,138.68,554.72,143,0,19.8,2026-08-31,2026-08-31,1
5802,Social Media,20,32.64,652.8,62,2,38.2,2026-05-12,,0
5803,Paid Search,3,21.52,64.56,86,5,23.0,2026-03-31,2026-04-27,1
5804,Email,13,13.51,175.63,68,0,65.2,2026-07-15,,0
5805,Social Media,19,10.0,190.0,103,0,25.2,2026-07-31,2026-08-13,1
5806,Organic,11,49.61,545.71,86,2,82.0,2025-10-06,,0
5807,Organic,2,80.51,161.02,129,2,0.0,2026-05-24,2026-06-01,1
5808,Social Media,2,31.02,62.04,63,4,51.0,2025-09-07,,0
5809,Paid Search,16,17.99,287.84,89,3,18.6,2026-04-18,,0
5810,Email,5,71.8,359.0,74,3,51.4,2026-08-10,,0
5811,Organic,9,85.65,770.85,126,0,24.8,2026-07-25,,0
5812,Organic,12,45.14,541.68,39,0,66.1,2025-12-23,,0
5813,Paid Search,7,62.23,435.61,93,1,68.2,2026-08-27,,0
5814,Social Media,5,77.86,389.3,79,3,51.8,2025-09-19,,0
5815,Email,10,58.17,581.7,103,5,9.7,2026-05-30,2026-07-26,1
5816,Email,10,51.16,511.6,48,2,67.1,2026-01-22,,0
5817,Paid Search,7,74.03,518.21,56,1,58.3,2026-03-23,,0
5818,Email,15,51.64,774.6,46,2,58.9,2026-08-14,2026-08-20,1
5819,Organic,8,25.98,207.84,61,1,44.6,2025-12-18,,0
5820,Social Media,14,10.69,149.66,94,0,58.5,2026-08-26,,0
5821,Email,13,14.63,190.19,101,6,41.2,2025-11-14,2026-01-18,1
5822,Paid Search,14,42.02,588.28,57,3,81.2,2026-03-01,,0
5823,Email,1,29.02,29.02,132,3,38.3,2026-05-13,2026-06-30,1
5824,Organic,7,59.16,414.12,101,5,8.3,2025-09-22,2026-03-12,1
5825,Organic,10,28.11,281.1,132,0,58.8,2026-06-18,,0
5826,Paid Search,14,10.33,144.62,11,0,87.1,2026-05-22,2026-08-03,1
5827,Email,3,40.17,120.51,179,5,28.3,2026-01-08,2026-03-30,1
5828,Paid Search,9,11.3,101.7,69,1,80.8,2026-04-26,2026-07-04,1
5829,Email,7,22.79,159.53,64,2,31.4,2026-03-07,,0
5830,Organic,3,15.38,46.14,122,5,53.2,2025-11-14,,0
5831,Social Media,5,37.3,186.5,98,4,19.4,2025-10-02,,0
5832,Social Media,13,33.46,434.98,35,0,82.6,2025-11-12,2026-05-24,1
5833,Organic,17,48.39,822.63,64,0,68.6,2026-08-02,,0
5834,Social Media,5,37.15,185.75,60,2,30.4,2025-09-21,2026-02-01,1
5835,Social Media,20,41.95,839.0,49,5,60.3,2026-03-31,,0
5836,Paid Search,18,20.36,366.48,9,2,78.1,2025-10-29,,0
5837,Organic,9,27.55,247.95,66,1,53.6,2026-05-19,,0
5838,Organic,4,91.52,366.08,122,5,55.6,2026-01-27,,0
5839,Email,4,27.29,109.16,81,2,51.3,2025-09-13,,0
5840,Social Media,8,135.77,1086.16,86,5,45.5,2025-09-23,,0
5841,Email,3,45.99,137.97,118,2,22.2,2026-01-05,,0
5842,Social Media,10,85.96,859.6,82,4,26.7,2026-01-19,2026-03-21,1
5843,Email,4,43.69,174.76,82,4,55.5,2026-08-21,,0
5844,Organic,2,54.95,109.9,95,4,31.6,2026-01-24,2026-03-22,1
5845,Paid Search,12,30.86,370.32,82,1,52.7,2026-03-31,,0
5846,Social Media,9,11.23,101.07,69,3,50.2,2026-08-26,,0
5847,Organic,8,10.0,80.0,104,4,43.0,2025-09-20,2025-10-31,1
5848,Organic,8,43.55,348.4,120,4,45.5,2026-03-18,,0
5849,Social Media,9,72.01,648.09,67,0,25.1,2025-11-24,,0
5850,Email,18,39.19,705.42,45,0,94.6,2026-08-16,,0
5851,Social Media,7,82.35,576.45,90,8,7.3,2026-06-03,,0
5852,Organic,5,20.85,104.25,65,1,60.0,2025-10-07,,0
5853,Email,10,33.19,331.9,81,1,51.6,2025-09-23,,0
5854,Organic,14,16.42,229.88,57,2,49.7,2026-08-28,,0
5855,Organic,6,57.49,344.94,122,4,7.7,2025-10-10,2025-11-29,1
5856,Email,9,117.28,1055.52,124,3,43.5,2026-05-11,2026-05-26,1
5857,Social Media,11,138.13,1519.43,92,3,65.9,2026-06-14,2026-07-24,1
5858,Email,8,63.42,507.36,150,5,27.1,2025-09-02,2026-03-18,1
5859,Email,8,77.86,622.88,85,0,34.5,2026-02-17,,0
5860,Social Media,5,24.17,120.85,116,5,24.8,2025-11-14,2025-12-27,1
5861,Organic,2,16.43,32.86,203,8,8.0,2026-07-12,2026-08-13,1
5862,Paid Search,13,14.27,185.51,39,6,70.8,2025-11-28,2026-05-20,1
5863,Email,10,102.58,1025.8,82,3,27.8,2026-04-20,,0
5864,Email,14,89.57,1253.98,99,3,38.7,2025-12-14,,0
5865,Paid Search,18,170.67,3072.06,70,2,56.7,2026-01-04,2026-05-03,1
5866,Paid Search,17,19.35,328.95,44,2,95.5,2026-08-13,2026-08-26,1
5867,Organic,16,40.14,642.24,63,3,54.0,2025-10-16,,0
5868,Paid Search,3,10.0,30.0,92,4,52.1,2026-05-18,,0
5869,Email,1,10.0,10.0,132,4,27.9,2026-04-20,2026-07-15,1
5870,Organic,8,19.51,156.08,146,0,69.6,2025-11-13,,0
5871,Paid Search,3,33.55,100.65,163,4,9.0,2025-10-15,2026-05-11,1
5872,Email,5,10.61,53.05,117,6,13.7,2025-10-09,,0
5873,Paid Search,1,30.23,30.23,125,3,7.2,2026-03-18,,0
5874,Paid Search,8,99.58,796.64,178,7,27.3,2026-04-26,,0
5875,Paid Search,18,82.43,1483.74,52,2,55.6,2025-11-05,,0
5876,Organic,15,16.32,244.8,69,3,50.3,2026-05-29,,0
5877,Organic,8,95.9,767.2,84,1,9.1,2026-01-09,,0
5878,Organic,8,25.68,205.44,114,5,39.9,2026-06-06,,0
5879,Organic,6,12.89,77.34,101,4,53.4,2026-06-16,,0
5880,Organic,6,34.01,204.06,88,3,36.6,2026-02-12,,0
5881,Paid Search,21,44.07,925.47,85,2,52.4,2025-10-20,,0
5882,Organic,12,26.98,323.76,21,3,49.1,2026-05-17,,0
5883,Email,6,68.18,409.08,79,3,31.3,2025-12-09,,0
5884,Organic,14,32.19,450.66,78,4,32.9,2026-08-24,,0
5885,Paid Search,13,50.54,657.02,125,3,25.6,2025-12-20,2026-04-16,1
5886,Email,3,12.99,38.97,84,4,57.5,2026-04-11,,0
5887,Organic,2,32.82,65.64,138,6,0.0,2026-08-04,2026-08-19,1
5888,Paid Search,1,12.49,12.49,162,2,17.9,2026-02-10,2026-02-26,1
5889,Email,14,24.93,349.02,54,1,89.0,2026-06-05,,0
5890,Social Media,12,137.3,1647.6,105,7,58.7,2026-01-12,,0
5891,Organic,13,26.07,338.91,37,0,93.1,2026-08-16,,0
5892,Social Media,11,16.13,177.43,87,5,56.7,2026-04-28,2026-05-14,1
5893,Social Media,5,45.62,228.1,161,3,52.5,2026-06-06,,0
5894,Paid Search,19,33.78,641.82,73,1,48.1,2026-05-09,2026-07-22,1
5895,Organic,6,33.33,199.98,116,2,30.5,2026-08-29,,0
5896,Organic,13,56.64,736.32,73,2,94.6,2026-05-20,,0
5897,Email,12,20.62,247.44,55,2,43.1,2026-07-30,,0
5898,Paid Search,2,55.57,111.14,138,2,15.0,2026-01-16,,0
5899,Organic,1,52.11,52.11,114,2,8.2,2026-03-17,,0
5900,Paid Search,6,10.0,60.0,163,2,44.5,2026-05-20,2026-06-11,1
5901,Email,6,85.11,510.66,154,5,11.2,2026-01-18,,0
5902,Organic,1,47.07,47.07,129,3,39.2,2025-10-01,2026-01-29,1
5903,Organic,17,68.2,1159.4,21,0,100.0,2026-02-15,,0
5904,Paid Search,1,20.34,20.34,130,4,27.8,2026-05-21,2026-06-17,1
5905,Social Media,7,76.74,537.18,76,3,11.5,2026-04-06,2026-04-25,1
5906,Paid Search,8,171.32,1370.56,101,4,23.2,2025-11-16,,0
5907,Email,4,10.0,40.0,130,4,40.6,2026-07-26,2026-08-10,1
5908,Organic,1,77.64,77.64,101,8,10.2,2026-05-07,,0
5909,Paid Search,14,38.08,533.12,40,0,53.4,2026-03-13,2026-06-28,1
5910,Paid Search,3,25.29,75.87,105,4,37.0,2026-01-12,,0
5911,Paid Search,5,67.09,335.45,126,2,36.5,2026-02-02,2026-06-18,1
5912,Paid Search,7,81.95,573.65,97,1,46.3,2025-12-19,2026-03-22,1
5913,Social Media,10,91.23,912.3,33,0,71.8,2025-09-22,,0
5914,Paid Search,6,29.77,178.62,136,5,45.7,2026-06-29,2026-07-29,1
5915,Social Media,9,111.75,1005.75,99,3,36.0,2026-03-09,,0
5916,Organic,11,75.36,828.96,90,1,73.7,2026-04-15,,0
5917,Social Media,19,23.3,442.7,89,2,54.3,2026-07-30,,0
5918,Paid Search,7,46.97,328.79,86,1,41.2,2026-07-16,,0
5919,Paid Search,13,48.28,627.64,49,2,73.0,2026-01-14,,0
5920,Organic,1,29.43,29.43,88,6,8.7,2026-02-26,,0
5921,Email,1,37.6,37.6,167,4,29.0,2026-05-17,,0
5922,Email,19,24.5,465.5,27,1,83.3,2025-10-04,,0
5923,Email,10,214.38,2143.8,105,1,79.2,2026-05-10,,0
5924,Email,4,69.36,277.44,78,2,29.4,2026-01-26,,0
5925,Organic,7,37.83,264.81,52,2,73.4,2025-09-05,,0
5926,Paid Search,7,10.0,70.0,69,2,53.6,2025-12-18,,0
5927,Paid Search,8,95.69,765.52,38,0,95.9,2025-12-09,,0
5928,Email,8,52.04,416.32,82,2,68.2,2026-05-20,,0
5929,Organic,11,13.0,143.0,100,3,42.7,2025-10-02,,0
5930,Organic,5,16.69,83.45,107,4,24.3,2026-03-14,,0
5931,Social Media,21,32.94,691.74,0,1,68.8,2026-05-13,2026-08-03,1
5932,Organic,14,50.75,710.5,71,1,52.2,2025-12-04,,0
5933,Social Media,17,60.95,1036.15,0,1,88.3,2026-02-19,,0
5934,Organic,12,47.08,564.96,90,3,21.8,2026-07-15,,0
5935,Social Media,9,67.72,609.48,69,3,68.7,2026-08-24,,0
5936,Email,13,26.92,349.96,57,0,64.2,2026-07-18,,0
5937,Social Media,14,39.14,547.96,85,2,71.7,2026-07-04,2026-08-16,1
5938,Organic,19,84.8,1611.2,75,1,43.5,2026-06-11,,0
5939,Organic,9,70.9,638.1,117,1,58.9,2026-04-27,,0
5940,Organic,13,46.43,603.59,36,3,96.3,2026-06-06,,0
5941,Organic,13,57.99,753.87,77,3,72.4,2025-10-06,,0
5942,Social Media,10,27.19,271.9,102,5,90.6,2025-09-14,,0
5943,Paid Search,17,10.0,170.0,0,0,92.7,2025-09-11,,0
5944,Organic,12,113.25,1359.0,60,3,68.3,2026-07-05,,0
5945,Organic,13,29.86,388.18,34,3,83.0,2026-02-18,,0
5946,Email,12,31.15,373.8,94,3,66.5,2026-07-24,,0
5947,Organic,7,183.39,1283.73,21,0,43.7,2025-12-16,,0
5948,Paid Search,3,10.0,30.0,159,11,0.0,2026-07-12,2026-07-23,1
5949,Paid Search,15,30.85,462.75,25,0,74.7,2026-05-18,,0
5950,Organic,15,93.4,1401.0,147,6,39.9,2026-06-18,,0
5951,Email,9,142.29,1280.61,105,5,34.9,2026-03-09,,0
5952,Organic,14,65.1,911.4,50,2,83.5,2026-04-19,,0
5953,Social Media,1,84.97,84.97,104,2,34.4,2026-02-15,2026-04-25,1
5954,Social Media,20,39.52,790.4,39,1,65.2,2026-06-21,,0
5955,Email,6,10.0,60.0,72,2,49.4,2026-02-27,2026-07-31,1
5956,Social Media,3,78.3,234.9,80,7,2.7,2026-07-30,,0
5957,Social Media,12,38.27,459.24,112,2,40.2,2026-08-16,,0
5958,Paid Search,12,33.19,398.28,55,3,56.2,2026-07-13,,0
5959,Paid Search,11,29.62,325.82,98,0,29.9,2026-05-26,,0
5960,Social Media,9,51.47,463.23,98,2,66.7,2025-11-16,2026-03-12,1
5961,Social Media,13,65.67,853.71,78,2,70.6,2026-05-03,,0
5962,Paid Search,11,44.91,494.01,33,2,70.2,2026-02-23,2026-05-28,1
5963,Organic,7,67.66,473.62,129,4,38.4,2025-12-27,,0
5964,Organic,15,10.0,150.0,41,0,73.4,2025-12-02,,0
5965,Paid Search,20,29.52,590.4,6,0,71.9,2026-01-30,,0
5966,Organic,15,14.27,214.05,23,1,95.9,2026-06-28,,0
5967,Paid Search,4,17.78,71.12,125,5,44.7,2026-01-02,,0
5968,Organic,11,52.03,572.33,74,1,96.4,2026-05-12,,0
5969,Social Media,12,46.31,555.72,81,1,59.8,2026-01-28,2026-03-24,1
5970,Social Media,1,18.68,18.68,109,5,8.4,2025-09-07,,0
5971,Social Media,1,35.74,35.74,91,5,30.8,2026-08-05,,0
5972,Social Media,9,48.51,436.59,132,4,35.5,2026-07-31,,0
5973,Organic,16,64.96,1039.36,42,1,71.4,2026-06-01,,0
5974,Organic,10,72.38,723.8,25,1,100.0,2026-03-24,,0
5975,Social Media,6,10.0,60.0,178,2,28.1,2026-03-10,,0
5976,Email,11,10.0,110.0,60,2,51.3,2026-05-16,,0
5977,Social Media,1,10.19,10.19,158,5,0.0,2025-10-07,2026-01-27,1
5978,Social Media,16,10.0,160.0,6,2,62.6,2026-08-29,,0
5979,Social Media,3,116.8,350.4,56,4,37.0,2026-02-14,2026-04-27,1
5980,Social Media,2,33.06,66.12,123,4,58.4,2026-02-11,,0
5981,Social Media,7,10.97,76.79,78,0,69.4,2025-11-24,,0
5982,Social Media,10,42.03,420.3,93,2,74.6,2026-02-12,,0
5983,Organic,5,10.0,50.0,76,0,73.3,2026-07-13,,0
5984,Organic,9,18.73,168.57,201,4,19.2,2026-05-07,,0
5985,Paid Search,8,35.26,282.08,58,1,33.4,2026-06-29,,0
5986,Paid Search,4,10.0,40.0,119,3,16.3,2026-03-12,2026-06-08,1
5987,Social Media,4,28.73,114.92,117,5,0.0,2025-10-02,2026-02-17,1
5988,Paid Search,9,47.1,423.9,106,3,34.9,2026-04-10,,0
5989,Organic,13,71.26,926.38,86,2,47.0,2026-04-20,,0
5990,Social Media,1,55.31,55.31,104,5,24.2,2026-03-15,2026-06-08,1
5991,Organic,3,77.8,233.4,74,6,52.4,2026-07-02,,0
5992,Email,1,41.29,41.29,176,6,2.4,2025-10-26,,0
5993,Organic,15,77.21,1158.15,64,1,89.5,2026-01-01,,0
5994,Paid Search,1,35.37,35.37,85,4,16.5,2025-12-14,2026-02-18,1
5995,Paid Search,3,79.36,238.08,79,5,45.3,2026-04-26,2026-07-20,1
5996,Organic,9,23.87,214.83,133,2,30.2,2026-05-21,,0
5997,Organic,12,44.99,539.88,21,1,100.0,2026-03-11,,0
5998,Organic,1,145.94,145.94,154,5,8.7,2026-06-05,,0
5999,Paid Search,20,41.15,823.0,42,1,100.0,2026-08-24,,0
6000,Paid Search,11,74.99,824.89,8,2,57.6,2025-12-10,,0
