student_id,enrollment_type,tuition_per_term,lms_hours_weekly,assignments_submitted,advising_sessions_attended,tutoring_hours_used,days_since_last_login,enrollment_date,withdrawal_date,dropped_out
2001,Certificate,1200.0,8.7,12,0,7.7,14,2026-08-19,,0
2002,Certificate,1200.0,10.5,11,1,6.3,23,2026-03-05,,0
2003,Certificate,1200.0,9.0,14,1,4.3,16,2026-04-24,,0
2004,Undergraduate,4500.0,9.0,10,0,7.0,24,2026-04-21,,0
2005,Certificate,1200.0,12.5,6,2,23.0,14,2025-10-23,,0
2006,Undergraduate,4500.0,9.0,12,6,14.4,8,2026-04-09,,0
2007,Certificate,1200.0,5.7,10,1,20.3,29,2025-10-30,,0
2008,Undergraduate,4500.0,5.0,7,0,16.3,36,2025-10-04,,0
2009,Graduate,6000.0,12.5,8,1,28.0,27,2026-03-18,,0
2010,Undergraduate,4500.0,9.0,16,3,26.2,11,2026-07-01,2026-08-18,1
2011,Certificate,1200.0,4.5,3,0,18.6,28,2025-12-20,2026-05-11,1
2012,Undergraduate,4500.0,7.2,11,1,12.2,26,2025-10-21,,0
2013,Certificate,1200.0,13.8,17,0,17.9,0,2026-04-05,,0
2014,Undergraduate,4500.0,6.8,11,1,10.6,41,2026-06-21,,0
2015,Undergraduate,4500.0,9.2,18,1,14.4,15,2026-02-22,,0
2016,Undergraduate,4500.0,9.8,9,0,8.9,44,2025-09-07,2026-05-08,1
2017,Certificate,1200.0,2.8,8,1,9.6,25,2026-02-24,,0
2018,Graduate,6000.0,5.2,7,1,5.8,18,2026-03-21,,0
2019,Graduate,6000.0,4.4,20,1,5.4,20,2026-03-24,,0
2020,Undergraduate,4500.0,5.8,7,1,12.4,24,2025-12-07,,0
2021,Graduate,6000.0,11.9,12,0,10.4,17,2026-04-29,,0
2022,Graduate,6000.0,5.8,9,1,3.5,32,2025-12-08,,0
2023,Certificate,1200.0,12.2,16,2,13.2,9,2025-09-05,,0
2024,Undergraduate,4500.0,7.4,9,2,5.9,16,2025-11-23,,0
2025,Undergraduate,4500.0,16.0,15,1,18.5,18,2025-09-27,,0
2026,Undergraduate,4500.0,7.2,6,1,11.8,6,2025-11-16,,0
2027,Certificate,1200.0,0.0,9,0,9.7,25,2025-10-28,,0
2028,Graduate,6000.0,7.3,13,0,14.9,11,2026-08-17,,0
2029,Undergraduate,4500.0,4.9,13,1,9.0,27,2026-04-25,,0
2030,Undergraduate,4500.0,10.2,11,3,18.3,21,2026-05-24,,0
2031,Undergraduate,4500.0,6.2,9,0,1.5,35,2025-10-20,,0
2032,Undergraduate,4500.0,16.0,15,4,18.1,20,2026-06-09,,0
2033,Undergraduate,4500.0,9.4,8,0,10.6,36,2025-09-12,2025-12-10,1
2034,Graduate,6000.0,3.9,4,0,8.1,41,2025-12-20,2026-01-08,1
2035,Undergraduate,4500.0,17.2,15,0,7.6,33,2026-07-17,,0
2036,Undergraduate,4500.0,1.3,0,0,0.0,27,2025-12-25,2026-03-22,1
2037,Undergraduate,4500.0,0.0,4,1,1.8,32,2026-04-28,2026-05-13,1
2038,Undergraduate,4500.0,15.6,16,3,23.5,5,2026-05-15,,0
2039,Undergraduate,4500.0,1.5,11,1,10.4,31,2025-09-03,,0
2040,Certificate,1200.0,6.9,15,1,8.3,10,2025-11-15,2026-05-15,1
2041,Certificate,1200.0,11.7,14,1,6.2,21,2025-11-26,,0
2042,Undergraduate,4500.0,9.9,10,1,10.3,19,2026-05-10,,0
2043,Graduate,6000.0,6.3,9,0,5.3,31,2026-01-02,2026-07-22,1
2044,Undergraduate,4500.0,0.0,10,0,6.6,47,2026-04-28,,0
2045,Certificate,1200.0,4.1,10,0,10.6,45,2026-01-23,,0
2046,Undergraduate,4500.0,8.2,0,1,1.6,29,2026-04-08,2026-05-20,1
2047,Graduate,6000.0,12.2,16,4,20.0,13,2026-01-21,2026-07-03,1
2048,Undergraduate,4500.0,9.6,19,2,19.4,3,2025-12-03,,0
2049,Certificate,1200.0,0.0,3,0,0.0,29,2026-05-08,2026-06-14,1
2050,Undergraduate,4500.0,4.1,7,0,8.3,39,2026-08-27,2026-08-31,1
2051,Undergraduate,4500.0,14.8,17,2,19.9,0,2026-07-27,,0
2052,Undergraduate,4500.0,8.7,12,2,11.0,27,2025-10-05,,0
2053,Undergraduate,4500.0,7.3,10,2,4.4,20,2025-09-15,,0
2054,Certificate,1200.0,3.1,17,0,13.7,25,2025-12-22,,0
2055,Undergraduate,4500.0,10.6,12,1,15.7,4,2026-07-23,2026-08-18,1
2056,Undergraduate,4500.0,3.6,6,0,16.3,33,2026-01-29,,0
2057,Undergraduate,4500.0,5.0,7,0,0.5,36,2026-03-27,,0
2058,Certificate,1200.0,7.7,9,0,10.5,10,2026-06-06,,0
2059,Undergraduate,4500.0,7.6,12,0,13.0,11,2026-04-15,,0
2060,Undergraduate,4500.0,3.3,2,0,5.2,45,2025-11-18,,0
2061,Certificate,1200.0,20.5,20,3,18.4,11,2025-09-02,2026-07-23,1
2062,Undergraduate,4500.0,2.9,0,0,3.9,42,2025-10-17,,0
2063,Undergraduate,4500.0,1.4,0,0,0.0,33,2026-06-18,,0
2064,Undergraduate,4500.0,4.0,2,1,5.9,28,2026-03-01,2026-03-26,1
2065,Graduate,6000.0,0.4,9,0,3.8,34,2026-02-20,2026-04-23,1
2066,Graduate,6000.0,4.5,13,1,9.7,11,2026-05-17,,0
2067,Undergraduate,4500.0,0.0,16,0,17.7,23,2026-03-26,,0
2068,Certificate,1200.0,13.0,15,1,3.4,43,2026-04-15,,0
2069,Undergraduate,4500.0,10.1,8,0,6.0,32,2026-08-06,,0
2070,Certificate,1200.0,13.8,14,4,10.5,13,2026-04-02,,0
2071,Undergraduate,4500.0,5.7,12,2,7.8,21,2026-04-21,2026-06-17,1
2072,Graduate,6000.0,1.8,7,2,13.8,16,2026-05-12,,0
2073,Graduate,6000.0,2.8,3,1,5.4,41,2026-01-19,,0
2074,Undergraduate,4500.0,12.8,9,2,9.2,21,2025-12-15,,0
2075,Undergraduate,4500.0,11.8,11,1,21.9,20,2026-08-14,,0
2076,Certificate,1200.0,11.6,16,6,19.3,6,2026-04-29,,0
2077,Undergraduate,4500.0,4.1,12,2,16.6,45,2026-08-20,2026-08-27,1
2078,Certificate,1200.0,12.5,13,0,14.7,16,2025-11-05,2026-06-15,1
2079,Graduate,6000.0,5.9,7,1,0.0,30,2025-09-27,2026-01-23,1
2080,Graduate,6000.0,4.2,9,1,12.2,10,2026-03-15,,0
2081,Certificate,1200.0,2.4,2,2,1.6,38,2025-09-21,2026-01-24,1
2082,Undergraduate,4500.0,5.5,13,2,8.3,21,2026-01-14,,0
2083,Undergraduate,4500.0,7.2,10,0,17.4,15,2025-10-18,,0
2084,Graduate,6000.0,9.5,10,0,10.0,17,2025-09-19,,0
2085,Undergraduate,4500.0,10.4,15,0,25.4,21,2026-01-29,,0
2086,Certificate,1200.0,5.4,5,0,0.0,47,2026-03-22,2026-05-23,1
2087,Undergraduate,4500.0,8.5,15,0,5.6,10,2025-12-04,,0
2088,Certificate,1200.0,10.2,7,2,13.2,21,2026-06-30,,0
2089,Undergraduate,4500.0,7.8,12,6,10.1,34,2026-05-15,,0
2090,Certificate,1200.0,18.1,15,0,13.5,18,2026-02-12,,0
2091,Undergraduate,4500.0,7.0,9,1,11.0,21,2026-06-19,2026-08-09,1
2092,Graduate,6000.0,8.9,15,0,14.8,19,2026-03-03,,0
2093,Certificate,1200.0,9.6,17,0,15.4,0,2025-10-23,,0
2094,Undergraduate,4500.0,5.8,5,0,9.4,19,2025-11-19,2026-01-07,1
2095,Undergraduate,4500.0,0.0,7,0,9.3,29,2025-10-10,2025-12-07,1
2096,Certificate,1200.0,3.0,3,0,10.9,49,2025-10-22,,0
2097,Undergraduate,4500.0,7.6,19,3,16.7,14,2026-05-02,,0
2098,Undergraduate,4500.0,4.3,2,0,3.1,40,2025-12-14,2026-04-16,1
2099,Undergraduate,4500.0,2.3,9,1,5.9,25,2026-04-18,2026-07-23,1
2100,Graduate,6000.0,6.1,14,0,17.0,33,2025-09-11,2026-05-12,1
2101,Undergraduate,4500.0,6.6,13,0,9.9,30,2026-06-28,,0
2102,Undergraduate,4500.0,14.0,13,4,0.0,29,2026-05-25,2026-06-24,1
2103,Certificate,1200.0,9.6,14,1,7.5,14,2025-09-22,,0
2104,Certificate,1200.0,0.1,2,0,0.0,58,2026-06-05,,0
2105,Certificate,1200.0,2.7,5,2,7.6,31,2026-01-17,,0
2106,Graduate,6000.0,2.7,8,0,7.0,27,2026-05-17,,0
2107,Graduate,6000.0,7.4,10,0,15.4,27,2026-05-20,,0
2108,Graduate,6000.0,5.6,0,0,3.2,47,2025-12-30,2026-01-24,1
2109,Certificate,1200.0,4.6,7,0,15.1,23,2025-11-14,,0
2110,Undergraduate,4500.0,11.6,9,1,10.3,23,2026-06-08,,0
2111,Undergraduate,4500.0,9.2,11,0,10.9,32,2025-09-07,2026-01-01,1
2112,Undergraduate,4500.0,2.9,9,0,13.7,15,2026-07-30,,0
2113,Certificate,1200.0,2.9,6,1,0.0,20,2026-07-26,,0
2114,Graduate,6000.0,8.1,15,2,13.6,12,2025-09-09,2026-06-21,1
2115,Certificate,1200.0,13.8,17,2,16.0,11,2026-08-11,,0
2116,Certificate,1200.0,4.4,12,2,15.4,9,2026-05-09,,0
2117,Graduate,6000.0,8.9,17,3,8.6,8,2026-07-18,,0
2118,Undergraduate,4500.0,2.9,11,1,5.0,33,2026-06-11,,0
2119,Undergraduate,4500.0,11.4,13,0,14.4,13,2026-08-04,2026-08-19,1
2120,Undergraduate,4500.0,8.8,7,1,9.1,46,2026-04-23,,0
2121,Graduate,6000.0,14.2,14,5,19.4,18,2026-05-16,,0
2122,Certificate,1200.0,9.5,10,0,14.3,30,2026-07-05,,0
2123,Undergraduate,4500.0,9.5,12,3,12.7,4,2025-12-12,,0
2124,Undergraduate,4500.0,5.9,5,0,8.1,23,2026-08-18,2026-08-25,1
2125,Certificate,1200.0,7.4,13,1,13.5,16,2026-03-11,2026-07-26,1
2126,Undergraduate,4500.0,7.1,16,1,17.6,22,2026-05-12,,0
2127,Undergraduate,4500.0,2.0,0,0,4.9,35,2026-01-06,2026-06-29,1
2128,Certificate,1200.0,0.0,3,0,2.0,41,2026-04-30,,0
2129,Undergraduate,4500.0,11.0,17,1,16.7,2,2026-03-12,,0
2130,Undergraduate,4500.0,6.1,7,1,12.4,22,2025-11-08,,0
2131,Undergraduate,4500.0,7.7,3,3,12.8,26,2026-07-10,,0
2132,Undergraduate,4500.0,5.0,5,1,9.1,34,2026-03-25,2026-06-12,1
2133,Graduate,6000.0,9.9,10,1,21.5,12,2026-02-07,,0
2134,Undergraduate,4500.0,9.9,9,0,15.9,6,2025-12-06,,0
2135,Undergraduate,4500.0,10.2,18,0,13.0,0,2026-02-17,,0
2136,Undergraduate,4500.0,14.1,14,2,21.0,7,2025-12-06,2026-07-31,1
2137,Undergraduate,4500.0,0.2,6,0,4.9,44,2025-11-14,,0
2138,Certificate,1200.0,5.6,8,1,11.3,31,2025-11-17,2026-02-26,1
2139,Undergraduate,4500.0,16.2,4,0,18.6,13,2026-01-19,,0
2140,Certificate,1200.0,9.1,12,3,3.0,27,2025-09-30,,0
2141,Undergraduate,4500.0,10.7,11,1,20.1,22,2026-08-23,,0
2142,Graduate,6000.0,4.0,6,1,17.4,27,2026-03-02,2026-04-10,1
2143,Undergraduate,4500.0,8.4,5,2,10.0,28,2025-11-12,2026-04-08,1
2144,Undergraduate,4500.0,7.9,7,1,10.4,23,2026-07-25,,0
2145,Undergraduate,4500.0,4.8,2,0,2.1,39,2025-11-06,2025-11-21,1
2146,Undergraduate,4500.0,5.5,1,1,6.5,43,2026-08-17,,0
2147,Undergraduate,4500.0,10.7,14,0,13.7,31,2025-11-17,,0
2148,Undergraduate,4500.0,16.3,16,2,19.8,6,2026-06-24,,0
2149,Undergraduate,4500.0,12.7,14,1,19.4,14,2025-12-31,,0
2150,Certificate,1200.0,11.9,13,2,19.5,0,2025-11-02,,0
2151,Undergraduate,4500.0,7.4,9,0,10.8,37,2025-11-07,,0
2152,Undergraduate,4500.0,4.1,5,1,13.0,18,2026-02-03,2026-04-28,1
2153,Undergraduate,4500.0,9.9,16,1,10.9,14,2025-10-04,2026-06-01,1
2154,Graduate,6000.0,13.4,16,1,22.3,28,2026-07-11,,0
2155,Undergraduate,4500.0,3.9,11,0,21.5,13,2026-06-06,2026-07-02,1
2156,Undergraduate,4500.0,5.9,1,0,4.5,58,2026-07-14,2026-07-23,1
2157,Certificate,1200.0,4.0,7,2,16.7,28,2025-12-12,,0
2158,Undergraduate,4500.0,5.6,9,2,4.7,18,2025-10-10,,0
2159,Graduate,6000.0,9.1,14,5,12.8,10,2025-09-26,2026-05-12,1
2160,Graduate,6000.0,12.1,14,2,12.8,28,2026-02-23,,0
2161,Graduate,6000.0,6.1,9,3,16.4,28,2026-07-14,,0
2162,Certificate,1200.0,12.8,20,1,25.6,1,2026-06-30,,0
2163,Undergraduate,4500.0,12.2,12,2,16.0,6,2026-01-15,,0
2164,Graduate,6000.0,11.2,17,4,22.6,11,2025-10-08,,0
2165,Undergraduate,4500.0,1.6,2,0,13.5,33,2025-09-05,2026-03-19,1
2166,Undergraduate,4500.0,13.1,10,0,13.0,18,2025-12-11,,0
2167,Undergraduate,4500.0,0.0,4,0,4.1,51,2025-10-14,,0
2168,Undergraduate,4500.0,3.6,4,0,9.3,23,2026-03-10,2026-03-24,1
2169,Undergraduate,4500.0,11.0,13,1,12.3,13,2026-06-21,,0
2170,Certificate,1200.0,5.3,9,0,6.0,32,2026-03-15,,0
2171,Graduate,6000.0,0.0,7,1,15.4,31,2026-07-26,,0
2172,Graduate,6000.0,9.9,9,2,12.7,19,2025-12-29,,0
2173,Graduate,6000.0,6.2,4,1,12.9,14,2026-05-03,,0
2174,Undergraduate,4500.0,7.5,7,0,8.3,13,2026-04-30,,0
2175,Certificate,1200.0,6.3,6,1,6.2,31,2026-08-30,,0
2176,Undergraduate,4500.0,8.4,20,2,17.1,8,2025-09-01,,0
2177,Graduate,6000.0,0.4,4,0,11.3,28,2026-03-29,2026-04-14,1
2178,Undergraduate,4500.0,15.3,18,1,19.6,0,2025-11-18,,0
2179,Graduate,6000.0,8.7,13,2,20.0,23,2026-02-23,,0
2180,Undergraduate,4500.0,6.6,11,2,17.2,28,2026-01-10,,0
2181,Undergraduate,4500.0,4.7,3,0,4.9,31,2026-03-14,2026-06-22,1
2182,Undergraduate,4500.0,2.1,8,0,0.0,53,2025-12-24,2026-01-15,1
2183,Certificate,1200.0,22.0,20,2,27.4,11,2026-06-20,,0
2184,Graduate,6000.0,2.7,3,1,6.0,47,2025-09-02,,0
2185,Undergraduate,4500.0,4.4,6,0,8.5,26,2026-03-28,2026-05-26,1
2186,Certificate,1200.0,5.9,18,2,7.1,11,2026-08-28,,0
2187,Certificate,1200.0,15.1,17,4,19.9,10,2025-09-18,,0
2188,Graduate,6000.0,15.1,18,3,11.2,11,2026-08-23,,0
2189,Undergraduate,4500.0,2.1,4,0,5.4,43,2026-03-12,,0
2190,Undergraduate,4500.0,6.2,9,0,5.2,13,2025-11-18,2026-02-05,1
2191,Undergraduate,4500.0,0.0,0,2,0.0,45,2026-04-18,2026-04-25,1
2192,Undergraduate,4500.0,0.0,4,0,2.9,43,2026-06-16,2026-07-03,1
2193,Undergraduate,4500.0,11.8,12,1,0.1,26,2026-06-05,,0
2194,Graduate,6000.0,6.5,16,1,5.1,17,2025-12-24,,0
2195,Certificate,1200.0,0.0,0,0,5.7,45,2026-02-03,2026-04-15,1
2196,Undergraduate,4500.0,13.5,10,1,12.6,14,2026-03-01,2026-06-18,1
2197,Undergraduate,4500.0,1.5,9,0,0.0,31,2026-02-25,2026-03-30,1
2198,Undergraduate,4500.0,2.8,4,1,7.4,26,2026-05-07,,0
2199,Undergraduate,4500.0,12.3,9,1,5.5,17,2025-09-24,2026-02-01,1
2200,Graduate,6000.0,5.8,6,0,11.9,24,2026-06-08,,0
2201,Certificate,1200.0,13.1,15,2,17.5,0,2025-10-30,,0
2202,Undergraduate,4500.0,3.7,4,0,8.3,17,2025-11-21,2026-05-29,1
2203,Undergraduate,4500.0,0.0,4,1,4.9,22,2026-08-29,,0
2204,Certificate,1200.0,10.4,12,1,27.3,28,2026-06-30,,0
2205,Undergraduate,4500.0,8.2,10,1,5.7,20,2026-02-11,2026-03-20,1
2206,Graduate,6000.0,11.0,11,2,14.6,17,2026-07-05,,0
2207,Certificate,1200.0,4.1,6,1,11.3,14,2025-10-24,,0
2208,Certificate,1200.0,10.0,12,3,8.4,26,2026-03-23,,0
2209,Graduate,6000.0,0.0,2,0,0.0,41,2025-10-30,2025-12-25,1
2210,Certificate,1200.0,10.8,11,4,9.6,13,2026-07-19,,0
2211,Certificate,1200.0,6.6,5,1,11.9,23,2026-08-23,2026-08-30,1
2212,Graduate,6000.0,8.8,4,0,2.2,43,2026-01-09,2026-01-22,1
2213,Graduate,6000.0,7.8,14,2,9.2,0,2025-11-12,,0
2214,Undergraduate,4500.0,0.0,3,0,7.6,31,2025-09-03,2025-10-01,1
2215,Undergraduate,4500.0,6.2,7,0,4.4,25,2025-11-17,,0
2216,Graduate,6000.0,8.1,12,0,11.6,17,2025-12-02,,0
2217,Undergraduate,4500.0,12.6,9,3,7.5,31,2026-08-10,,0
2218,Undergraduate,4500.0,9.6,12,1,14.3,14,2026-01-23,,0
2219,Graduate,6000.0,0.9,5,1,7.4,39,2025-12-14,2026-01-12,1
2220,Undergraduate,4500.0,1.5,6,1,12.5,40,2026-04-09,,0
2221,Undergraduate,4500.0,2.6,0,0,0.0,45,2025-09-01,,0
2222,Undergraduate,4500.0,10.7,8,1,7.8,20,2025-09-05,2026-04-16,1
2223,Undergraduate,4500.0,7.7,13,2,3.5,12,2025-10-23,,0
2224,Undergraduate,4500.0,14.8,20,0,15.3,14,2025-10-14,,0
2225,Undergraduate,4500.0,10.2,7,1,17.0,37,2026-02-05,2026-04-28,1
2226,Undergraduate,4500.0,5.1,4,1,4.1,37,2025-11-05,,0
2227,Graduate,6000.0,6.6,11,2,5.2,28,2026-08-05,2026-08-25,1
2228,Undergraduate,4500.0,6.8,11,1,4.9,47,2026-06-09,,0
2229,Certificate,1200.0,13.6,14,1,5.3,22,2026-01-01,2026-03-17,1
2230,Undergraduate,4500.0,8.0,9,1,2.1,17,2026-07-17,,0
2231,Certificate,1200.0,9.9,12,1,13.6,22,2025-11-08,2026-03-03,1
2232,Undergraduate,4500.0,4.8,6,1,1.0,37,2026-06-28,,0
2233,Undergraduate,4500.0,6.9,14,1,11.6,20,2026-04-26,,0
2234,Undergraduate,4500.0,6.4,9,0,9.2,37,2026-05-29,2026-08-15,1
2235,Graduate,6000.0,9.4,10,1,10.1,16,2026-02-15,,0
2236,Certificate,1200.0,5.8,2,0,4.2,41,2026-08-02,2026-08-12,1
2237,Certificate,1200.0,0.0,13,0,4.3,22,2025-11-08,,0
2238,Graduate,6000.0,7.5,9,0,14.0,24,2025-10-11,,0
2239,Undergraduate,4500.0,13.0,20,1,14.2,7,2025-12-02,2026-05-24,1
2240,Undergraduate,4500.0,6.7,13,1,12.5,0,2026-06-25,,0
2241,Graduate,6000.0,8.0,6,1,5.5,23,2026-05-17,2026-06-06,1
2242,Graduate,6000.0,11.0,19,2,20.9,0,2026-06-10,,0
2243,Certificate,1200.0,7.1,8,2,13.6,17,2026-01-24,,0
2244,Undergraduate,4500.0,16.1,17,0,1.0,7,2025-10-11,,0
2245,Undergraduate,4500.0,14.2,16,1,16.1,20,2025-10-15,,0
2246,Certificate,1200.0,15.1,15,2,9.1,13,2025-09-16,,0
2247,Graduate,6000.0,9.3,11,0,9.1,25,2025-12-23,2026-01-09,1
2248,Undergraduate,4500.0,12.0,15,0,16.2,0,2026-06-12,,0
2249,Graduate,6000.0,10.5,7,0,4.2,31,2026-04-08,2026-06-17,1
2250,Undergraduate,4500.0,14.0,20,0,18.0,0,2026-05-16,2026-08-14,1
2251,Undergraduate,4500.0,6.9,11,1,15.8,16,2026-08-08,,0
2252,Certificate,1200.0,4.4,13,3,7.6,24,2025-11-12,2026-06-09,1
2253,Graduate,6000.0,7.4,8,0,3.6,36,2026-02-02,,0
2254,Undergraduate,4500.0,12.5,17,3,16.7,11,2025-09-11,,0
2255,Certificate,1200.0,5.1,12,1,4.9,27,2025-10-28,2026-03-06,1
2256,Certificate,1200.0,10.0,9,1,9.2,21,2026-01-06,,0
2257,Undergraduate,4500.0,6.5,11,0,16.5,21,2026-08-16,,0
2258,Certificate,1200.0,2.8,1,0,0.0,49,2026-03-23,2026-05-01,1
2259,Undergraduate,4500.0,12.9,13,4,13.7,18,2026-03-11,2026-06-11,1
2260,Undergraduate,4500.0,1.9,8,1,2.0,30,2025-12-28,,0
2261,Undergraduate,4500.0,14.0,16,0,26.1,12,2026-02-06,,0
2262,Undergraduate,4500.0,9.9,15,3,12.5,8,2025-11-20,2026-05-12,1
2263,Certificate,1200.0,7.7,16,0,9.6,2,2026-08-23,2026-08-30,1
2264,Graduate,6000.0,1.8,0,0,0.0,38,2026-07-21,,0
2265,Graduate,6000.0,6.3,8,0,3.9,26,2025-09-18,2025-10-23,1
2266,Undergraduate,4500.0,7.4,8,2,12.4,23,2026-03-26,,0
2267,Undergraduate,4500.0,12.3,11,1,6.4,8,2025-11-04,,0
2268,Undergraduate,4500.0,7.3,1,0,7.5,34,2025-10-23,2025-11-18,1
2269,Graduate,6000.0,5.4,7,1,11.5,19,2026-07-18,,0
2270,Undergraduate,4500.0,0.0,7,0,7.4,48,2025-12-17,,0
2271,Undergraduate,4500.0,8.2,12,1,5.1,26,2026-06-29,2026-07-22,1
2272,Graduate,6000.0,7.3,10,1,12.4,11,2026-07-06,,0
2273,Certificate,1200.0,0.0,4,0,1.7,42,2026-06-03,2026-06-12,1
2274,Undergraduate,4500.0,2.1,5,0,12.4,32,2025-11-29,,0
2275,Certificate,1200.0,4.7,13,0,8.5,33,2026-07-28,,0
2276,Undergraduate,4500.0,12.8,6,1,12.0,10,2025-12-31,,0
2277,Undergraduate,4500.0,7.5,11,1,7.1,26,2026-04-14,2026-06-25,1
2278,Graduate,6000.0,7.1,2,0,1.8,55,2026-05-27,2026-06-19,1
2279,Undergraduate,4500.0,8.9,3,1,11.1,21,2026-06-05,,0
2280,Certificate,1200.0,7.9,11,0,15.9,20,2026-04-28,,0
2281,Graduate,6000.0,3.2,11,0,2.4,19,2026-04-26,,0
2282,Graduate,6000.0,9.3,8,1,10.8,15,2026-05-09,,0
2283,Undergraduate,4500.0,16.0,20,2,19.0,8,2026-02-23,,0
2284,Undergraduate,4500.0,6.7,8,0,6.7,31,2025-09-03,,0
2285,Undergraduate,4500.0,9.7,14,0,5.4,19,2026-03-20,,0
2286,Undergraduate,4500.0,14.6,19,1,14.2,6,2026-06-25,,0
2287,Certificate,1200.0,5.9,0,1,0.0,22,2026-01-20,2026-03-26,1
2288,Certificate,1200.0,2.8,3,0,5.5,41,2025-11-02,2026-06-07,1
2289,Graduate,6000.0,7.9,18,0,10.6,1,2026-01-25,2026-03-25,1
2290,Undergraduate,4500.0,2.0,6,1,3.4,26,2026-02-19,2026-03-29,1
2291,Certificate,1200.0,3.1,6,0,0.0,35,2025-12-30,2026-03-22,1
2292,Certificate,1200.0,6.9,7,2,4.5,43,2025-10-14,2025-11-06,1
2293,Graduate,6000.0,15.9,20,2,10.6,1,2026-08-04,,0
2294,Certificate,1200.0,0.0,4,0,8.6,35,2025-09-07,2026-08-01,1
2295,Undergraduate,4500.0,0.5,8,1,5.5,39,2025-10-09,,0
2296,Certificate,1200.0,5.3,9,2,9.3,31,2025-09-15,,0
2297,Certificate,1200.0,15.2,20,2,15.6,16,2026-03-03,,0
2298,Undergraduate,4500.0,7.3,8,0,1.7,15,2025-10-24,,0
2299,Graduate,6000.0,6.8,11,0,8.5,29,2026-08-02,,0
2300,Undergraduate,4500.0,9.1,17,2,13.9,16,2026-04-03,,0
2301,Undergraduate,4500.0,6.9,8,0,8.5,43,2025-10-14,2026-05-22,1
2302,Undergraduate,4500.0,8.8,16,0,15.5,21,2026-05-24,,0
2303,Undergraduate,4500.0,2.1,7,1,7.0,34,2025-11-26,2026-04-03,1
2304,Undergraduate,4500.0,7.5,15,2,17.3,16,2026-05-07,,0
2305,Undergraduate,4500.0,15.1,14,4,12.8,0,2026-01-28,2026-05-22,1
2306,Undergraduate,4500.0,4.6,8,1,7.1,20,2026-01-05,,0
2307,Undergraduate,4500.0,5.6,11,1,16.0,21,2025-10-15,,0
2308,Undergraduate,4500.0,8.1,6,1,6.6,31,2026-04-29,2026-05-30,1
2309,Undergraduate,4500.0,4.0,4,0,3.8,38,2025-11-17,,0
2310,Undergraduate,4500.0,5.8,2,0,14.2,22,2026-03-26,,0
2311,Certificate,1200.0,14.3,20,6,20.3,4,2026-04-10,,0
2312,Undergraduate,4500.0,5.6,6,1,6.6,44,2026-08-02,,0
2313,Undergraduate,4500.0,5.2,13,1,4.9,34,2026-08-04,2026-08-12,1
2314,Undergraduate,4500.0,12.7,14,0,20.3,19,2025-11-23,,0
2315,Graduate,6000.0,9.1,9,0,8.6,31,2026-07-24,2026-08-18,1
2316,Undergraduate,4500.0,9.0,9,2,7.8,25,2026-07-22,2026-08-15,1
2317,Certificate,1200.0,2.9,6,0,12.0,12,2026-06-25,,0
2318,Graduate,6000.0,11.6,11,0,14.6,26,2026-04-30,2026-07-17,1
2319,Certificate,1200.0,8.9,19,2,16.0,0,2026-07-03,,0
2320,Undergraduate,4500.0,1.7,6,0,9.7,31,2026-01-28,2026-02-22,1
2321,Undergraduate,4500.0,13.1,20,2,20.4,4,2025-11-04,,0
2322,Graduate,6000.0,11.4,14,1,14.6,15,2026-02-19,,0
2323,Undergraduate,4500.0,6.9,8,0,3.4,46,2026-01-01,,0
2324,Undergraduate,4500.0,12.5,18,1,26.7,20,2025-10-10,,0
2325,Undergraduate,4500.0,13.9,17,2,9.0,19,2025-10-09,,0
2326,Undergraduate,4500.0,12.6,19,2,17.8,1,2026-01-03,2026-05-25,1
2327,Graduate,6000.0,12.9,15,1,12.8,17,2026-08-07,,0
2328,Graduate,6000.0,9.2,16,3,14.6,16,2025-11-16,,0
2329,Undergraduate,4500.0,9.7,11,3,8.5,12,2025-11-28,,0
2330,Graduate,6000.0,10.4,13,2,14.8,13,2026-05-13,,0
2331,Undergraduate,4500.0,7.6,20,2,17.3,18,2026-07-03,,0
2332,Certificate,1200.0,4.0,0,0,0.0,36,2026-07-14,2026-08-06,1
2333,Undergraduate,4500.0,0.2,0,1,2.0,41,2026-05-23,2026-05-26,1
2334,Undergraduate,4500.0,8.3,7,1,11.7,37,2025-12-03,,0
2335,Certificate,1200.0,5.8,9,2,6.8,6,2025-09-20,,0
2336,Undergraduate,4500.0,5.2,2,1,3.4,26,2026-07-06,,0
2337,Undergraduate,4500.0,0.0,5,0,7.0,31,2026-04-02,2026-07-03,1
2338,Undergraduate,4500.0,2.6,8,2,7.7,35,2025-10-31,,0
2339,Certificate,1200.0,6.6,12,0,11.5,14,2026-07-31,,0
2340,Graduate,6000.0,15.5,12,4,18.7,17,2025-09-21,,0
2341,Undergraduate,4500.0,5.0,2,1,2.1,20,2026-08-25,2026-08-29,1
2342,Certificate,1200.0,6.3,8,4,9.0,10,2026-05-20,,0
2343,Undergraduate,4500.0,2.8,10,0,7.9,11,2026-08-20,,0
2344,Undergraduate,4500.0,8.3,14,2,16.2,2,2025-11-27,,0
2345,Undergraduate,4500.0,6.4,12,1,17.4,22,2026-03-29,,0
2346,Undergraduate,4500.0,9.3,14,2,6.5,14,2026-03-25,,0
2347,Certificate,1200.0,10.5,15,1,8.9,0,2026-02-13,,0
2348,Graduate,6000.0,0.0,3,1,0.0,37,2026-05-14,,0
2349,Undergraduate,4500.0,4.2,7,1,13.0,25,2025-11-28,2026-01-10,1
2350,Certificate,1200.0,14.6,17,3,12.3,15,2026-03-27,,0
2351,Undergraduate,4500.0,12.9,10,0,9.1,19,2025-11-14,2026-03-04,1
2352,Undergraduate,4500.0,1.9,11,1,2.1,22,2026-01-07,,0
2353,Undergraduate,4500.0,1.7,6,0,4.1,27,2025-12-28,,0
2354,Undergraduate,4500.0,9.9,9,3,20.9,21,2025-09-05,,0
2355,Undergraduate,4500.0,10.3,15,1,14.5,5,2026-02-28,,0
2356,Undergraduate,4500.0,0.1,5,0,4.5,31,2026-05-14,,0
2357,Certificate,1200.0,7.9,6,0,0.0,37,2025-12-09,2025-12-12,1
2358,Undergraduate,4500.0,12.0,12,1,14.2,7,2025-12-17,,0
2359,Graduate,6000.0,2.2,2,1,4.1,31,2026-03-08,2026-07-12,1
2360,Undergraduate,4500.0,14.1,9,4,7.5,3,2026-05-01,2026-06-11,1
2361,Undergraduate,4500.0,10.1,16,1,16.8,9,2025-09-26,,0
2362,Certificate,1200.0,13.4,12,1,20.7,1,2026-06-01,,0
2363,Undergraduate,4500.0,7.8,11,2,10.7,28,2026-08-03,,0
2364,Undergraduate,4500.0,2.8,11,0,12.8,42,2026-01-13,,0
2365,Certificate,1200.0,8.8,12,2,13.6,13,2026-08-02,,0
2366,Certificate,1200.0,15.2,9,3,17.3,8,2025-11-27,,0
2367,Undergraduate,4500.0,11.3,15,1,22.8,23,2025-10-28,,0
2368,Undergraduate,4500.0,11.5,17,2,8.7,5,2025-12-13,,0
2369,Certificate,1200.0,0.0,4,0,5.3,37,2026-06-06,2026-06-26,1
2370,Certificate,1200.0,10.8,13,1,17.3,16,2025-09-21,,0
2371,Undergraduate,4500.0,5.6,12,2,8.1,12,2026-07-30,,0
2372,Undergraduate,4500.0,3.4,10,1,7.9,18,2026-07-23,,0
2373,Undergraduate,4500.0,6.0,8,0,7.2,12,2026-05-13,,0
2374,Certificate,1200.0,13.5,11,1,9.5,16,2026-02-15,,0
2375,Undergraduate,4500.0,10.4,5,0,4.5,39,2025-12-15,2025-12-24,1
2376,Graduate,6000.0,7.6,11,2,11.0,18,2026-05-17,,0
2377,Undergraduate,4500.0,4.4,10,1,12.7,27,2025-10-01,,0
2378,Certificate,1200.0,0.0,5,0,0.0,23,2025-11-06,2026-03-22,1
2379,Undergraduate,4500.0,11.3,16,2,9.8,19,2026-06-08,2026-08-11,1
2380,Undergraduate,4500.0,11.1,19,1,17.5,8,2026-08-09,,0
2381,Certificate,1200.0,10.7,9,1,13.8,29,2025-12-18,,0
2382,Undergraduate,4500.0,9.4,3,0,3.6,26,2026-06-28,,0
2383,Graduate,6000.0,8.4,14,2,14.8,14,2026-05-21,,0
2384,Undergraduate,4500.0,9.6,8,1,17.2,8,2025-11-23,,0
2385,Graduate,6000.0,2.0,5,2,5.2,50,2026-06-23,,0
2386,Undergraduate,4500.0,7.9,3,2,3.4,33,2026-04-24,2026-07-18,1
2387,Undergraduate,4500.0,2.3,2,0,9.5,40,2025-09-27,,0
2388,Certificate,1200.0,8.1,4,1,17.5,40,2025-12-26,,0
2389,Undergraduate,4500.0,6.7,6,0,3.0,30,2026-01-17,,0
2390,Certificate,1200.0,12.9,16,2,17.1,18,2025-09-01,,0
2391,Undergraduate,4500.0,9.3,9,1,14.6,21,2025-11-23,2026-03-17,1
2392,Undergraduate,4500.0,0.0,6,0,3.2,45,2026-03-17,2026-04-30,1
2393,Undergraduate,4500.0,5.7,14,1,3.1,13,2026-01-01,,0
2394,Undergraduate,4500.0,10.2,10,2,16.9,8,2026-02-18,,0
2395,Certificate,1200.0,6.7,17,2,9.8,13,2026-04-21,,0
2396,Undergraduate,4500.0,3.7,7,1,0.1,20,2025-09-10,2026-01-03,1
2397,Graduate,6000.0,6.9,10,0,2.1,23,2026-01-27,,0
2398,Certificate,1200.0,6.2,3,0,8.9,36,2025-12-02,2026-01-28,1
2399,Undergraduate,4500.0,1.8,2,0,0.0,25,2026-04-04,2026-07-17,1
2400,Undergraduate,4500.0,12.3,10,2,13.9,14,2026-06-21,,0
2401,Undergraduate,4500.0,7.4,8,2,11.6,23,2026-07-18,2026-08-12,1
2402,Undergraduate,4500.0,11.9,20,0,18.9,11,2025-11-11,,0
2403,Certificate,1200.0,5.4,5,1,8.2,32,2026-02-22,,0
2404,Undergraduate,4500.0,9.8,7,0,12.0,34,2026-02-24,,0
2405,Undergraduate,4500.0,12.2,11,0,12.2,23,2026-07-18,,0
2406,Undergraduate,4500.0,4.5,3,0,2.8,26,2025-11-17,2026-05-10,1
2407,Graduate,6000.0,2.8,5,0,6.1,21,2026-05-27,2026-07-30,1
2408,Graduate,6000.0,0.4,6,0,6.9,26,2026-01-25,2026-04-14,1
2409,Certificate,1200.0,10.2,19,3,14.3,15,2026-04-26,2026-08-13,1
2410,Undergraduate,4500.0,0.7,10,0,12.4,22,2026-06-10,2026-07-24,1
2411,Certificate,1200.0,10.0,7,1,11.7,26,2026-07-03,2026-08-04,1
2412,Certificate,1200.0,7.5,1,0,9.4,28,2025-11-07,2026-03-21,1
2413,Undergraduate,4500.0,2.4,7,1,1.7,36,2026-07-28,2026-08-10,1
2414,Undergraduate,4500.0,1.1,6,0,0.0,24,2026-08-31,,0
2415,Undergraduate,4500.0,10.4,8,2,5.9,26,2026-05-12,,0
2416,Undergraduate,4500.0,3.5,10,0,2.4,12,2025-10-11,2026-04-20,1
2417,Undergraduate,4500.0,1.4,6,2,2.3,40,2025-12-18,2026-03-13,1
2418,Graduate,6000.0,8.2,11,2,15.2,18,2025-11-06,2026-02-03,1
2419,Graduate,6000.0,8.2,11,1,10.9,34,2026-06-18,2026-08-04,1
2420,Certificate,1200.0,8.1,12,1,17.6,17,2025-09-11,,0
2421,Undergraduate,4500.0,9.9,8,1,10.8,35,2026-07-20,,0
2422,Undergraduate,4500.0,8.0,4,1,16.0,38,2026-08-19,2026-08-22,1
2423,Undergraduate,4500.0,11.7,15,2,19.2,8,2026-03-10,,0
2424,Undergraduate,4500.0,16.7,20,2,23.7,1,2026-03-25,,0
2425,Graduate,6000.0,9.0,11,3,12.8,3,2026-05-17,,0
2426,Certificate,1200.0,8.4,20,1,13.1,0,2026-07-01,,0
2427,Undergraduate,4500.0,4.8,7,2,6.8,19,2026-05-06,,0
2428,Graduate,6000.0,8.0,15,1,13.9,4,2026-04-17,,0
2429,Certificate,1200.0,0.0,0,0,0.0,55,2026-01-24,2026-04-16,1
2430,Certificate,1200.0,6.5,11,1,7.5,5,2026-04-22,,0
2431,Undergraduate,4500.0,6.3,15,4,12.3,23,2026-06-03,,0
2432,Undergraduate,4500.0,3.6,0,0,0.0,43,2026-01-25,2026-02-02,1
2433,Undergraduate,4500.0,11.8,10,0,1.2,28,2026-01-31,2026-05-01,1
2434,Undergraduate,4500.0,8.3,20,1,12.4,8,2026-03-25,,0
2435,Undergraduate,4500.0,0.5,8,1,4.6,40,2026-07-22,2026-08-03,1
2436,Certificate,1200.0,9.0,11,0,10.2,7,2025-09-13,2026-07-12,1
2437,Undergraduate,4500.0,6.6,2,0,4.5,33,2026-02-23,2026-04-30,1
2438,Undergraduate,4500.0,11.2,14,1,18.8,7,2026-05-22,,0
2439,Graduate,6000.0,6.4,12,0,14.3,30,2025-12-10,2026-07-06,1
2440,Certificate,1200.0,7.1,7,0,3.3,47,2026-04-01,2026-07-07,1
2441,Certificate,1200.0,15.9,14,2,10.8,0,2026-07-03,,0
2442,Undergraduate,4500.0,3.9,3,0,2.3,17,2025-12-19,,0
2443,Undergraduate,4500.0,5.3,8,0,13.6,26,2026-07-29,,0
2444,Certificate,1200.0,11.4,14,0,18.6,22,2026-05-23,,0
2445,Graduate,6000.0,1.6,9,0,4.9,54,2026-01-02,2026-02-21,1
2446,Undergraduate,4500.0,0.7,0,0,7.9,47,2025-12-10,2026-01-26,1
2447,Undergraduate,4500.0,6.8,8,0,19.8,31,2025-09-04,,0
2448,Certificate,1200.0,9.7,6,0,6.9,37,2025-12-16,,0
2449,Certificate,1200.0,5.8,9,0,14.1,42,2026-06-08,2026-07-29,1
2450,Undergraduate,4500.0,9.4,8,1,7.0,33,2025-12-15,2026-02-26,1
2451,Undergraduate,4500.0,5.6,0,0,7.2,30,2025-11-30,2026-03-31,1
2452,Certificate,1200.0,5.3,4,1,8.8,33,2025-12-28,,0
2453,Undergraduate,4500.0,3.3,4,0,0.0,33,2025-12-02,,0
2454,Certificate,1200.0,10.5,11,4,5.1,22,2025-11-06,,0
2455,Certificate,1200.0,8.1,17,2,2.8,25,2026-02-05,,0
2456,Undergraduate,4500.0,16.2,13,0,2.3,32,2025-09-02,2026-01-04,1
2457,Undergraduate,4500.0,10.6,13,1,17.2,10,2026-01-08,,0
2458,Certificate,1200.0,14.3,14,3,26.6,15,2026-08-11,,0
2459,Undergraduate,4500.0,4.3,1,1,3.3,37,2026-06-30,2026-07-24,1
2460,Undergraduate,4500.0,8.3,14,1,15.8,12,2026-03-03,,0
2461,Undergraduate,4500.0,10.4,17,0,22.3,3,2026-03-26,,0
2462,Certificate,1200.0,14.2,16,1,18.8,0,2025-11-08,,0
2463,Certificate,1200.0,3.9,7,1,3.0,42,2025-12-29,2026-01-23,1
2464,Certificate,1200.0,9.6,8,0,7.0,26,2026-08-31,,0
2465,Undergraduate,4500.0,10.8,15,1,15.8,9,2026-03-18,,0
2466,Undergraduate,4500.0,9.0,15,0,18.2,0,2026-02-14,,0
2467,Certificate,1200.0,13.1,18,3,21.1,6,2025-09-08,,0
2468,Undergraduate,4500.0,6.6,11,1,16.2,12,2026-01-03,,0
2469,Undergraduate,4500.0,12.7,10,1,10.0,16,2026-06-27,,0
2470,Certificate,1200.0,9.5,17,2,6.9,4,2026-06-23,,0
2471,Certificate,1200.0,4.8,1,0,7.0,37,2026-05-08,,0
2472,Certificate,1200.0,12.6,17,0,9.3,13,2026-04-07,,0
2473,Certificate,1200.0,11.4,11,1,17.0,11,2026-07-23,,0
2474,Undergraduate,4500.0,3.2,7,1,8.5,25,2025-11-16,,0
2475,Certificate,1200.0,4.9,11,0,4.0,23,2026-08-07,,0
2476,Graduate,6000.0,10.5,14,0,14.8,13,2026-08-07,,0
2477,Undergraduate,4500.0,12.5,9,1,20.3,24,2026-07-16,,0
2478,Undergraduate,4500.0,7.1,12,0,8.7,25,2026-07-13,2026-08-15,1
2479,Undergraduate,4500.0,13.9,10,0,7.9,11,2026-02-07,2026-07-24,1
2480,Undergraduate,4500.0,11.0,6,1,13.1,17,2025-11-06,,0
2481,Graduate,6000.0,4.9,8,2,4.3,19,2025-09-21,,0
2482,Graduate,6000.0,15.2,20,1,9.0,0,2025-11-09,,0
2483,Undergraduate,4500.0,3.9,3,0,7.7,43,2025-12-24,2026-03-07,1
2484,Certificate,1200.0,7.7,16,1,10.3,15,2026-01-28,,0
2485,Undergraduate,4500.0,8.3,13,2,13.4,19,2026-05-11,2026-07-13,1
2486,Certificate,1200.0,7.0,5,2,2.9,32,2026-04-02,,0
2487,Undergraduate,4500.0,4.7,9,2,11.8,29,2025-10-17,,0
2488,Undergraduate,4500.0,8.1,11,1,13.0,12,2026-07-24,2026-08-12,1
2489,Undergraduate,4500.0,9.9,13,1,0.9,11,2025-11-03,,0
2490,Undergraduate,4500.0,15.8,8,3,14.6,13,2025-11-08,,0
2491,Undergraduate,4500.0,1.3,9,0,7.6,45,2026-08-11,,0
2492,Undergraduate,4500.0,8.0,11,0,15.8,34,2026-06-04,,0
2493,Undergraduate,4500.0,8.3,12,1,14.1,19,2026-05-10,,0
2494,Undergraduate,4500.0,0.4,6,0,6.9,49,2025-10-02,,0
2495,Undergraduate,4500.0,8.1,14,2,8.3,28,2026-03-24,,0
2496,Certificate,1200.0,4.9,4,1,0.0,25,2025-11-21,2026-01-16,1
2497,Undergraduate,4500.0,7.0,5,2,6.3,29,2026-01-24,,0
2498,Certificate,1200.0,13.4,16,1,15.3,6,2026-08-02,,0
2499,Undergraduate,4500.0,8.3,2,1,13.4,35,2025-12-31,2026-03-17,1
2500,Undergraduate,4500.0,10.8,9,1,8.6,22,2026-01-12,2026-05-21,1
2501,Undergraduate,4500.0,6.8,6,1,0.0,31,2025-10-18,2026-02-10,1
2502,Undergraduate,4500.0,3.6,12,1,2.8,26,2025-09-29,,0
2503,Graduate,6000.0,14.5,19,2,22.2,14,2026-01-29,,0
2504,Undergraduate,4500.0,9.0,7,0,9.2,11,2025-10-15,2026-01-18,1
2505,Undergraduate,4500.0,2.1,2,2,4.9,28,2026-07-12,,0
2506,Undergraduate,4500.0,4.5,12,1,17.6,3,2026-01-20,,0
2507,Undergraduate,4500.0,5.3,18,0,10.5,3,2026-02-02,,0
2508,Undergraduate,4500.0,3.5,4,0,0.0,38,2026-06-30,2026-07-13,1
2509,Graduate,6000.0,8.8,12,0,6.3,24,2026-02-16,,0
2510,Certificate,1200.0,9.0,16,1,17.9,5,2025-12-26,,0
2511,Certificate,1200.0,11.0,13,2,9.2,30,2026-04-02,,0
2512,Undergraduate,4500.0,3.0,0,2,0.0,48,2025-12-31,2026-04-20,1
2513,Certificate,1200.0,8.3,11,1,10.8,32,2025-12-03,,0
2514,Undergraduate,4500.0,11.0,10,1,14.0,17,2026-01-29,,0
2515,Certificate,1200.0,0.0,4,0,4.0,37,2026-04-08,2026-04-14,1
2516,Undergraduate,4500.0,15.1,18,3,20.5,9,2026-05-27,,0
2517,Certificate,1200.0,13.9,16,0,9.4,0,2026-01-02,,0
2518,Undergraduate,4500.0,8.6,13,1,15.2,29,2025-10-07,,0
2519,Undergraduate,4500.0,0.7,7,3,11.3,39,2026-03-16,2026-04-24,1
2520,Undergraduate,4500.0,7.9,12,0,15.8,13,2026-03-01,,0
2521,Undergraduate,4500.0,6.0,15,0,15.7,12,2025-10-03,2026-02-08,1
2522,Undergraduate,4500.0,9.4,12,0,10.7,30,2026-05-15,,0
2523,Graduate,6000.0,11.3,18,2,8.0,5,2025-11-10,,0
2524,Undergraduate,4500.0,11.4,13,1,8.2,31,2026-05-30,2026-08-01,1
2525,Certificate,1200.0,2.3,12,1,6.7,16,2026-05-29,,0
2526,Certificate,1200.0,7.0,12,1,15.2,37,2026-05-21,,0
2527,Graduate,6000.0,9.3,8,2,12.4,30,2026-08-12,,0
2528,Undergraduate,4500.0,8.4,13,5,10.0,31,2026-03-16,,0
2529,Undergraduate,4500.0,8.4,12,1,11.7,23,2026-04-24,2026-05-31,1
2530,Undergraduate,4500.0,3.2,7,0,7.1,21,2026-06-08,2026-07-16,1
2531,Certificate,1200.0,6.6,11,2,16.1,36,2025-11-28,,0
2532,Undergraduate,4500.0,14.2,19,3,9.6,13,2026-02-24,,0
2533,Undergraduate,4500.0,1.6,10,0,0.0,31,2026-06-21,,0
2534,Graduate,6000.0,9.7,13,1,13.5,20,2026-06-22,2026-08-09,1
2535,Certificate,1200.0,8.8,1,1,0.0,14,2025-11-09,,0
2536,Undergraduate,4500.0,10.1,19,1,15.1,0,2026-05-25,2026-07-16,1
2537,Certificate,1200.0,6.1,11,1,15.1,17,2026-04-09,,0
2538,Graduate,6000.0,11.0,8,0,16.7,32,2026-07-19,,0
2539,Undergraduate,4500.0,7.9,4,2,4.5,31,2025-11-11,,0
2540,Undergraduate,4500.0,4.1,9,0,10.4,37,2026-04-23,,0
2541,Certificate,1200.0,10.5,17,3,22.4,13,2025-12-17,,0
2542,Undergraduate,4500.0,0.2,2,0,0.0,36,2026-04-05,,0
2543,Undergraduate,4500.0,13.7,14,1,20.7,18,2025-11-12,2026-05-10,1
2544,Undergraduate,4500.0,9.3,13,1,12.7,32,2026-04-06,2026-06-10,1
2545,Graduate,6000.0,10.9,17,0,8.4,19,2025-10-09,,0
2546,Graduate,6000.0,4.1,9,0,7.5,28,2025-12-10,2026-04-05,1
2547,Graduate,6000.0,1.8,10,0,5.4,32,2026-03-09,,0
2548,Undergraduate,4500.0,9.1,7,0,12.4,7,2026-03-08,2026-07-28,1
2549,Undergraduate,4500.0,3.1,7,2,4.5,33,2026-01-17,2026-06-08,1
2550,Undergraduate,4500.0,5.8,8,1,8.1,35,2025-12-22,,0
2551,Undergraduate,4500.0,6.5,13,1,11.8,13,2025-12-17,,0
2552,Undergraduate,4500.0,1.7,3,0,0.0,38,2026-08-19,2026-08-24,1
2553,Undergraduate,4500.0,15.4,19,0,17.4,7,2026-05-27,2026-08-03,1
2554,Certificate,1200.0,2.5,10,0,1.8,15,2026-03-25,,0
2555,Undergraduate,4500.0,4.9,3,0,7.3,51,2026-02-17,2026-03-17,1
2556,Certificate,1200.0,0.0,0,0,6.1,35,2026-07-30,2026-08-12,1
2557,Undergraduate,4500.0,1.0,3,0,0.0,32,2026-06-20,2026-06-23,1
2558,Certificate,1200.0,2.4,0,1,5.0,47,2026-03-16,,0
2559,Certificate,1200.0,14.4,13,1,8.4,25,2026-03-21,2026-05-30,1
2560,Undergraduate,4500.0,11.1,20,2,11.4,3,2026-01-19,,0
2561,Undergraduate,4500.0,8.6,8,1,5.8,31,2026-08-06,2026-08-17,1
2562,Certificate,1200.0,11.2,11,0,10.4,12,2025-11-14,2026-03-21,1
2563,Undergraduate,4500.0,6.7,13,2,14.4,18,2026-05-14,,0
2564,Graduate,6000.0,3.7,7,0,7.2,41,2026-02-12,,0
2565,Graduate,6000.0,8.2,7,0,14.9,16,2025-09-20,2026-02-23,1
2566,Graduate,6000.0,2.5,8,2,4.3,16,2026-04-15,,0
2567,Graduate,6000.0,7.4,13,1,9.8,19,2026-05-09,,0
2568,Undergraduate,4500.0,11.4,15,3,18.3,23,2026-05-27,,0
2569,Graduate,6000.0,14.7,17,1,7.9,11,2026-01-05,,0
2570,Graduate,6000.0,4.6,8,2,4.5,19,2025-09-16,,0
2571,Undergraduate,4500.0,9.1,14,0,6.4,0,2026-02-08,2026-03-19,1
2572,Graduate,6000.0,8.0,8,0,7.4,34,2026-06-20,,0
2573,Undergraduate,4500.0,12.0,16,2,10.7,7,2025-09-20,,0
2574,Undergraduate,4500.0,9.5,18,1,17.9,7,2026-08-16,,0
2575,Graduate,6000.0,19.2,20,2,20.8,0,2026-04-04,,0
2576,Undergraduate,4500.0,4.9,3,0,0.0,50,2026-07-17,2026-08-07,1
2577,Undergraduate,4500.0,6.1,12,1,2.5,36,2026-08-19,,0
2578,Undergraduate,4500.0,0.0,0,1,2.3,42,2025-09-01,2025-11-14,1
2579,Undergraduate,4500.0,3.5,15,0,12.4,28,2026-07-31,2026-08-10,1
2580,Graduate,6000.0,0.0,3,2,13.3,26,2025-10-05,2025-12-30,1
2581,Graduate,6000.0,3.9,9,2,8.4,26,2026-02-14,2026-05-18,1
2582,Undergraduate,4500.0,4.0,11,1,7.4,13,2026-05-07,,0
2583,Graduate,6000.0,4.9,7,0,4.1,29,2025-10-21,2025-11-04,1
2584,Certificate,1200.0,10.6,13,1,9.9,23,2026-08-30,,0
2585,Graduate,6000.0,3.9,0,0,0.3,41,2025-12-23,,0
2586,Certificate,1200.0,10.3,16,1,18.8,16,2025-11-24,,0
2587,Undergraduate,4500.0,1.9,0,1,0.0,20,2026-04-21,2026-05-29,1
2588,Certificate,1200.0,6.0,6,1,9.6,30,2026-05-14,,0
2589,Undergraduate,4500.0,8.0,9,3,8.9,25,2026-08-28,,0
2590,Undergraduate,4500.0,3.1,2,0,1.8,32,2026-08-23,2026-08-24,1
2591,Certificate,1200.0,3.1,10,0,9.0,40,2026-08-15,2026-08-15,1
2592,Undergraduate,4500.0,9.2,13,1,1.5,31,2026-03-18,2026-05-23,1
2593,Undergraduate,4500.0,2.6,4,1,9.3,27,2026-02-19,2026-04-04,1
2594,Certificate,1200.0,7.5,11,0,13.1,30,2026-03-30,,0
2595,Undergraduate,4500.0,9.8,17,1,15.4,13,2025-12-18,,0
2596,Certificate,1200.0,14.0,18,6,11.0,0,2026-04-21,,0
2597,Certificate,1200.0,13.4,15,1,21.1,3,2025-11-16,,0
2598,Certificate,1200.0,14.9,17,2,15.0,11,2026-01-05,,0
2599,Undergraduate,4500.0,18.0,14,2,15.7,5,2025-09-23,,0
2600,Undergraduate,4500.0,12.0,11,1,12.8,5,2025-12-10,,0
2601,Undergraduate,4500.0,11.9,17,2,14.4,13,2026-07-16,,0
2602,Graduate,6000.0,4.1,7,0,0.6,40,2026-02-08,,0
2603,Undergraduate,4500.0,0.0,1,0,4.3,32,2026-01-04,,0
2604,Undergraduate,4500.0,14.7,12,0,11.3,7,2026-08-26,,0
2605,Graduate,6000.0,9.6,14,2,17.5,7,2026-08-15,,0
2606,Undergraduate,4500.0,12.5,17,1,17.2,0,2026-08-23,,0
2607,Certificate,1200.0,12.2,13,2,21.6,31,2026-06-30,,0
2608,Certificate,1200.0,10.2,20,3,17.6,0,2025-10-14,,0
2609,Undergraduate,4500.0,1.1,3,0,1.1,27,2026-06-05,2026-07-10,1
2610,Undergraduate,4500.0,11.3,9,0,1.5,16,2026-06-24,2026-07-03,1
2611,Certificate,1200.0,11.4,13,2,25.0,10,2026-03-22,,0
2612,Graduate,6000.0,9.4,17,0,18.1,6,2026-04-08,,0
2613,Graduate,6000.0,0.5,0,0,0.0,54,2025-09-03,,0
2614,Undergraduate,4500.0,14.2,20,0,23.0,2,2026-07-25,,0
2615,Certificate,1200.0,9.7,4,1,16.0,12,2025-10-29,2026-04-21,1
2616,Certificate,1200.0,5.8,19,0,6.8,19,2026-06-09,2026-07-06,1
2617,Undergraduate,4500.0,12.5,10,1,6.4,21,2026-05-10,,0
2618,Graduate,6000.0,13.4,16,1,13.3,12,2026-03-07,,0
2619,Undergraduate,4500.0,4.0,10,0,0.6,36,2025-09-09,,0
2620,Certificate,1200.0,3.5,12,1,8.9,25,2026-06-07,,0
2621,Undergraduate,4500.0,12.0,10,3,15.4,18,2026-04-28,,0
2622,Certificate,1200.0,6.5,9,0,0.0,19,2026-01-03,2026-04-10,1
2623,Undergraduate,4500.0,3.4,16,0,11.9,8,2025-12-30,,0
2624,Undergraduate,4500.0,8.9,10,2,18.6,11,2026-04-19,,0
2625,Undergraduate,4500.0,12.4,10,1,6.1,27,2026-07-15,,0
2626,Undergraduate,4500.0,4.7,7,1,5.8,33,2025-11-17,,0
2627,Graduate,6000.0,7.4,12,2,9.6,2,2025-10-07,,0
2628,Certificate,1200.0,6.7,10,2,17.2,12,2026-01-24,,0
2629,Undergraduate,4500.0,7.0,2,1,0.0,39,2025-10-17,,0
2630,Certificate,1200.0,9.1,3,2,9.9,25,2026-05-31,,0
2631,Undergraduate,4500.0,6.6,2,0,3.3,41,2025-10-20,2026-02-13,1
2632,Graduate,6000.0,9.9,11,1,17.8,15,2025-11-09,,0
2633,Undergraduate,4500.0,5.5,0,0,0.0,34,2025-10-06,,0
2634,Certificate,1200.0,3.5,10,0,5.6,37,2025-09-25,2026-01-08,1
2635,Undergraduate,4500.0,4.4,5,0,0.0,31,2026-04-27,,0
2636,Undergraduate,4500.0,4.4,3,1,7.0,46,2026-07-19,2026-07-24,1
2637,Graduate,6000.0,11.2,8,2,7.3,21,2025-12-01,,0
2638,Undergraduate,4500.0,7.9,10,0,5.0,24,2025-12-30,,0
2639,Certificate,1200.0,0.3,3,0,0.0,37,2026-01-07,2026-05-22,1
2640,Undergraduate,4500.0,9.2,10,2,14.7,20,2026-01-13,,0
2641,Certificate,1200.0,1.6,9,0,3.3,22,2026-08-17,2026-08-26,1
2642,Certificate,1200.0,0.0,6,1,0.8,33,2025-12-30,,0
2643,Undergraduate,4500.0,14.1,12,5,19.9,22,2026-03-08,,0
2644,Undergraduate,4500.0,4.5,7,1,6.7,36,2026-08-20,,0
2645,Certificate,1200.0,9.5,15,3,18.5,23,2025-10-23,2026-06-06,1
2646,Undergraduate,4500.0,7.7,9,0,5.1,19,2026-08-21,2026-08-25,1
2647,Undergraduate,4500.0,6.2,2,1,2.7,29,2026-06-07,2026-08-05,1
2648,Undergraduate,4500.0,10.1,13,2,12.1,21,2026-05-16,2026-06-30,1
2649,Certificate,1200.0,11.7,5,0,14.9,33,2025-11-19,,0
2650,Undergraduate,4500.0,6.3,4,1,13.0,26,2026-08-02,,0
2651,Certificate,1200.0,4.7,4,1,10.8,28,2026-04-13,,0
2652,Certificate,1200.0,11.2,18,2,10.9,25,2026-04-20,,0
2653,Undergraduate,4500.0,0.8,7,1,1.2,37,2026-04-02,2026-06-20,1
2654,Undergraduate,4500.0,11.6,11,0,15.4,27,2025-10-17,,0
2655,Certificate,1200.0,3.0,18,2,20.6,11,2026-05-05,,0
2656,Certificate,1200.0,6.9,11,1,17.3,15,2026-04-24,,0
2657,Graduate,6000.0,14.6,20,1,19.5,9,2026-04-04,,0
2658,Undergraduate,4500.0,4.3,7,4,12.5,23,2026-04-10,,0
2659,Undergraduate,4500.0,2.2,2,0,8.4,29,2025-09-17,2025-10-07,1
2660,Graduate,6000.0,15.8,13,0,14.5,7,2026-05-26,,0
2661,Certificate,1200.0,12.0,11,2,12.5,15,2026-07-21,,0
2662,Undergraduate,4500.0,0.7,1,1,4.1,44,2026-03-31,2026-04-29,1
2663,Graduate,6000.0,6.4,18,0,6.5,9,2026-08-01,,0
2664,Undergraduate,4500.0,3.8,11,2,6.8,27,2025-11-13,2026-03-13,1
2665,Certificate,1200.0,11.1,13,0,8.5,12,2025-10-10,,0
2666,Undergraduate,4500.0,7.9,10,2,3.5,17,2025-11-01,,0
2667,Undergraduate,4500.0,0.0,3,1,5.7,33,2025-11-11,2026-03-20,1
2668,Undergraduate,4500.0,4.5,9,0,5.3,31,2026-03-31,2026-06-09,1
2669,Undergraduate,4500.0,11.9,9,0,17.9,11,2025-12-20,,0
2670,Undergraduate,4500.0,5.0,0,1,9.1,35,2026-04-09,2026-04-20,1
2671,Undergraduate,4500.0,14.5,19,2,26.2,0,2025-10-24,,0
2672,Undergraduate,4500.0,4.2,11,3,14.2,40,2026-06-21,2026-06-26,1
2673,Certificate,1200.0,9.7,4,0,1.2,34,2026-07-11,2026-07-12,1
2674,Graduate,6000.0,11.3,16,4,7.9,10,2025-09-09,,0
2675,Undergraduate,4500.0,12.3,14,0,18.1,10,2026-04-22,,0
2676,Undergraduate,4500.0,5.3,13,3,16.1,21,2026-05-10,2026-05-14,1
2677,Undergraduate,4500.0,9.7,5,1,18.0,17,2025-12-31,,0
2678,Certificate,1200.0,2.9,12,1,12.2,29,2026-04-28,,0
2679,Undergraduate,4500.0,2.3,4,0,0.0,28,2025-12-02,2026-05-23,1
2680,Undergraduate,4500.0,10.0,20,2,20.0,0,2026-03-28,,0
2681,Undergraduate,4500.0,9.6,13,0,18.1,11,2025-11-18,2026-06-18,1
2682,Undergraduate,4500.0,14.3,14,2,20.3,11,2026-08-02,,0
2683,Graduate,6000.0,9.7,15,1,22.5,6,2025-12-09,,0
2684,Undergraduate,4500.0,8.3,5,1,12.8,34,2026-05-04,,0
2685,Undergraduate,4500.0,6.0,0,0,0.0,19,2026-03-30,2026-05-20,1
2686,Undergraduate,4500.0,2.2,1,0,0.0,51,2025-09-26,2025-11-27,1
2687,Undergraduate,4500.0,11.0,11,0,13.3,30,2026-03-08,,0
2688,Certificate,1200.0,3.9,1,0,0.0,33,2026-08-04,2026-08-20,1
2689,Graduate,6000.0,9.8,12,0,19.9,13,2026-03-17,,0
2690,Graduate,6000.0,5.5,0,1,0.0,39,2026-06-05,2026-08-01,1
2691,Graduate,6000.0,13.5,9,0,13.4,25,2026-03-11,,0
2692,Certificate,1200.0,4.5,12,1,10.2,21,2026-06-13,,0
2693,Certificate,1200.0,1.4,8,0,4.7,19,2026-01-09,,0
2694,Undergraduate,4500.0,5.7,11,1,7.1,36,2026-06-07,,0
2695,Graduate,6000.0,15.4,17,0,6.2,16,2026-03-15,,0
2696,Certificate,1200.0,16.8,15,4,15.2,6,2025-09-17,,0
2697,Certificate,1200.0,2.4,10,1,2.7,34,2026-01-11,,0
2698,Certificate,1200.0,1.1,16,2,15.6,27,2025-12-16,,0
2699,Undergraduate,4500.0,5.3,10,2,5.9,29,2025-11-23,,0
2700,Undergraduate,4500.0,13.0,20,0,17.5,0,2025-09-30,2026-07-23,1
2701,Undergraduate,4500.0,3.0,2,0,0.0,33,2025-10-12,,0
2702,Certificate,1200.0,10.9,10,1,16.3,10,2025-10-22,,0
2703,Undergraduate,4500.0,3.1,4,0,0.0,30,2026-04-29,,0
2704,Undergraduate,4500.0,11.0,10,0,21.1,27,2026-01-15,2026-03-03,1
2705,Certificate,1200.0,9.4,18,2,10.4,6,2025-11-06,2026-06-25,1
2706,Undergraduate,4500.0,7.7,7,4,0.0,16,2026-02-08,,0
2707,Undergraduate,4500.0,7.0,6,0,5.1,20,2026-07-16,,0
2708,Undergraduate,4500.0,6.1,3,1,1.6,33,2026-02-27,2026-05-02,1
2709,Graduate,6000.0,12.0,18,1,10.9,20,2026-06-14,,0
2710,Undergraduate,4500.0,0.4,7,2,2.5,48,2025-12-23,,0
2711,Undergraduate,4500.0,2.6,1,0,0.0,38,2025-10-22,2025-12-02,1
2712,Undergraduate,4500.0,13.3,9,4,10.5,19,2025-12-18,,0
2713,Undergraduate,4500.0,13.1,9,0,7.0,22,2026-02-11,,0
2714,Certificate,1200.0,6.1,12,0,10.6,35,2026-01-25,,0
2715,Undergraduate,4500.0,4.0,11,2,15.2,24,2026-02-16,,0
2716,Certificate,1200.0,5.5,11,1,9.3,18,2026-03-21,,0
2717,Undergraduate,4500.0,4.1,13,1,7.1,20,2026-06-10,,0
2718,Undergraduate,4500.0,10.1,19,1,7.1,7,2025-12-28,,0
2719,Undergraduate,4500.0,5.3,7,2,7.9,31,2026-04-26,2026-06-27,1
2720,Undergraduate,4500.0,0.9,6,0,6.9,32,2026-07-05,,0
2721,Certificate,1200.0,4.2,8,1,9.0,19,2025-11-12,,0
2722,Undergraduate,4500.0,0.0,5,1,8.2,36,2026-02-11,,0
2723,Undergraduate,4500.0,0.0,0,0,2.0,42,2026-02-23,2026-03-25,1
2724,Graduate,6000.0,9.0,8,1,7.3,9,2026-02-23,,0
2725,Undergraduate,4500.0,17.0,8,2,19.4,13,2026-08-03,,0
2726,Graduate,6000.0,14.4,15,1,11.0,24,2026-02-17,,0
2727,Undergraduate,4500.0,1.5,1,1,14.3,23,2026-02-14,,0
2728,Graduate,6000.0,7.1,15,3,11.0,27,2026-02-26,,0
2729,Certificate,1200.0,0.0,1,0,13.5,36,2026-08-29,,0
2730,Undergraduate,4500.0,2.1,13,0,13.9,21,2025-12-01,,0
2731,Certificate,1200.0,2.1,7,0,8.8,25,2026-01-19,,0
2732,Certificate,1200.0,9.7,9,2,10.2,1,2025-11-28,,0
2733,Graduate,6000.0,0.3,5,0,0.0,43,2026-03-01,2026-05-01,1
2734,Undergraduate,4500.0,12.6,20,3,18.5,0,2026-05-03,,0
2735,Undergraduate,4500.0,10.3,8,2,11.7,29,2025-10-31,,0
2736,Undergraduate,4500.0,5.2,7,2,5.4,25,2026-04-25,,0
2737,Undergraduate,4500.0,10.2,11,2,17.7,10,2026-03-19,,0
2738,Undergraduate,4500.0,7.0,13,3,13.9,24,2026-08-25,,0
2739,Graduate,6000.0,1.8,8,0,12.0,19,2026-07-03,,0
2740,Undergraduate,4500.0,6.7,14,1,10.1,5,2026-07-21,,0
2741,Undergraduate,4500.0,9.1,4,1,14.5,9,2026-03-30,,0
2742,Undergraduate,4500.0,6.0,8,0,11.8,35,2026-05-28,,0
2743,Graduate,6000.0,7.8,20,1,23.8,20,2026-05-02,,0
2744,Certificate,1200.0,12.5,16,7,21.8,0,2025-11-25,,0
2745,Undergraduate,4500.0,9.5,17,1,17.2,0,2025-12-25,,0
2746,Graduate,6000.0,8.7,2,1,4.1,34,2025-11-13,2026-01-11,1
2747,Certificate,1200.0,8.6,12,2,22.8,10,2025-11-07,2026-04-23,1
2748,Certificate,1200.0,11.6,17,1,11.3,16,2026-06-02,,0
2749,Undergraduate,4500.0,9.8,5,0,12.5,24,2026-01-19,,0
2750,Undergraduate,4500.0,2.2,9,1,4.9,33,2025-10-18,2026-04-19,1
2751,Graduate,6000.0,3.0,4,0,0.0,29,2026-05-12,2026-07-08,1
2752,Graduate,6000.0,9.7,11,2,4.6,22,2026-04-16,,0
2753,Undergraduate,4500.0,9.4,10,0,14.1,9,2026-02-19,,0
2754,Graduate,6000.0,8.7,9,0,13.7,19,2025-11-13,,0
2755,Undergraduate,4500.0,3.1,9,1,11.5,10,2026-07-09,,0
2756,Graduate,6000.0,7.1,6,0,13.0,25,2026-03-14,,0
2757,Certificate,1200.0,3.3,7,3,8.3,26,2026-06-04,,0
2758,Undergraduate,4500.0,6.2,8,1,3.0,37,2025-12-14,,0
2759,Certificate,1200.0,8.8,15,0,11.0,27,2026-06-04,,0
2760,Certificate,1200.0,10.0,11,2,11.5,22,2026-04-23,,0
2761,Undergraduate,4500.0,12.2,9,1,12.0,11,2026-04-27,,0
2762,Certificate,1200.0,8.0,12,1,10.4,10,2026-08-06,,0
2763,Undergraduate,4500.0,13.1,14,1,15.1,0,2025-12-31,,0
2764,Undergraduate,4500.0,17.2,20,0,14.0,4,2026-05-31,2026-08-25,1
2765,Certificate,1200.0,4.1,10,1,4.7,35,2026-03-05,2026-03-25,1
2766,Undergraduate,4500.0,3.3,2,1,10.8,35,2025-12-20,2026-05-18,1
2767,Undergraduate,4500.0,10.7,13,2,17.5,14,2025-11-17,,0
2768,Graduate,6000.0,4.3,6,2,8.6,26,2025-09-30,,0
2769,Undergraduate,4500.0,6.5,14,0,14.3,11,2026-07-16,,0
2770,Graduate,6000.0,11.5,15,2,6.1,21,2026-01-14,,0
2771,Graduate,6000.0,9.8,17,2,22.4,20,2026-05-04,,0
2772,Undergraduate,4500.0,4.9,14,3,16.5,15,2025-11-24,,0
2773,Undergraduate,4500.0,11.4,13,1,16.9,15,2026-04-12,2026-08-29,1
2774,Undergraduate,4500.0,7.5,12,0,0.0,38,2026-08-26,,0
2775,Graduate,6000.0,2.6,9,1,10.2,26,2025-10-23,,0
2776,Undergraduate,4500.0,10.7,5,0,9.5,35,2025-11-27,,0
2777,Graduate,6000.0,0.0,6,0,13.2,23,2026-05-03,,0
2778,Graduate,6000.0,1.0,7,0,0.7,48,2025-10-31,2026-05-11,1
2779,Undergraduate,4500.0,11.2,7,0,6.4,19,2026-04-04,,0
2780,Undergraduate,4500.0,6.2,10,2,12.7,18,2026-04-03,,0
2781,Undergraduate,4500.0,6.8,7,1,4.8,8,2026-05-14,,0
2782,Undergraduate,4500.0,7.3,5,0,3.8,31,2026-03-04,,0
2783,Graduate,6000.0,0.7,5,2,8.7,33,2025-09-03,,0
2784,Certificate,1200.0,4.3,7,0,12.1,12,2026-08-12,,0
2785,Certificate,1200.0,8.6,11,0,15.2,21,2026-01-27,,0
2786,Undergraduate,4500.0,15.2,14,2,18.2,21,2026-06-29,2026-08-04,1
2787,Graduate,6000.0,5.5,13,2,12.6,22,2026-07-17,2026-08-15,1
2788,Undergraduate,4500.0,0.7,1,0,10.0,30,2026-08-11,2026-08-18,1
2789,Graduate,6000.0,10.0,13,1,8.3,13,2026-05-24,,0
2790,Undergraduate,4500.0,9.6,12,1,27.1,7,2025-12-08,,0
2791,Undergraduate,4500.0,13.3,20,2,24.0,20,2025-12-06,,0
2792,Graduate,6000.0,9.0,16,2,14.1,17,2025-11-13,,0
2793,Undergraduate,4500.0,9.0,18,1,18.3,16,2026-07-09,2026-08-15,1
2794,Undergraduate,4500.0,2.1,3,1,4.7,43,2026-07-23,2026-07-25,1
2795,Certificate,1200.0,9.4,15,0,13.7,10,2025-09-07,,0
2796,Certificate,1200.0,8.6,11,1,10.3,17,2025-09-29,,0
2797,Certificate,1200.0,6.8,10,1,13.9,23,2025-12-19,,0
2798,Undergraduate,4500.0,5.0,6,1,10.5,27,2025-10-29,,0
2799,Undergraduate,4500.0,8.7,17,0,15.1,7,2025-11-11,,0
2800,Undergraduate,4500.0,0.6,6,0,13.8,42,2026-02-02,,0
2801,Certificate,1200.0,11.9,12,0,15.8,22,2026-03-11,,0
2802,Undergraduate,4500.0,2.0,1,1,0.0,52,2025-09-08,2025-12-09,1
2803,Undergraduate,4500.0,6.6,13,1,19.3,26,2025-12-28,2026-03-29,1
2804,Graduate,6000.0,12.0,15,2,10.5,0,2025-10-13,,0
2805,Undergraduate,4500.0,10.7,6,1,2.8,27,2026-06-17,2026-08-05,1
2806,Certificate,1200.0,18.7,18,2,17.8,3,2026-06-11,,0
2807,Undergraduate,4500.0,5.0,12,0,13.0,21,2026-01-14,2026-06-16,1
2808,Graduate,6000.0,6.3,13,0,4.8,31,2025-09-17,,0
2809,Undergraduate,4500.0,8.7,14,2,12.1,1,2026-01-17,2026-04-29,1
2810,Graduate,6000.0,4.9,1,0,0.0,58,2026-03-23,2026-06-02,1
2811,Graduate,6000.0,7.5,8,1,14.7,16,2026-08-22,,0
2812,Undergraduate,4500.0,6.6,3,0,13.7,21,2026-07-06,,0
2813,Graduate,6000.0,16.1,13,1,7.4,21,2026-06-08,2026-08-06,1
2814,Certificate,1200.0,1.7,5,0,7.3,47,2026-06-19,,0
2815,Graduate,6000.0,8.4,4,0,13.0,31,2025-12-18,,0
2816,Graduate,6000.0,8.9,11,0,6.5,17,2025-12-25,,0
2817,Graduate,6000.0,1.9,7,1,0.0,38,2026-04-15,2026-05-09,1
2818,Undergraduate,4500.0,10.5,4,1,4.4,15,2025-09-05,2026-07-19,1
2819,Undergraduate,4500.0,4.3,8,5,6.2,18,2026-04-10,,0
2820,Certificate,1200.0,12.6,16,2,19.2,18,2026-03-22,,0
2821,Undergraduate,4500.0,8.8,16,2,13.5,7,2026-02-20,,0
2822,Undergraduate,4500.0,7.4,6,0,6.7,27,2026-02-03,,0
2823,Undergraduate,4500.0,8.2,17,2,16.0,6,2026-06-23,,0
2824,Undergraduate,4500.0,7.6,12,1,7.3,12,2026-05-14,,0
2825,Undergraduate,4500.0,7.5,14,0,14.2,12,2025-12-23,,0
2826,Certificate,1200.0,1.2,9,2,6.4,28,2025-10-27,2026-04-20,1
2827,Undergraduate,4500.0,7.9,11,0,7.3,14,2026-03-30,,0
2828,Undergraduate,4500.0,3.9,6,2,9.0,38,2026-07-20,,0
2829,Undergraduate,4500.0,3.9,2,0,10.8,49,2025-10-25,2026-03-10,1
2830,Undergraduate,4500.0,11.4,12,3,24.5,11,2026-01-31,,0
2831,Certificate,1200.0,8.7,14,5,9.2,13,2026-03-25,,0
2832,Graduate,6000.0,9.6,11,2,11.7,8,2026-01-30,2026-06-04,1
2833,Undergraduate,4500.0,0.0,2,0,2.8,49,2025-11-04,2026-05-27,1
2834,Certificate,1200.0,8.9,6,1,11.7,30,2026-08-31,,0
2835,Undergraduate,4500.0,4.3,4,0,0.0,21,2026-04-22,2026-07-29,1
2836,Undergraduate,4500.0,4.6,12,1,9.4,25,2025-09-22,2026-02-20,1
2837,Undergraduate,4500.0,8.2,15,2,13.1,0,2026-05-14,,0
2838,Certificate,1200.0,1.4,8,0,0.0,27,2025-09-10,,0
2839,Certificate,1200.0,4.9,8,0,0.0,38,2026-05-21,,0
2840,Certificate,1200.0,12.3,17,1,12.7,11,2026-03-14,,0
2841,Certificate,1200.0,16.1,20,2,16.7,16,2026-08-06,,0
2842,Undergraduate,4500.0,9.6,8,0,13.6,23,2025-12-10,,0
2843,Graduate,6000.0,18.8,19,0,17.2,7,2026-06-05,,0
2844,Undergraduate,4500.0,10.5,15,0,19.0,4,2025-10-26,,0
2845,Undergraduate,4500.0,1.0,4,0,2.5,36,2026-07-15,,0
2846,Undergraduate,4500.0,1.2,8,1,3.3,45,2026-07-20,2026-08-19,1
2847,Undergraduate,4500.0,13.0,18,3,13.6,14,2026-03-13,,0
2848,Certificate,1200.0,11.6,17,0,18.5,6,2026-08-01,,0
2849,Certificate,1200.0,9.4,9,1,15.1,15,2026-05-03,2026-08-17,1
2850,Certificate,1200.0,1.5,5,0,5.8,18,2025-12-23,,0
2851,Undergraduate,4500.0,5.4,6,1,1.1,25,2026-02-28,2026-04-05,1
2852,Undergraduate,4500.0,11.4,12,0,16.0,19,2026-02-08,,0
2853,Undergraduate,4500.0,6.7,5,1,10.8,23,2026-07-29,,0
2854,Undergraduate,4500.0,9.5,9,1,21.5,3,2025-12-27,,0
2855,Graduate,6000.0,14.8,10,3,11.6,4,2026-07-29,,0
2856,Undergraduate,4500.0,17.5,20,1,11.8,16,2026-02-04,,0
2857,Undergraduate,4500.0,5.1,9,1,15.1,19,2025-11-16,,0
2858,Undergraduate,4500.0,11.0,17,0,9.7,13,2025-12-09,,0
2859,Undergraduate,4500.0,3.2,17,5,13.5,7,2026-04-25,,0
2860,Undergraduate,4500.0,7.5,7,1,13.6,46,2026-07-06,,0
2861,Undergraduate,4500.0,8.2,14,1,11.6,13,2025-11-01,2026-07-27,1
2862,Certificate,1200.0,11.6,18,5,27.9,17,2026-06-14,,0
2863,Undergraduate,4500.0,0.0,6,0,0.0,29,2026-03-04,2026-03-12,1
2864,Graduate,6000.0,3.1,10,1,9.4,32,2026-06-06,2026-07-12,1
2865,Undergraduate,4500.0,10.4,11,1,9.9,16,2026-08-21,,0
2866,Graduate,6000.0,5.9,12,1,16.7,15,2026-04-01,,0
2867,Undergraduate,4500.0,2.5,2,0,3.4,43,2026-02-12,,0
2868,Undergraduate,4500.0,9.0,12,2,18.4,16,2025-11-27,,0
2869,Undergraduate,4500.0,9.9,11,0,5.1,23,2025-12-10,2026-02-28,1
2870,Undergraduate,4500.0,9.8,16,2,8.5,14,2025-11-01,,0
2871,Graduate,6000.0,4.1,11,0,19.2,27,2025-11-07,,0
2872,Certificate,1200.0,3.3,5,1,6.4,37,2026-04-07,2026-05-12,1
2873,Undergraduate,4500.0,13.3,16,1,8.2,20,2026-04-29,2026-06-29,1
2874,Undergraduate,4500.0,8.3,5,2,0.7,28,2026-01-24,,0
2875,Graduate,6000.0,1.0,5,0,14.3,34,2026-03-09,2026-05-16,1
2876,Undergraduate,4500.0,0.3,3,0,0.0,44,2026-05-16,2026-05-23,1
2877,Graduate,6000.0,8.7,10,0,22.9,22,2026-08-20,,0
2878,Graduate,6000.0,6.1,8,0,12.2,27,2026-03-11,,0
2879,Undergraduate,4500.0,3.3,9,0,12.0,20,2026-03-13,,0
2880,Graduate,6000.0,1.3,9,0,5.3,35,2025-09-22,,0
2881,Graduate,6000.0,11.6,16,1,21.0,22,2025-11-08,,0
2882,Undergraduate,4500.0,6.6,11,2,0.0,16,2026-05-25,2026-07-25,1
2883,Undergraduate,4500.0,5.0,6,3,8.2,23,2026-07-22,,0
2884,Undergraduate,4500.0,13.1,15,1,15.5,11,2025-11-17,,0
2885,Undergraduate,4500.0,15.7,12,0,10.9,12,2026-03-07,,0
2886,Certificate,1200.0,6.9,8,0,10.0,31,2026-08-16,,0
2887,Undergraduate,4500.0,11.9,11,0,10.2,19,2025-11-29,,0
2888,Undergraduate,4500.0,10.3,17,2,17.0,15,2026-04-27,,0
2889,Undergraduate,4500.0,11.1,15,2,15.7,15,2026-06-30,,0
2890,Certificate,1200.0,11.3,14,1,8.5,18,2026-01-03,,0
2891,Undergraduate,4500.0,0.8,4,2,6.0,32,2025-11-18,,0
2892,Undergraduate,4500.0,3.0,4,1,8.3,38,2025-11-21,2026-01-19,1
2893,Undergraduate,4500.0,5.6,3,2,1.2,42,2026-05-23,,0
2894,Undergraduate,4500.0,6.5,14,1,21.3,6,2026-01-27,,0
2895,Certificate,1200.0,10.9,9,0,21.3,26,2026-03-14,,0
2896,Undergraduate,4500.0,8.6,13,0,12.8,44,2025-10-18,,0
2897,Graduate,6000.0,3.2,8,2,11.7,36,2026-06-23,,0
2898,Certificate,1200.0,9.4,10,0,8.2,33,2025-11-05,,0
2899,Undergraduate,4500.0,3.6,7,0,10.2,40,2026-04-27,,0
2900,Certificate,1200.0,12.8,16,0,25.6,2,2026-01-18,,0
2901,Undergraduate,4500.0,0.2,6,2,12.3,26,2026-03-01,,0
2902,Certificate,1200.0,10.2,12,2,12.2,19,2026-04-26,,0
2903,Undergraduate,4500.0,14.6,17,1,17.8,0,2026-06-08,,0
2904,Undergraduate,4500.0,17.8,19,1,19.6,0,2026-04-21,,0
2905,Certificate,1200.0,5.4,3,0,9.1,31,2026-01-22,,0
2906,Undergraduate,4500.0,10.3,11,2,8.9,29,2026-01-19,,0
2907,Undergraduate,4500.0,4.8,4,1,8.4,13,2026-01-16,2026-03-05,1
2908,Undergraduate,4500.0,11.2,14,1,23.3,9,2026-01-04,,0
2909,Graduate,6000.0,11.4,14,2,4.9,21,2026-08-13,,0
2910,Undergraduate,4500.0,2.7,7,0,2.5,21,2026-04-09,2026-06-13,1
2911,Graduate,6000.0,9.4,6,2,2.0,6,2026-05-09,,0
2912,Undergraduate,4500.0,2.7,0,0,0.0,35,2026-04-08,2026-04-30,1
2913,Certificate,1200.0,9.7,3,2,18.1,20,2026-04-14,2026-07-31,1
2914,Certificate,1200.0,9.3,11,2,20.1,18,2026-06-28,,0
2915,Undergraduate,4500.0,4.1,13,1,9.1,28,2025-09-13,2025-12-25,1
2916,Undergraduate,4500.0,16.2,13,2,17.0,17,2026-08-31,,0
2917,Graduate,6000.0,7.3,6,1,7.2,24,2026-01-26,,0
2918,Undergraduate,4500.0,12.0,8,1,8.7,5,2026-03-16,2026-05-23,1
2919,Undergraduate,4500.0,5.9,5,2,20.5,27,2025-12-18,2026-03-05,1
2920,Undergraduate,4500.0,5.4,11,1,13.9,28,2025-11-01,2026-04-03,1
2921,Undergraduate,4500.0,5.5,8,0,8.4,37,2026-01-07,2026-02-23,1
2922,Undergraduate,4500.0,11.6,10,4,9.6,17,2025-11-25,,0
2923,Certificate,1200.0,10.1,9,0,9.5,31,2026-05-24,,0
2924,Certificate,1200.0,4.6,9,0,5.8,20,2025-09-03,,0
2925,Undergraduate,4500.0,4.8,9,1,12.8,26,2026-07-31,,0
2926,Certificate,1200.0,6.6,2,0,10.0,42,2025-12-30,2026-04-18,1
2927,Undergraduate,4500.0,2.5,10,1,8.6,22,2026-07-09,,0
2928,Certificate,1200.0,11.1,18,2,8.8,13,2026-06-07,2026-07-31,1
2929,Certificate,1200.0,2.2,7,0,15.6,26,2025-11-03,2026-03-03,1
2930,Graduate,6000.0,5.7,8,0,6.9,39,2025-12-27,2026-01-02,1
2931,Graduate,6000.0,18.0,11,1,18.3,18,2026-01-12,,0
2932,Undergraduate,4500.0,5.0,15,2,12.3,9,2025-11-02,,0
2933,Undergraduate,4500.0,12.8,7,2,0.2,32,2026-05-22,2026-08-05,1
2934,Undergraduate,4500.0,4.6,7,1,6.7,31,2026-01-10,,0
2935,Certificate,1200.0,6.0,6,1,5.1,33,2026-06-19,,0
2936,Undergraduate,4500.0,6.7,13,4,18.2,19,2026-03-09,,0
2937,Certificate,1200.0,8.9,0,1,12.4,31,2026-04-06,,0
2938,Undergraduate,4500.0,5.0,10,0,10.3,29,2026-01-18,2026-04-11,1
2939,Graduate,6000.0,11.1,16,0,20.0,18,2026-08-08,,0
2940,Undergraduate,4500.0,0.0,0,1,13.0,45,2026-08-22,2026-08-22,1
2941,Graduate,6000.0,7.4,11,0,11.5,19,2026-08-20,2026-08-25,1
2942,Undergraduate,4500.0,14.6,15,3,21.5,9,2026-05-27,,0
2943,Undergraduate,4500.0,9.0,12,2,15.4,2,2026-02-02,,0
2944,Undergraduate,4500.0,18.1,17,1,10.0,6,2026-07-05,2026-08-08,1
2945,Undergraduate,4500.0,10.2,11,1,8.3,34,2025-09-04,,0
2946,Undergraduate,4500.0,5.4,7,0,5.4,21,2026-04-03,,0
2947,Undergraduate,4500.0,11.2,5,0,9.7,27,2026-05-13,2026-05-30,1
2948,Undergraduate,4500.0,8.9,15,1,7.8,17,2025-10-10,,0
2949,Undergraduate,4500.0,8.5,11,1,14.1,17,2026-06-29,,0
2950,Undergraduate,4500.0,9.4,12,1,17.0,20,2026-06-24,,0
2951,Certificate,1200.0,5.1,9,0,12.6,24,2026-04-15,,0
2952,Undergraduate,4500.0,1.5,11,0,20.7,15,2026-08-06,2026-08-21,1
2953,Certificate,1200.0,10.6,13,2,6.5,4,2025-12-26,,0
2954,Undergraduate,4500.0,4.0,12,3,4.8,25,2025-11-21,2026-01-08,1
2955,Undergraduate,4500.0,9.9,2,3,21.4,32,2026-04-24,2026-07-23,1
2956,Certificate,1200.0,17.5,18,2,22.0,3,2025-10-19,,0
2957,Graduate,6000.0,13.9,13,3,16.2,11,2026-08-29,,0
2958,Undergraduate,4500.0,9.6,16,2,13.9,12,2026-02-19,,0
2959,Undergraduate,4500.0,0.0,6,0,3.7,45,2025-12-08,,0
2960,Certificate,1200.0,6.4,12,1,1.4,16,2026-04-16,,0
2961,Graduate,6000.0,16.2,9,2,9.9,19,2025-09-20,,0
2962,Undergraduate,4500.0,3.3,7,0,6.7,23,2026-03-27,2026-07-03,1
2963,Undergraduate,4500.0,0.0,3,0,3.0,37,2025-09-30,2026-01-26,1
2964,Certificate,1200.0,13.4,14,1,10.8,22,2026-01-03,,0
2965,Undergraduate,4500.0,13.1,4,3,24.2,28,2026-06-08,,0
2966,Graduate,6000.0,11.0,3,0,6.7,39,2025-11-01,,0
2967,Undergraduate,4500.0,9.7,12,2,10.2,27,2026-08-20,2026-08-23,1
2968,Certificate,1200.0,6.0,4,0,4.4,48,2026-06-23,2026-06-24,1
2969,Certificate,1200.0,9.6,11,1,15.5,30,2025-11-20,,0
2970,Certificate,1200.0,7.8,16,0,16.4,0,2025-10-06,,0
2971,Undergraduate,4500.0,8.9,9,1,18.0,14,2026-04-12,2026-06-27,1
2972,Graduate,6000.0,11.4,13,3,14.9,5,2026-01-04,2026-05-31,1
2973,Graduate,6000.0,6.6,8,0,2.8,33,2025-12-20,2026-04-25,1
2974,Undergraduate,4500.0,4.4,11,0,6.0,18,2025-12-05,2026-02-18,1
2975,Certificate,1200.0,3.8,8,0,8.1,11,2025-10-05,2026-04-22,1
2976,Graduate,6000.0,3.8,9,2,8.0,16,2026-07-31,,0
2977,Undergraduate,4500.0,17.1,11,2,18.0,0,2026-06-22,2026-08-24,1
2978,Undergraduate,4500.0,10.7,6,1,9.9,32,2025-09-30,2026-04-03,1
2979,Undergraduate,4500.0,10.7,15,2,16.9,4,2026-02-14,,0
2980,Certificate,1200.0,6.3,6,0,8.9,15,2026-02-20,,0
2981,Graduate,6000.0,7.0,12,0,13.7,15,2026-04-06,,0
2982,Graduate,6000.0,4.9,5,0,0.0,36,2026-04-21,,0
2983,Undergraduate,4500.0,14.9,17,1,16.7,1,2026-06-03,,0
2984,Undergraduate,4500.0,1.5,9,0,10.6,21,2026-04-08,2026-08-22,1
2985,Undergraduate,4500.0,3.7,6,0,0.0,38,2026-08-05,2026-08-15,1
2986,Certificate,1200.0,6.3,8,2,7.6,28,2026-05-17,2026-06-07,1
2987,Undergraduate,4500.0,10.1,15,2,14.6,17,2025-09-03,,0
2988,Undergraduate,4500.0,13.9,10,1,17.9,27,2026-07-03,,0
2989,Graduate,6000.0,8.2,2,0,5.3,56,2025-12-07,,0
2990,Certificate,1200.0,8.5,12,2,13.9,15,2026-08-19,,0
2991,Undergraduate,4500.0,8.5,10,0,13.4,15,2025-12-07,,0
2992,Undergraduate,4500.0,5.1,9,0,4.9,29,2026-05-27,2026-07-27,1
2993,Undergraduate,4500.0,3.0,7,0,8.5,32,2025-12-18,,0
2994,Undergraduate,4500.0,10.1,15,0,9.2,17,2026-03-03,,0
2995,Graduate,6000.0,8.7,7,0,14.4,30,2025-11-21,2026-06-28,1
2996,Undergraduate,4500.0,5.1,9,1,0.0,49,2025-12-31,2026-03-13,1
2997,Undergraduate,4500.0,3.4,11,2,12.1,13,2026-02-09,,0
2998,Certificate,1200.0,4.2,10,1,7.6,24,2025-12-07,,0
2999,Undergraduate,4500.0,4.6,8,0,12.8,39,2025-09-13,2025-11-05,1
3000,Undergraduate,4500.0,0.1,6,0,0.0,33,2026-01-26,,0
3001,Undergraduate,4500.0,2.8,0,0,2.9,46,2026-06-29,2026-07-15,1
3002,Undergraduate,4500.0,6.4,7,1,7.1,35,2026-07-20,,0
3003,Undergraduate,4500.0,13.4,15,2,16.1,24,2026-02-13,,0
3004,Undergraduate,4500.0,5.0,6,1,4.8,38,2026-03-27,2026-06-08,1
3005,Graduate,6000.0,7.0,13,0,14.8,22,2026-01-21,,0
3006,Certificate,1200.0,11.4,5,0,0.0,11,2025-12-31,,0
3007,Undergraduate,4500.0,7.9,10,1,7.9,14,2026-06-24,,0
3008,Undergraduate,4500.0,5.1,7,0,0.0,47,2025-12-03,2025-12-30,1
3009,Undergraduate,4500.0,4.6,5,0,11.0,18,2025-09-04,2025-12-28,1
3010,Graduate,6000.0,10.7,10,3,11.8,27,2026-05-05,2026-07-24,1
3011,Certificate,1200.0,17.1,18,3,20.3,0,2025-09-27,,0
3012,Undergraduate,4500.0,7.1,3,0,12.4,23,2025-09-27,2026-01-06,1
3013,Graduate,6000.0,5.2,9,2,5.3,37,2026-04-01,2026-06-15,1
3014,Undergraduate,4500.0,3.6,6,1,11.3,27,2025-11-14,2026-02-27,1
3015,Undergraduate,4500.0,19.1,20,0,18.0,2,2025-09-25,,0
3016,Graduate,6000.0,10.1,10,0,9.6,16,2025-10-25,,0
3017,Certificate,1200.0,5.8,6,0,16.1,8,2026-04-12,,0
3018,Undergraduate,4500.0,10.3,5,0,18.5,32,2025-12-31,,0
3019,Graduate,6000.0,0.0,4,0,0.0,42,2026-01-27,2026-03-10,1
3020,Certificate,1200.0,15.0,13,1,18.6,0,2026-04-02,2026-07-28,1
3021,Undergraduate,4500.0,7.2,0,2,5.3,37,2026-01-10,2026-01-24,1
3022,Undergraduate,4500.0,4.5,12,1,11.4,28,2025-09-25,2026-02-21,1
3023,Graduate,6000.0,4.7,3,1,5.1,35,2026-08-22,2026-08-24,1
3024,Graduate,6000.0,12.9,16,1,12.4,14,2025-10-06,2026-06-30,1
3025,Graduate,6000.0,17.0,15,1,0.0,18,2026-04-19,,0
3026,Certificate,1200.0,0.0,3,1,10.4,33,2025-11-02,2026-01-19,1
3027,Undergraduate,4500.0,9.0,13,1,2.8,31,2026-07-23,2026-08-08,1
3028,Graduate,6000.0,8.1,6,0,9.5,27,2025-10-10,,0
3029,Undergraduate,4500.0,0.0,0,0,0.0,51,2026-03-21,,0
3030,Undergraduate,4500.0,0.6,0,0,0.0,49,2025-10-01,2025-10-17,1
3031,Certificate,1200.0,6.5,15,2,9.9,20,2026-03-28,,0
3032,Graduate,6000.0,6.4,18,1,12.5,21,2025-12-02,,0
3033,Certificate,1200.0,8.5,14,4,6.5,26,2026-01-26,2026-04-16,1
3034,Undergraduate,4500.0,14.3,13,2,15.9,5,2026-06-19,2026-08-12,1
3035,Graduate,6000.0,8.0,8,0,9.5,20,2026-06-01,,0
3036,Graduate,6000.0,5.1,6,0,13.6,30,2026-02-16,,0
3037,Graduate,6000.0,10.3,12,3,7.6,24,2026-03-07,,0
3038,Undergraduate,4500.0,3.0,9,0,0.0,21,2026-01-19,2026-02-20,1
3039,Certificate,1200.0,10.3,12,2,16.5,29,2025-11-10,,0
3040,Undergraduate,4500.0,13.5,13,4,10.3,24,2025-11-22,2026-02-10,1
3041,Certificate,1200.0,7.7,12,1,4.7,26,2026-08-10,2026-08-21,1
3042,Graduate,6000.0,0.0,0,1,0.0,37,2026-03-04,,0
3043,Undergraduate,4500.0,0.0,1,0,0.1,47,2026-07-08,2026-08-10,1
3044,Undergraduate,4500.0,5.1,3,0,5.6,26,2026-02-25,2026-04-10,1
3045,Certificate,1200.0,9.0,7,4,6.5,27,2026-02-17,,0
3046,Undergraduate,4500.0,10.9,8,0,4.1,12,2025-09-02,,0
3047,Graduate,6000.0,11.8,7,1,12.4,12,2026-04-12,,0
3048,Undergraduate,4500.0,5.1,7,1,12.9,50,2026-03-19,2026-05-28,1
3049,Certificate,1200.0,6.7,7,0,0.0,32,2026-02-26,2026-06-30,1
3050,Certificate,1200.0,0.0,3,0,0.0,37,2026-07-15,2026-08-11,1
3051,Undergraduate,4500.0,3.6,4,0,8.1,38,2026-08-10,2026-08-15,1
3052,Certificate,1200.0,5.1,8,2,18.9,13,2025-12-15,2026-04-23,1
3053,Graduate,6000.0,10.9,17,1,4.2,9,2026-05-14,,0
3054,Undergraduate,4500.0,12.8,4,0,9.0,35,2026-04-21,2026-05-12,1
3055,Certificate,1200.0,10.9,12,2,21.5,13,2025-09-03,,0
3056,Undergraduate,4500.0,2.8,5,0,2.9,23,2026-06-02,2026-07-15,1
3057,Undergraduate,4500.0,12.5,14,0,22.9,15,2025-10-05,,0
3058,Certificate,1200.0,8.7,19,1,12.8,16,2026-01-14,2026-05-30,1
3059,Undergraduate,4500.0,5.3,11,0,12.5,24,2026-05-27,2026-07-30,1
3060,Certificate,1200.0,9.1,0,0,0.1,42,2025-09-17,,0
3061,Undergraduate,4500.0,6.0,6,0,8.7,35,2026-01-16,2026-02-17,1
3062,Graduate,6000.0,7.6,7,1,12.9,24,2026-05-09,2026-05-27,1
3063,Graduate,6000.0,2.2,5,0,13.1,47,2026-03-20,,0
3064,Undergraduate,4500.0,9.7,12,2,21.4,5,2026-04-18,,0
3065,Undergraduate,4500.0,10.3,11,2,7.5,13,2025-10-27,2026-04-05,1
3066,Certificate,1200.0,9.9,10,1,27.5,23,2026-03-15,,0
3067,Undergraduate,4500.0,0.0,16,1,18.1,14,2026-08-18,,0
3068,Undergraduate,4500.0,19.4,13,0,18.9,0,2025-12-23,,0
3069,Undergraduate,4500.0,5.8,6,0,2.0,36,2025-11-28,,0
3070,Certificate,1200.0,8.3,14,0,2.1,22,2026-04-09,2026-07-10,1
3071,Graduate,6000.0,11.5,12,0,3.8,10,2025-09-29,2026-06-23,1
3072,Graduate,6000.0,7.2,15,1,3.1,43,2026-03-29,2026-06-13,1
3073,Undergraduate,4500.0,8.9,8,2,15.7,12,2026-05-27,2026-07-13,1
3074,Undergraduate,4500.0,3.9,8,0,9.4,29,2025-12-19,,0
3075,Certificate,1200.0,4.9,17,2,8.5,4,2026-07-16,,0
3076,Undergraduate,4500.0,9.0,6,0,10.2,23,2025-09-06,2025-11-15,1
3077,Undergraduate,4500.0,12.9,7,2,10.2,14,2025-12-25,,0
3078,Certificate,1200.0,11.6,16,3,22.1,11,2026-05-08,,0
3079,Undergraduate,4500.0,6.8,14,1,7.6,18,2026-08-02,2026-08-11,1
3080,Undergraduate,4500.0,7.4,0,0,6.8,44,2026-01-30,,0
3081,Undergraduate,4500.0,5.3,11,0,10.4,22,2026-01-29,,0
3082,Undergraduate,4500.0,1.5,5,0,0.0,24,2025-11-15,2025-11-20,1
3083,Certificate,1200.0,4.1,13,3,14.9,31,2026-05-20,,0
3084,Certificate,1200.0,13.3,20,1,16.5,2,2026-06-15,,0
3085,Undergraduate,4500.0,4.4,13,0,7.2,3,2026-04-03,2026-06-19,1
3086,Undergraduate,4500.0,4.1,12,0,11.8,20,2025-11-06,,0
3087,Certificate,1200.0,14.1,19,2,18.1,0,2025-10-04,,0
3088,Undergraduate,4500.0,3.2,2,0,5.4,50,2026-04-24,,0
3089,Undergraduate,4500.0,10.4,6,2,3.2,30,2026-08-14,,0
3090,Undergraduate,4500.0,17.6,14,2,20.1,6,2026-07-22,,0
3091,Graduate,6000.0,15.8,15,3,25.9,15,2026-02-14,,0
3092,Undergraduate,4500.0,6.4,5,1,0.0,18,2026-08-22,,0
3093,Undergraduate,4500.0,4.0,0,0,7.7,27,2025-12-10,,0
3094,Undergraduate,4500.0,3.7,7,0,3.5,31,2026-08-19,,0
3095,Undergraduate,4500.0,6.1,8,1,21.5,28,2026-03-30,2026-07-09,1
3096,Certificate,1200.0,10.8,14,2,18.2,14,2025-11-13,,0
3097,Certificate,1200.0,6.6,10,2,6.9,32,2026-03-14,,0
3098,Graduate,6000.0,7.5,8,3,1.4,31,2025-12-28,,0
3099,Certificate,1200.0,5.4,5,2,2.8,28,2026-05-02,,0
3100,Undergraduate,4500.0,10.9,6,0,15.1,26,2025-11-15,,0
3101,Undergraduate,4500.0,9.7,10,1,1.1,30,2026-03-29,,0
3102,Undergraduate,4500.0,8.5,5,0,1.1,32,2025-11-30,,0
3103,Graduate,6000.0,12.0,19,0,16.2,22,2025-09-18,,0
3104,Undergraduate,4500.0,0.2,8,1,4.2,44,2026-04-14,,0
3105,Certificate,1200.0,1.5,1,0,7.3,47,2026-06-08,,0
3106,Undergraduate,4500.0,6.2,13,0,8.8,15,2025-09-25,,0
3107,Undergraduate,4500.0,4.3,9,0,9.3,22,2025-12-26,,0
3108,Undergraduate,4500.0,7.7,11,0,3.8,26,2025-10-15,,0
3109,Undergraduate,4500.0,5.0,6,1,15.5,15,2026-04-15,,0
3110,Undergraduate,4500.0,8.3,11,1,14.2,27,2026-04-26,2026-08-12,1
3111,Undergraduate,4500.0,8.0,6,0,12.7,14,2026-07-17,,0
3112,Graduate,6000.0,5.7,13,1,17.1,19,2025-11-22,2026-07-05,1
3113,Undergraduate,4500.0,6.2,8,0,4.3,33,2025-10-27,2026-03-21,1
3114,Undergraduate,4500.0,5.8,1,0,5.7,26,2025-11-05,,0
3115,Certificate,1200.0,6.8,11,1,3.6,17,2026-05-17,2026-08-30,1
3116,Undergraduate,4500.0,9.6,15,4,2.5,19,2026-03-06,,0
3117,Undergraduate,4500.0,10.3,13,2,11.3,26,2026-03-04,,0
3118,Undergraduate,4500.0,0.0,3,0,1.8,52,2026-07-19,2026-07-28,1
3119,Undergraduate,4500.0,7.4,10,0,5.5,21,2026-08-31,,0
3120,Undergraduate,4500.0,14.5,14,2,13.1,0,2026-05-02,,0
3121,Undergraduate,4500.0,7.3,13,0,20.4,29,2026-02-26,,0
3122,Undergraduate,4500.0,0.0,4,0,8.6,27,2025-09-05,2025-12-30,1
3123,Graduate,6000.0,8.0,19,0,10.5,22,2025-10-17,,0
3124,Undergraduate,4500.0,7.4,14,0,9.4,30,2025-12-13,,0
3125,Undergraduate,4500.0,7.5,15,0,17.2,23,2025-09-14,,0
3126,Graduate,6000.0,3.6,9,0,3.1,37,2025-11-22,2026-02-08,1
3127,Certificate,1200.0,17.6,16,3,12.8,0,2026-02-20,,0
3128,Undergraduate,4500.0,3.5,6,0,8.5,14,2025-10-03,2026-06-27,1
3129,Graduate,6000.0,7.7,13,1,16.9,22,2025-09-30,,0
3130,Undergraduate,4500.0,10.8,6,0,11.8,26,2026-06-18,2026-07-14,1
3131,Certificate,1200.0,7.4,10,1,4.6,24,2026-05-20,,0
3132,Graduate,6000.0,10.6,12,2,17.9,15,2025-09-12,,0
3133,Certificate,1200.0,10.1,19,1,14.1,12,2026-08-29,,0
3134,Undergraduate,4500.0,9.1,13,1,5.4,12,2026-02-23,2026-07-26,1
3135,Certificate,1200.0,12.1,8,2,7.9,31,2026-04-14,,0
3136,Undergraduate,4500.0,0.0,0,0,0.0,49,2025-12-03,2026-01-03,1
3137,Undergraduate,4500.0,2.7,10,1,12.4,28,2025-09-16,2026-02-07,1
3138,Undergraduate,4500.0,1.6,4,0,15.4,34,2026-05-07,,0
3139,Graduate,6000.0,6.3,15,1,6.0,28,2026-06-12,2026-07-25,1
3140,Undergraduate,4500.0,1.8,6,0,4.8,38,2026-05-03,,0
3141,Undergraduate,4500.0,3.9,12,1,12.3,30,2025-12-13,,0
3142,Graduate,6000.0,0.0,3,0,9.4,48,2026-04-22,2026-05-25,1
3143,Graduate,6000.0,14.9,20,1,10.0,0,2026-01-09,,0
3144,Certificate,1200.0,4.7,6,2,7.6,30,2026-04-26,,0
3145,Certificate,1200.0,5.4,6,0,5.3,29,2025-12-04,,0
3146,Undergraduate,4500.0,1.3,11,2,4.3,20,2026-08-09,2026-08-21,1
3147,Graduate,6000.0,5.3,9,0,8.5,40,2026-04-28,2026-06-06,1
3148,Undergraduate,4500.0,0.0,7,0,0.0,45,2026-05-11,2026-06-09,1
3149,Certificate,1200.0,1.2,2,2,0.6,22,2026-01-25,,0
3150,Undergraduate,4500.0,9.8,4,1,3.7,41,2026-01-07,2026-04-08,1
3151,Undergraduate,4500.0,8.0,11,0,0.0,34,2025-12-09,,0
3152,Undergraduate,4500.0,6.1,7,1,0.0,20,2025-10-06,,0
3153,Graduate,6000.0,19.4,15,1,17.6,9,2025-11-14,,0
3154,Undergraduate,4500.0,4.8,9,2,6.4,10,2026-08-16,,0
3155,Undergraduate,4500.0,9.4,8,1,18.5,25,2025-12-27,,0
3156,Undergraduate,4500.0,1.1,8,0,17.4,27,2026-08-25,,0
3157,Undergraduate,4500.0,6.5,7,2,7.1,30,2026-04-03,,0
3158,Undergraduate,4500.0,0.4,5,1,17.6,34,2026-01-27,,0
3159,Undergraduate,4500.0,7.1,9,0,13.2,17,2026-05-07,,0
3160,Undergraduate,4500.0,10.8,14,0,11.0,15,2025-12-19,2026-06-06,1
3161,Undergraduate,4500.0,7.7,16,2,0.0,17,2025-11-14,,0
3162,Undergraduate,4500.0,11.0,13,0,13.7,14,2026-01-21,2026-05-09,1
3163,Certificate,1200.0,3.6,8,0,7.2,16,2026-02-21,,0
3164,Undergraduate,4500.0,9.2,9,1,13.1,25,2025-09-10,,0
3165,Undergraduate,4500.0,13.8,13,1,13.9,15,2026-01-05,,0
3166,Undergraduate,4500.0,8.0,20,2,10.8,12,2026-06-09,,0
3167,Undergraduate,4500.0,7.6,10,0,11.0,10,2026-01-04,,0
3168,Certificate,1200.0,4.5,6,0,9.3,33,2026-03-09,,0
3169,Graduate,6000.0,10.5,13,1,9.7,8,2026-08-23,2026-08-27,1
3170,Graduate,6000.0,10.9,8,0,7.1,17,2025-10-01,,0
3171,Undergraduate,4500.0,13.2,15,0,10.8,4,2025-11-14,,0
3172,Undergraduate,4500.0,7.3,9,1,11.5,22,2026-01-18,,0
3173,Undergraduate,4500.0,1.4,4,1,0.0,20,2025-12-29,2026-05-08,1
3174,Undergraduate,4500.0,12.6,13,1,20.1,2,2026-02-02,,0
3175,Graduate,6000.0,8.1,16,1,8.3,15,2026-04-28,,0
3176,Certificate,1200.0,0.0,0,0,0.0,52,2025-09-25,,0
3177,Certificate,1200.0,8.9,11,2,23.0,11,2026-02-11,,0
3178,Undergraduate,4500.0,10.5,12,2,10.3,20,2026-04-30,,0
3179,Certificate,1200.0,11.0,19,2,14.7,9,2025-12-25,,0
3180,Undergraduate,4500.0,1.0,3,0,7.4,33,2026-07-05,2026-07-23,1
3181,Undergraduate,4500.0,8.3,12,5,0.4,26,2026-05-07,,0
3182,Certificate,1200.0,0.0,3,2,13.0,19,2026-07-15,2026-07-23,1
3183,Undergraduate,4500.0,0.8,7,0,8.5,32,2026-07-31,,0
3184,Undergraduate,4500.0,1.3,6,1,9.0,42,2025-11-05,,0
3185,Graduate,6000.0,14.6,15,3,0.0,24,2026-03-25,,0
3186,Undergraduate,4500.0,5.8,7,1,8.3,30,2025-10-23,,0
3187,Certificate,1200.0,11.0,13,3,10.5,16,2026-01-11,,0
3188,Undergraduate,4500.0,2.3,0,0,8.9,23,2026-06-07,,0
3189,Undergraduate,4500.0,8.2,11,4,18.6,7,2026-06-15,,0
3190,Undergraduate,4500.0,11.6,19,0,19.0,4,2026-03-18,,0
3191,Undergraduate,4500.0,4.9,3,2,0.2,50,2026-07-28,2026-08-15,1
3192,Undergraduate,4500.0,11.6,12,2,24.6,4,2026-01-30,,0
3193,Undergraduate,4500.0,4.7,5,3,6.7,33,2026-03-17,2026-04-29,1
3194,Undergraduate,4500.0,7.0,12,3,22.4,18,2026-07-12,2026-08-04,1
3195,Certificate,1200.0,7.3,13,1,15.7,15,2026-02-21,,0
3196,Undergraduate,4500.0,8.8,11,2,14.1,19,2025-10-26,2026-08-09,1
3197,Graduate,6000.0,3.4,6,0,1.0,28,2025-10-04,2025-11-07,1
3198,Undergraduate,4500.0,1.3,11,1,14.5,7,2026-04-01,,0
3199,Undergraduate,4500.0,9.2,15,0,12.3,34,2026-08-05,,0
3200,Undergraduate,4500.0,12.5,9,0,20.9,9,2025-10-20,,0
3201,Undergraduate,4500.0,6.0,2,1,5.0,21,2026-02-11,2026-02-15,1
3202,Undergraduate,4500.0,11.6,16,2,14.0,16,2025-11-27,,0
3203,Undergraduate,4500.0,15.3,16,3,20.8,8,2026-08-15,,0
3204,Certificate,1200.0,16.3,16,1,20.3,22,2026-05-16,,0
3205,Undergraduate,4500.0,0.0,2,0,6.0,52,2026-05-19,2026-05-29,1
3206,Graduate,6000.0,9.5,20,2,17.5,0,2025-12-13,,0
3207,Undergraduate,4500.0,0.5,10,1,0.0,23,2025-12-26,,0
3208,Graduate,6000.0,11.4,11,2,12.2,24,2025-12-04,2026-07-05,1
3209,Undergraduate,4500.0,17.5,15,4,9.0,15,2026-04-09,,0
3210,Undergraduate,4500.0,1.3,5,0,5.6,16,2026-05-10,2026-05-19,1
3211,Certificate,1200.0,0.0,1,1,1.7,41,2026-06-23,,0
3212,Certificate,1200.0,6.6,6,1,3.1,30,2026-05-31,,0
3213,Certificate,1200.0,17.5,20,4,20.2,11,2026-07-03,,0
3214,Undergraduate,4500.0,2.3,11,1,19.0,32,2025-11-04,,0
3215,Graduate,6000.0,2.6,10,2,9.8,28,2025-12-27,2026-06-16,1
3216,Graduate,6000.0,14.3,14,2,14.2,0,2025-12-27,,0
3217,Certificate,1200.0,9.0,9,1,22.5,34,2025-10-12,,0
3218,Undergraduate,4500.0,6.9,2,2,11.7,31,2025-12-05,,0
3219,Certificate,1200.0,5.9,12,1,5.5,36,2026-05-06,,0
3220,Graduate,6000.0,9.7,7,1,12.2,11,2026-05-09,,0
3221,Certificate,1200.0,0.0,4,0,6.7,21,2026-07-16,,0
3222,Certificate,1200.0,8.4,15,1,21.7,27,2025-12-11,,0
3223,Undergraduate,4500.0,4.5,7,1,11.7,25,2025-10-16,2025-12-28,1
3224,Undergraduate,4500.0,7.1,20,1,4.7,1,2025-12-14,,0
3225,Certificate,1200.0,8.4,14,0,8.1,21,2026-03-13,,0
3226,Undergraduate,4500.0,11.2,18,0,16.0,14,2026-05-02,,0
3227,Certificate,1200.0,5.9,7,1,4.1,33,2026-03-25,,0
3228,Certificate,1200.0,3.6,8,1,0.0,31,2026-05-25,,0
3229,Certificate,1200.0,2.6,3,2,3.9,20,2026-07-02,2026-07-28,1
3230,Undergraduate,4500.0,2.9,16,0,11.1,26,2026-03-27,2026-07-02,1
3231,Graduate,6000.0,7.6,5,1,7.0,29,2026-06-06,2026-08-08,1
3232,Undergraduate,4500.0,9.9,13,3,9.4,0,2025-12-05,2026-04-07,1
3233,Undergraduate,4500.0,6.3,10,0,14.1,25,2025-10-05,,0
3234,Undergraduate,4500.0,10.2,11,2,15.1,0,2026-06-22,,0
3235,Undergraduate,4500.0,10.1,15,1,12.3,20,2026-08-29,,0
3236,Graduate,6000.0,8.8,12,3,20.4,9,2025-10-16,,0
3237,Undergraduate,4500.0,0.8,13,2,10.0,29,2026-05-16,,0
3238,Graduate,6000.0,6.6,7,1,1.7,35,2026-05-30,2026-07-27,1
3239,Undergraduate,4500.0,2.0,6,0,2.0,28,2025-10-23,2026-04-17,1
3240,Undergraduate,4500.0,9.0,11,1,10.6,22,2025-10-29,,0
3241,Undergraduate,4500.0,3.8,12,0,13.8,26,2026-02-01,2026-06-03,1
3242,Undergraduate,4500.0,8.8,16,1,9.2,21,2026-07-06,,0
3243,Undergraduate,4500.0,7.3,2,0,8.1,51,2025-12-17,2026-05-21,1
3244,Graduate,6000.0,11.3,11,0,13.4,5,2025-12-05,,0
3245,Graduate,6000.0,11.8,13,2,21.2,0,2026-03-23,,0
3246,Undergraduate,4500.0,5.7,7,1,8.3,27,2026-02-08,2026-06-18,1
3247,Graduate,6000.0,5.3,2,0,2.1,29,2026-02-17,,0
3248,Graduate,6000.0,7.7,20,1,21.1,3,2026-01-02,,0
3249,Undergraduate,4500.0,7.8,9,0,15.5,11,2026-02-24,,0
3250,Certificate,1200.0,3.2,9,3,3.2,40,2025-09-10,,0
3251,Certificate,1200.0,16.3,18,1,11.1,0,2026-08-19,,0
3252,Certificate,1200.0,11.5,14,0,20.0,10,2026-08-12,,0
3253,Certificate,1200.0,10.5,11,2,13.3,21,2026-07-07,,0
3254,Graduate,6000.0,5.4,5,0,0.0,33,2026-07-08,,0
3255,Certificate,1200.0,9.8,9,1,9.7,30,2026-03-02,2026-03-24,1
3256,Undergraduate,4500.0,0.5,1,0,0.0,50,2026-08-03,,0
3257,Undergraduate,4500.0,6.8,2,1,0.0,32,2026-06-23,2026-08-09,1
3258,Undergraduate,4500.0,0.8,4,0,6.1,25,2026-02-23,,0
3259,Certificate,1200.0,3.6,13,2,17.6,24,2025-10-07,2026-03-22,1
3260,Undergraduate,4500.0,4.1,15,1,20.7,17,2025-11-11,,0
3261,Undergraduate,4500.0,7.6,7,0,11.7,37,2026-06-13,,0
3262,Undergraduate,4500.0,4.1,4,0,4.2,25,2026-08-11,2026-08-22,1
3263,Certificate,1200.0,5.2,2,0,6.3,36,2025-12-05,2026-02-10,1
3264,Undergraduate,4500.0,7.4,13,0,13.1,8,2025-11-20,,0
3265,Certificate,1200.0,10.5,20,6,10.7,13,2025-09-26,,0
3266,Undergraduate,4500.0,5.6,11,0,3.4,33,2026-03-26,,0
3267,Undergraduate,4500.0,13.7,12,0,9.5,15,2026-08-10,,0
3268,Undergraduate,4500.0,17.3,15,1,23.4,2,2025-09-22,,0
3269,Graduate,6000.0,8.5,0,0,13.6,31,2026-05-19,,0
3270,Certificate,1200.0,8.2,13,1,4.2,22,2026-04-14,,0
3271,Graduate,6000.0,14.0,16,3,13.6,26,2026-04-02,2026-07-19,1
3272,Graduate,6000.0,9.7,12,0,11.9,28,2025-09-06,2026-07-31,1
3273,Undergraduate,4500.0,5.7,5,2,8.4,32,2026-04-22,,0
3274,Undergraduate,4500.0,8.9,9,4,9.8,19,2026-02-09,,0
3275,Certificate,1200.0,1.9,8,0,13.5,45,2026-02-28,,0
3276,Graduate,6000.0,7.6,11,0,10.7,23,2025-09-04,,0
3277,Undergraduate,4500.0,4.7,13,5,11.8,17,2025-09-18,2026-03-25,1
3278,Certificate,1200.0,7.6,6,0,7.1,26,2026-01-13,,0
3279,Undergraduate,4500.0,6.4,9,0,1.3,25,2026-07-24,,0
3280,Certificate,1200.0,10.5,9,1,8.8,26,2026-04-27,,0
3281,Undergraduate,4500.0,6.9,18,2,21.1,13,2025-12-31,,0
3282,Undergraduate,4500.0,16.8,8,3,22.1,1,2025-11-11,,0
3283,Certificate,1200.0,6.3,11,1,8.9,8,2025-11-30,,0
3284,Graduate,6000.0,7.4,14,4,7.1,14,2026-03-07,,0
3285,Undergraduate,4500.0,3.9,11,1,7.9,33,2025-12-30,,0
3286,Undergraduate,4500.0,16.9,20,0,22.8,6,2026-05-11,,0
3287,Undergraduate,4500.0,1.6,1,0,3.0,44,2026-01-11,,0
3288,Graduate,6000.0,9.8,12,3,17.5,3,2026-03-10,,0
3289,Undergraduate,4500.0,5.0,4,0,3.1,16,2025-12-25,,0
3290,Graduate,6000.0,0.0,7,0,1.7,34,2025-10-17,,0
3291,Undergraduate,4500.0,9.7,7,1,0.0,30,2025-11-05,,0
3292,Graduate,6000.0,10.5,20,0,10.2,22,2025-12-07,,0
3293,Certificate,1200.0,7.2,2,0,0.0,29,2025-11-24,,0
3294,Undergraduate,4500.0,7.8,15,1,15.5,23,2026-06-29,2026-07-14,1
3295,Certificate,1200.0,0.0,8,0,13.5,44,2026-06-25,2026-08-10,1
3296,Graduate,6000.0,6.3,10,1,14.1,19,2025-10-29,,0
3297,Graduate,6000.0,11.4,14,1,5.8,14,2026-02-15,,0
3298,Undergraduate,4500.0,1.0,5,0,4.7,30,2026-03-27,,0
3299,Undergraduate,4500.0,6.8,11,2,20.5,14,2026-01-01,,0
3300,Undergraduate,4500.0,5.6,14,2,14.2,18,2026-08-01,2026-08-21,1
3301,Undergraduate,4500.0,4.1,4,0,7.5,44,2026-07-02,2026-07-14,1
3302,Undergraduate,4500.0,10.7,14,2,10.1,21,2026-07-09,,0
3303,Undergraduate,4500.0,13.4,16,3,11.5,13,2026-02-06,,0
3304,Undergraduate,4500.0,10.3,13,0,15.9,6,2026-08-07,,0
3305,Certificate,1200.0,9.5,12,0,2.3,14,2026-08-15,,0
3306,Graduate,6000.0,0.0,5,1,16.0,51,2025-12-28,2026-05-15,1
3307,Certificate,1200.0,8.2,6,1,12.1,15,2025-12-06,,0
3308,Undergraduate,4500.0,1.1,12,2,15.9,9,2026-05-29,2026-06-12,1
3309,Certificate,1200.0,4.8,12,1,10.3,3,2025-12-22,,0
3310,Certificate,1200.0,11.9,13,0,9.5,4,2026-07-27,,0
3311,Certificate,1200.0,14.7,9,0,17.2,30,2026-04-04,2026-05-30,1
3312,Undergraduate,4500.0,4.3,12,1,7.3,11,2026-04-20,,0
3313,Undergraduate,4500.0,3.5,15,0,11.3,35,2026-04-27,,0
3314,Undergraduate,4500.0,8.3,11,1,12.4,22,2025-10-19,,0
3315,Undergraduate,4500.0,14.5,15,3,12.6,26,2026-08-03,,0
3316,Undergraduate,4500.0,5.9,7,1,3.1,23,2026-01-14,2026-04-24,1
3317,Certificate,1200.0,13.3,9,3,14.1,6,2026-05-24,,0
3318,Certificate,1200.0,7.6,13,0,6.7,20,2026-03-07,,0
3319,Undergraduate,4500.0,6.6,9,1,14.9,24,2026-06-19,,0
3320,Undergraduate,4500.0,4.0,4,1,7.9,32,2025-12-07,,0
3321,Undergraduate,4500.0,1.1,1,0,4.0,38,2026-08-09,,0
3322,Certificate,1200.0,12.8,14,2,11.3,18,2026-08-04,,0
3323,Graduate,6000.0,8.0,20,2,27.6,0,2026-05-03,,0
3324,Certificate,1200.0,11.6,15,1,5.4,16,2025-10-13,,0
3325,Undergraduate,4500.0,14.1,20,2,10.9,0,2026-08-23,,0
3326,Certificate,1200.0,10.5,20,0,14.4,8,2026-06-28,,0
3327,Undergraduate,4500.0,0.0,0,2,3.2,38,2026-03-05,2026-03-11,1
3328,Undergraduate,4500.0,4.9,7,2,16.0,17,2026-08-24,,0
3329,Undergraduate,4500.0,9.2,2,1,10.7,12,2026-02-17,2026-07-17,1
3330,Certificate,1200.0,8.1,14,1,11.8,17,2026-04-21,,0
3331,Undergraduate,4500.0,8.5,8,0,12.8,13,2026-01-08,,0
3332,Certificate,1200.0,8.4,13,1,17.2,16,2026-08-10,,0
3333,Undergraduate,4500.0,10.4,13,0,24.5,20,2026-06-28,,0
3334,Certificate,1200.0,0.6,7,1,7.6,13,2026-07-02,,0
3335,Certificate,1200.0,8.0,6,0,6.9,16,2025-12-05,,0
3336,Undergraduate,4500.0,10.0,8,0,12.8,21,2025-12-05,,0
3337,Certificate,1200.0,8.8,10,1,0.0,10,2026-07-20,,0
3338,Certificate,1200.0,8.0,18,0,14.1,19,2026-04-06,,0
3339,Graduate,6000.0,2.6,5,2,10.3,43,2025-12-18,,0
3340,Graduate,6000.0,5.8,3,1,8.6,31,2026-08-29,2026-09-01,1
3341,Graduate,6000.0,3.9,0,0,7.5,25,2026-07-26,2026-08-14,1
3342,Undergraduate,4500.0,10.1,17,3,17.8,0,2026-01-09,,0
3343,Undergraduate,4500.0,17.1,13,1,20.7,17,2026-02-06,,0
3344,Undergraduate,4500.0,1.9,3,1,13.5,47,2025-12-16,2026-02-12,1
3345,Certificate,1200.0,10.4,4,2,11.7,38,2026-03-14,2026-03-28,1
3346,Undergraduate,4500.0,0.0,0,1,1.9,36,2025-10-06,2025-11-13,1
3347,Certificate,1200.0,4.9,1,0,0.0,28,2026-07-17,2026-07-24,1
3348,Graduate,6000.0,7.5,6,1,12.0,36,2026-07-06,,0
3349,Undergraduate,4500.0,9.4,11,2,17.2,11,2026-01-12,,0
3350,Undergraduate,4500.0,5.6,13,2,13.0,21,2025-10-23,,0
3351,Undergraduate,4500.0,0.0,5,0,2.5,34,2026-08-23,,0
3352,Certificate,1200.0,3.3,14,1,11.7,30,2025-12-16,,0
3353,Undergraduate,4500.0,4.9,0,0,3.1,43,2025-09-11,2025-11-18,1
3354,Undergraduate,4500.0,2.5,8,1,7.4,36,2026-02-07,2026-04-10,1
3355,Undergraduate,4500.0,6.5,9,1,8.0,22,2025-11-01,,0
3356,Undergraduate,4500.0,4.0,8,1,13.5,12,2026-05-28,,0
3357,Certificate,1200.0,5.8,9,1,2.9,6,2025-11-11,,0
3358,Undergraduate,4500.0,0.0,4,0,4.4,39,2026-03-17,2026-04-26,1
3359,Undergraduate,4500.0,3.0,5,2,0.7,26,2026-05-15,,0
3360,Certificate,1200.0,10.4,20,1,12.4,13,2026-06-20,,0
3361,Graduate,6000.0,4.1,4,1,14.6,19,2025-10-24,2026-02-02,1
3362,Undergraduate,4500.0,5.2,7,1,4.6,22,2025-12-13,,0
3363,Undergraduate,4500.0,5.8,16,1,15.9,26,2025-11-17,,0
3364,Graduate,6000.0,1.4,10,0,7.7,32,2025-12-18,,0
3365,Undergraduate,4500.0,14.1,16,1,6.3,11,2026-05-30,,0
3366,Graduate,6000.0,6.9,14,1,17.5,34,2026-06-23,,0
3367,Undergraduate,4500.0,0.0,2,0,8.8,34,2026-01-07,2026-05-31,1
3368,Undergraduate,4500.0,11.5,20,2,19.8,2,2026-05-31,,0
3369,Certificate,1200.0,10.1,13,1,14.8,20,2026-01-07,,0
3370,Certificate,1200.0,8.9,13,1,22.3,18,2025-10-07,,0
3371,Undergraduate,4500.0,15.2,20,1,15.3,14,2025-12-01,,0
3372,Certificate,1200.0,1.3,6,2,8.3,24,2026-03-12,2026-05-14,1
3373,Certificate,1200.0,7.0,1,0,9.1,36,2025-10-04,,0
3374,Undergraduate,4500.0,16.0,18,1,15.5,16,2026-02-11,,0
3375,Undergraduate,4500.0,7.4,6,1,0.2,36,2026-03-13,2026-05-19,1
3376,Certificate,1200.0,3.7,14,1,11.5,34,2025-09-16,,0
3377,Undergraduate,4500.0,2.6,9,2,14.1,45,2026-05-01,,0
3378,Graduate,6000.0,12.9,11,4,15.4,31,2026-06-17,2026-07-13,1
3379,Undergraduate,4500.0,3.0,12,0,1.8,32,2026-07-12,,0
3380,Undergraduate,4500.0,14.0,18,0,20.3,10,2026-01-15,,0
3381,Undergraduate,4500.0,7.4,9,2,10.0,4,2026-02-26,2026-06-25,1
3382,Certificate,1200.0,9.7,12,0,1.9,17,2025-11-22,,0
3383,Undergraduate,4500.0,6.3,16,1,19.1,18,2026-07-09,,0
3384,Graduate,6000.0,6.1,9,2,5.8,22,2026-05-07,,0
3385,Undergraduate,4500.0,3.7,7,0,17.3,11,2026-07-18,,0
3386,Undergraduate,4500.0,3.3,4,0,9.3,35,2026-05-11,2026-06-11,1
3387,Graduate,6000.0,11.2,11,1,13.5,17,2025-09-15,,0
3388,Certificate,1200.0,12.3,8,2,16.9,4,2025-10-08,,0
3389,Undergraduate,4500.0,12.0,19,3,30.0,6,2026-03-03,,0
3390,Undergraduate,4500.0,6.4,6,2,17.3,21,2026-07-26,,0
3391,Certificate,1200.0,4.5,2,1,6.5,42,2025-09-02,2025-11-16,1
3392,Undergraduate,4500.0,9.0,11,0,30.6,22,2026-07-05,,0
3393,Graduate,6000.0,9.5,3,1,9.0,23,2026-07-26,,0
3394,Undergraduate,4500.0,5.0,8,0,10.0,31,2026-04-04,,0
3395,Undergraduate,4500.0,8.3,12,1,7.7,19,2025-09-22,,0
3396,Undergraduate,4500.0,5.8,5,1,0.0,37,2025-11-13,2026-07-12,1
3397,Certificate,1200.0,9.2,9,0,11.1,21,2026-04-22,,0
3398,Graduate,6000.0,1.2,6,0,8.5,38,2026-03-18,,0
3399,Certificate,1200.0,8.4,17,2,17.1,0,2026-08-09,,0
3400,Graduate,6000.0,13.0,13,1,5.9,19,2026-05-25,,0
3401,Undergraduate,4500.0,3.0,6,0,7.0,41,2025-12-30,,0
3402,Undergraduate,4500.0,5.5,17,2,10.0,11,2026-03-31,,0
3403,Undergraduate,4500.0,7.2,7,3,11.2,9,2025-09-08,,0
3404,Certificate,1200.0,12.3,13,2,23.4,2,2026-03-22,,0
3405,Undergraduate,4500.0,3.6,6,1,6.4,21,2025-10-26,2026-02-28,1
3406,Graduate,6000.0,6.3,13,1,8.1,29,2025-12-09,,0
3407,Graduate,6000.0,9.5,6,1,16.4,29,2026-02-27,2026-05-06,1
3408,Certificate,1200.0,2.0,7,0,14.9,15,2025-10-18,,0
3409,Undergraduate,4500.0,4.0,9,0,9.5,9,2025-10-18,2025-12-28,1
3410,Graduate,6000.0,12.9,20,2,24.1,12,2026-05-06,,0
3411,Graduate,6000.0,11.2,7,0,9.1,31,2026-05-22,2026-06-25,1
3412,Undergraduate,4500.0,6.0,6,0,2.7,30,2025-12-16,,0
3413,Certificate,1200.0,7.8,10,2,8.7,19,2026-08-22,,0
3414,Graduate,6000.0,10.3,11,3,7.1,25,2025-12-18,2026-07-12,1
3415,Undergraduate,4500.0,8.0,19,0,19.9,17,2026-03-26,2026-05-02,1
3416,Undergraduate,4500.0,10.5,15,2,19.9,24,2025-11-25,,0
3417,Undergraduate,4500.0,11.1,17,0,12.9,3,2026-07-15,,0
3418,Undergraduate,4500.0,6.9,11,0,18.8,5,2026-02-03,2026-06-26,1
3419,Graduate,6000.0,14.0,15,1,14.9,25,2026-02-17,,0
3420,Certificate,1200.0,7.0,17,2,7.5,27,2026-08-26,,0
3421,Undergraduate,4500.0,8.5,10,0,2.0,16,2026-02-21,,0
3422,Graduate,6000.0,6.3,9,0,13.3,0,2026-01-04,,0
3423,Graduate,6000.0,10.6,14,2,6.4,18,2026-04-06,,0
3424,Graduate,6000.0,7.5,10,2,21.7,10,2026-01-20,,0
3425,Graduate,6000.0,6.2,6,1,5.9,34,2026-05-04,2026-05-31,1
3426,Undergraduate,4500.0,9.5,14,1,12.4,16,2026-01-20,,0
3427,Graduate,6000.0,10.9,4,0,18.1,23,2026-06-04,,0
3428,Graduate,6000.0,2.6,2,0,0.0,51,2026-05-21,,0
3429,Undergraduate,4500.0,0.1,1,0,0.0,58,2026-08-06,2026-08-08,1
3430,Undergraduate,4500.0,7.7,8,0,17.1,25,2026-07-27,,0
3431,Certificate,1200.0,3.6,3,0,1.0,32,2026-07-13,,0
3432,Undergraduate,4500.0,9.1,15,2,22.4,25,2026-06-23,,0
3433,Undergraduate,4500.0,0.0,6,0,8.3,48,2025-12-12,2026-02-28,1
3434,Undergraduate,4500.0,2.8,8,0,14.2,25,2026-06-14,,0
3435,Undergraduate,4500.0,11.6,13,2,16.6,30,2026-04-24,2026-07-20,1
3436,Undergraduate,4500.0,0.0,11,0,4.6,28,2026-06-29,2026-07-16,1
3437,Certificate,1200.0,9.3,12,1,6.5,25,2026-03-30,,0
3438,Graduate,6000.0,8.4,9,0,7.8,17,2026-06-03,2026-07-18,1
3439,Undergraduate,4500.0,8.3,15,2,9.1,14,2026-05-03,,0
3440,Certificate,1200.0,6.1,17,1,15.8,8,2026-08-06,,0
3441,Certificate,1200.0,9.5,15,0,15.0,16,2026-02-28,,0
3442,Graduate,6000.0,10.1,12,2,13.6,48,2026-05-25,,0
3443,Graduate,6000.0,8.4,12,1,17.6,9,2026-01-06,,0
3444,Certificate,1200.0,9.0,19,2,26.9,0,2025-09-01,,0
3445,Certificate,1200.0,0.0,1,0,0.0,39,2026-03-07,,0
3446,Undergraduate,4500.0,10.1,4,1,2.5,28,2026-02-26,,0
3447,Certificate,1200.0,9.5,13,1,11.8,16,2025-11-01,,0
3448,Undergraduate,4500.0,4.2,6,0,15.6,26,2026-04-28,2026-06-22,1
3449,Certificate,1200.0,14.5,15,2,13.2,26,2026-07-11,2026-08-16,1
3450,Undergraduate,4500.0,10.5,12,0,4.3,20,2025-12-12,,0
3451,Undergraduate,4500.0,7.0,10,0,11.8,15,2026-01-06,,0
3452,Undergraduate,4500.0,9.7,20,1,11.9,0,2026-03-13,,0
3453,Undergraduate,4500.0,14.4,18,2,7.6,0,2026-04-12,,0
3454,Certificate,1200.0,3.6,10,1,14.7,37,2026-08-21,,0
3455,Certificate,1200.0,0.1,7,4,4.5,33,2026-02-09,,0
3456,Certificate,1200.0,3.9,12,0,13.1,9,2026-02-13,,0
3457,Certificate,1200.0,0.8,8,1,5.1,32,2026-02-24,,0
3458,Graduate,6000.0,4.7,10,2,10.0,19,2026-05-13,,0
3459,Undergraduate,4500.0,2.2,12,2,6.9,15,2026-07-07,,0
3460,Undergraduate,4500.0,0.0,4,2,2.8,29,2026-02-04,2026-05-05,1
3461,Certificate,1200.0,4.6,5,0,11.5,26,2026-01-17,2026-06-23,1
3462,Undergraduate,4500.0,4.1,8,1,14.4,27,2026-06-29,2026-08-21,1
3463,Graduate,6000.0,11.5,7,1,13.3,21,2026-07-19,,0
3464,Undergraduate,4500.0,7.5,10,0,4.9,13,2026-03-08,2026-06-30,1
3465,Undergraduate,4500.0,11.4,17,1,20.8,8,2026-08-14,,0
3466,Graduate,6000.0,4.8,8,0,6.7,43,2026-06-22,,0
3467,Undergraduate,4500.0,9.7,11,1,10.7,16,2026-01-11,,0
3468,Graduate,6000.0,9.7,10,3,12.3,17,2026-05-14,,0
3469,Undergraduate,4500.0,8.5,8,0,13.1,24,2026-03-16,,0
3470,Certificate,1200.0,6.4,6,1,8.3,38,2025-12-24,,0
3471,Undergraduate,4500.0,16.8,10,0,13.8,23,2026-06-28,,0
3472,Undergraduate,4500.0,6.1,4,0,0.2,37,2026-06-09,,0
3473,Certificate,1200.0,2.5,9,0,17.7,33,2026-05-15,,0
3474,Graduate,6000.0,10.9,14,1,3.4,14,2026-04-01,,0
3475,Certificate,1200.0,6.4,9,1,14.6,20,2026-02-08,,0
3476,Undergraduate,4500.0,10.8,16,0,14.4,13,2026-08-05,,0
3477,Graduate,6000.0,10.0,20,1,22.0,0,2026-03-12,,0
3478,Undergraduate,4500.0,2.3,5,1,4.0,31,2025-12-24,2026-03-07,1
3479,Undergraduate,4500.0,10.6,16,3,18.7,19,2025-10-25,,0
3480,Undergraduate,4500.0,8.5,8,3,6.8,26,2026-02-16,,0
3481,Graduate,6000.0,14.9,17,1,11.9,13,2026-01-15,,0
3482,Certificate,1200.0,8.8,9,1,2.8,21,2025-11-07,,0
3483,Undergraduate,4500.0,8.1,9,1,10.0,10,2025-12-09,,0
3484,Undergraduate,4500.0,2.8,5,0,0.0,33,2026-02-17,2026-05-30,1
3485,Graduate,6000.0,8.2,13,1,21.9,4,2026-02-06,2026-07-05,1
3486,Undergraduate,4500.0,5.5,3,0,9.3,39,2025-09-03,,0
3487,Undergraduate,4500.0,16.1,11,2,26.5,0,2025-11-28,,0
3488,Graduate,6000.0,6.5,10,3,17.5,33,2026-06-04,,0
3489,Certificate,1200.0,3.6,4,0,3.5,41,2026-03-19,2026-06-11,1
3490,Certificate,1200.0,12.8,13,3,6.4,14,2025-12-04,2026-04-21,1
3491,Undergraduate,4500.0,5.7,9,0,0.0,21,2026-02-22,,0
3492,Certificate,1200.0,1.0,0,0,0.0,47,2026-03-27,2026-04-22,1
3493,Certificate,1200.0,8.8,13,2,18.6,31,2026-01-21,,0
3494,Undergraduate,4500.0,3.7,6,1,1.1,17,2026-04-16,,0
3495,Undergraduate,4500.0,5.0,10,0,8.9,25,2025-12-27,2026-02-23,1
3496,Undergraduate,4500.0,13.4,16,1,13.6,0,2025-12-07,,0
3497,Undergraduate,4500.0,12.2,20,2,18.2,4,2025-10-08,,0
3498,Undergraduate,4500.0,17.3,14,2,22.1,18,2025-09-17,,0
3499,Undergraduate,4500.0,9.8,9,2,2.2,47,2025-12-15,,0
3500,Graduate,6000.0,5.9,6,0,3.5,20,2025-11-29,,0
3501,Undergraduate,4500.0,5.3,6,0,11.6,26,2025-11-23,2026-03-07,1
3502,Undergraduate,4500.0,9.7,10,1,15.4,15,2026-05-03,,0
3503,Graduate,6000.0,15.4,14,3,14.0,11,2025-10-01,,0
3504,Graduate,6000.0,7.6,11,1,20.8,12,2026-02-26,,0
3505,Certificate,1200.0,14.5,19,2,11.8,0,2025-10-19,,0
3506,Graduate,6000.0,7.0,6,0,14.3,20,2026-06-13,,0
3507,Graduate,6000.0,11.7,9,1,15.1,13,2026-05-10,,0
3508,Undergraduate,4500.0,2.9,9,1,10.5,27,2026-01-17,,0
3509,Certificate,1200.0,8.3,2,1,0.0,18,2026-02-01,2026-04-26,1
3510,Undergraduate,4500.0,6.7,10,0,6.0,23,2026-04-07,,0
3511,Undergraduate,4500.0,7.9,10,2,9.1,30,2026-06-12,2026-07-14,1
3512,Undergraduate,4500.0,12.3,16,0,16.1,0,2026-06-09,2026-08-12,1
3513,Undergraduate,4500.0,1.4,7,0,9.8,31,2025-12-09,2025-12-31,1
3514,Certificate,1200.0,5.8,4,0,10.7,40,2026-08-24,2026-08-25,1
3515,Certificate,1200.0,10.8,20,1,12.8,4,2026-07-19,,0
3516,Graduate,6000.0,14.9,14,0,19.6,0,2025-09-28,,0
3517,Certificate,1200.0,8.6,0,0,2.1,37,2025-09-08,2026-03-10,1
3518,Undergraduate,4500.0,12.9,12,0,12.4,21,2026-08-03,2026-08-24,1
3519,Undergraduate,4500.0,7.4,13,1,11.6,15,2026-07-11,2026-07-18,1
3520,Undergraduate,4500.0,9.4,16,1,10.2,10,2026-05-03,,0
3521,Undergraduate,4500.0,5.3,5,1,10.6,24,2026-01-30,2026-03-30,1
3522,Undergraduate,4500.0,4.9,6,0,2.5,39,2026-06-23,,0
3523,Undergraduate,4500.0,4.6,11,2,5.5,23,2025-09-07,,0
3524,Undergraduate,4500.0,16.4,16,1,20.1,7,2026-03-04,,0
3525,Certificate,1200.0,4.2,11,0,0.0,36,2026-02-16,2026-03-14,1
3526,Undergraduate,4500.0,7.9,13,1,9.7,1,2026-06-21,,0
3527,Undergraduate,4500.0,12.0,11,0,13.7,37,2026-05-11,,0
3528,Undergraduate,4500.0,5.2,9,0,7.0,36,2025-12-06,2026-01-20,1
3529,Undergraduate,4500.0,8.9,14,1,9.0,2,2026-01-13,,0
3530,Undergraduate,4500.0,1.0,3,0,9.0,36,2026-06-10,2026-07-21,1
3531,Certificate,1200.0,14.0,16,3,10.7,24,2026-03-23,,0
3532,Certificate,1200.0,18.4,18,0,10.3,7,2026-06-25,,0
3533,Undergraduate,4500.0,12.5,14,1,0.1,29,2026-04-05,,0
3534,Undergraduate,4500.0,18.1,14,2,23.4,26,2026-06-13,,0
3535,Graduate,6000.0,7.3,7,0,0.5,33,2025-09-08,2025-10-30,1
3536,Certificate,1200.0,5.7,6,0,0.0,28,2026-05-15,2026-07-12,1
3537,Undergraduate,4500.0,10.4,12,1,15.8,9,2026-03-12,,0
3538,Undergraduate,4500.0,13.0,16,0,19.2,0,2026-01-09,,0
3539,Certificate,1200.0,15.0,16,2,13.1,17,2026-08-17,,0
3540,Undergraduate,4500.0,11.2,16,3,22.4,2,2026-06-16,,0
3541,Undergraduate,4500.0,11.6,12,2,22.8,24,2025-09-05,,0
3542,Certificate,1200.0,16.0,14,1,22.2,19,2025-12-20,,0
3543,Undergraduate,4500.0,1.8,10,0,9.2,29,2026-06-04,2026-06-12,1
3544,Certificate,1200.0,3.2,8,1,7.1,25,2026-03-27,,0
3545,Graduate,6000.0,3.9,0,0,1.1,52,2025-10-23,2026-01-28,1
3546,Certificate,1200.0,6.1,17,1,10.5,20,2026-06-21,,0
3547,Certificate,1200.0,4.4,10,2,13.3,15,2026-05-14,,0
3548,Certificate,1200.0,6.9,5,1,0.0,26,2026-06-05,,0
3549,Certificate,1200.0,8.1,15,0,8.8,15,2026-01-01,,0
3550,Certificate,1200.0,6.3,2,1,1.2,38,2026-02-20,2026-08-08,1
3551,Undergraduate,4500.0,5.7,9,2,11.2,28,2026-03-02,,0
3552,Certificate,1200.0,13.3,11,0,13.1,18,2026-04-15,,0
3553,Undergraduate,4500.0,10.4,11,2,7.2,34,2026-05-04,2026-06-07,1
3554,Certificate,1200.0,6.8,11,1,14.2,34,2026-02-25,,0
3555,Undergraduate,4500.0,0.0,3,0,0.0,41,2025-11-13,2026-01-14,1
3556,Certificate,1200.0,1.9,4,0,0.5,58,2025-11-08,2026-04-04,1
3557,Undergraduate,4500.0,3.7,6,0,6.5,37,2025-11-18,,0
3558,Undergraduate,4500.0,4.9,7,1,10.4,41,2026-08-15,2026-08-20,1
3559,Undergraduate,4500.0,11.9,16,1,11.5,7,2026-03-06,,0
3560,Certificate,1200.0,6.1,8,1,8.5,36,2026-04-10,,0
3561,Graduate,6000.0,8.7,14,1,4.6,24,2025-09-24,,0
3562,Undergraduate,4500.0,8.8,12,1,10.9,22,2026-04-02,2026-05-28,1
3563,Certificate,1200.0,8.4,8,0,10.2,43,2026-06-02,2026-07-18,1
3564,Undergraduate,4500.0,2.3,1,1,9.8,37,2026-06-01,,0
3565,Undergraduate,4500.0,16.2,7,1,12.9,23,2026-06-21,,0
3566,Undergraduate,4500.0,7.5,10,2,12.5,14,2026-03-23,,0
3567,Undergraduate,4500.0,10.9,13,3,8.3,16,2026-05-27,,0
3568,Undergraduate,4500.0,7.2,6,2,9.3,20,2026-02-06,,0
3569,Certificate,1200.0,6.7,12,0,13.3,28,2026-06-08,2026-07-08,1
3570,Graduate,6000.0,6.2,7,0,11.7,33,2026-01-30,,0
3571,Certificate,1200.0,4.4,3,1,2.3,30,2026-01-19,,0
3572,Certificate,1200.0,0.0,4,0,6.5,54,2025-12-30,,0
3573,Certificate,1200.0,5.2,9,0,0.0,46,2025-10-13,2026-02-18,1
3574,Undergraduate,4500.0,5.3,10,2,11.5,15,2026-08-03,,0
3575,Graduate,6000.0,8.2,5,0,2.6,41,2026-08-12,2026-08-20,1
3576,Graduate,6000.0,11.0,6,1,5.2,14,2026-03-17,2026-05-14,1
3577,Graduate,6000.0,8.5,4,0,7.3,23,2026-02-24,2026-05-15,1
3578,Undergraduate,4500.0,6.9,14,0,17.2,0,2025-11-28,,0
3579,Undergraduate,4500.0,3.1,11,1,0.0,25,2026-06-10,,0
3580,Undergraduate,4500.0,9.3,5,0,4.9,29,2026-03-18,2026-04-09,1
3581,Certificate,1200.0,16.1,2,0,0.0,21,2026-01-20,,0
3582,Graduate,6000.0,11.7,11,0,21.1,25,2026-01-04,,0
3583,Undergraduate,4500.0,11.6,11,1,12.4,28,2026-02-14,,0
3584,Undergraduate,4500.0,8.3,7,0,9.6,25,2026-01-28,,0
3585,Undergraduate,4500.0,5.8,17,0,12.3,0,2026-07-03,,0
3586,Undergraduate,4500.0,12.7,12,2,16.0,14,2026-03-15,,0
3587,Certificate,1200.0,3.2,9,1,13.6,14,2026-02-15,2026-06-16,1
3588,Undergraduate,4500.0,3.8,9,3,2.1,18,2026-08-03,,0
3589,Undergraduate,4500.0,5.6,14,1,19.2,28,2025-09-12,2026-06-20,1
3590,Graduate,6000.0,11.5,15,1,17.7,0,2026-01-12,2026-06-14,1
3591,Certificate,1200.0,13.9,20,2,18.5,0,2025-12-13,,0
3592,Certificate,1200.0,12.9,15,3,16.2,14,2026-02-17,,0
3593,Undergraduate,4500.0,8.2,14,1,0.0,15,2025-09-26,,0
3594,Graduate,6000.0,0.0,5,0,0.0,32,2026-08-29,2026-08-29,1
3595,Graduate,6000.0,7.2,15,1,14.9,34,2025-09-16,,0
3596,Undergraduate,4500.0,8.4,13,2,19.7,17,2026-06-17,,0
3597,Certificate,1200.0,0.0,4,0,8.4,42,2025-10-13,2026-03-10,1
3598,Certificate,1200.0,8.5,16,2,13.0,19,2026-08-09,,0
3599,Undergraduate,4500.0,3.2,11,1,18.2,27,2026-05-09,2026-05-28,1
3600,Certificate,1200.0,9.3,15,1,15.1,32,2026-02-04,2026-07-22,1
3601,Undergraduate,4500.0,8.9,10,0,7.2,40,2026-01-03,2026-05-14,1
3602,Graduate,6000.0,1.3,7,2,17.8,16,2026-08-26,,0
3603,Undergraduate,4500.0,5.2,1,0,2.7,26,2026-04-23,,0
3604,Undergraduate,4500.0,13.5,6,1,3.2,21,2025-10-28,2026-03-18,1
3605,Certificate,1200.0,7.4,13,2,11.7,10,2026-06-26,,0
3606,Undergraduate,4500.0,13.4,13,0,12.3,17,2025-09-20,,0
3607,Undergraduate,4500.0,10.7,16,0,12.1,16,2025-12-15,2026-07-20,1
3608,Undergraduate,4500.0,10.3,5,0,13.4,39,2025-09-09,,0
3609,Certificate,1200.0,4.4,3,0,4.6,43,2025-10-06,2026-03-03,1
3610,Certificate,1200.0,5.2,7,1,8.6,37,2026-06-10,,0
3611,Certificate,1200.0,4.1,9,1,5.5,24,2025-09-22,2025-11-29,1
3612,Undergraduate,4500.0,9.2,10,0,0.3,12,2026-03-04,,0
3613,Undergraduate,4500.0,1.9,4,0,0.0,33,2026-05-29,2026-05-31,1
3614,Undergraduate,4500.0,2.5,9,0,6.7,36,2025-10-10,,0
3615,Undergraduate,4500.0,8.5,9,1,2.2,23,2026-03-13,2026-05-17,1
3616,Certificate,1200.0,12.9,16,2,11.8,8,2025-12-24,,0
3617,Undergraduate,4500.0,9.5,17,2,23.9,0,2026-01-21,,0
3618,Certificate,1200.0,7.1,6,0,10.2,43,2026-05-14,2026-08-21,1
3619,Graduate,6000.0,5.0,7,3,0.9,27,2025-09-07,,0
3620,Certificate,1200.0,8.8,16,4,12.4,12,2025-10-31,,0
3621,Undergraduate,4500.0,2.2,11,1,19.0,12,2026-02-19,,0
3622,Certificate,1200.0,2.5,4,3,13.6,39,2026-02-03,2026-05-23,1
3623,Undergraduate,4500.0,2.9,9,0,8.3,19,2026-08-06,,0
3624,Certificate,1200.0,1.6,8,4,0.1,19,2025-12-08,,0
3625,Graduate,6000.0,10.1,10,1,14.3,10,2025-10-03,,0
3626,Certificate,1200.0,10.2,8,0,10.9,27,2025-09-12,,0
3627,Graduate,6000.0,6.5,11,0,5.4,27,2026-02-08,2026-05-16,1
3628,Undergraduate,4500.0,5.9,10,0,5.5,38,2025-09-01,,0
3629,Certificate,1200.0,6.4,19,2,14.1,13,2025-11-13,,0
3630,Certificate,1200.0,12.6,11,1,10.8,8,2026-02-28,,0
3631,Undergraduate,4500.0,7.8,8,1,4.1,31,2025-11-12,2026-05-02,1
3632,Graduate,6000.0,10.1,10,2,18.6,15,2026-07-05,2026-08-08,1
3633,Graduate,6000.0,16.2,14,1,18.3,9,2025-12-28,,0
3634,Certificate,1200.0,3.7,8,0,6.9,33,2026-01-17,2026-05-07,1
3635,Undergraduate,4500.0,0.0,9,0,12.0,2,2026-03-04,2026-05-03,1
3636,Certificate,1200.0,5.5,10,0,13.4,25,2026-01-08,2026-02-24,1
3637,Certificate,1200.0,13.4,14,1,27.6,4,2025-10-24,2026-01-22,1
3638,Undergraduate,4500.0,13.3,17,1,22.0,0,2026-02-04,,0
3639,Undergraduate,4500.0,0.0,5,0,6.1,56,2026-04-15,,0
3640,Certificate,1200.0,0.7,2,0,6.8,26,2026-03-30,2026-04-25,1
3641,Graduate,6000.0,3.5,7,1,3.9,39,2026-02-05,2026-08-23,1
3642,Undergraduate,4500.0,7.4,19,1,21.8,14,2026-01-31,2026-07-18,1
3643,Undergraduate,4500.0,11.6,13,1,16.7,18,2026-05-09,,0
3644,Certificate,1200.0,6.9,9,0,6.6,19,2026-02-18,,0
3645,Graduate,6000.0,7.9,16,3,15.3,13,2026-05-19,,0
3646,Undergraduate,4500.0,7.0,9,2,16.6,29,2025-09-21,,0
3647,Undergraduate,4500.0,11.8,15,3,4.2,19,2026-02-17,,0
3648,Certificate,1200.0,10.7,11,1,9.5,9,2025-10-30,2026-02-20,1
3649,Graduate,6000.0,13.0,11,1,18.3,0,2026-04-15,,0
3650,Undergraduate,4500.0,10.9,13,0,4.2,9,2026-04-10,,0
3651,Graduate,6000.0,9.6,9,2,4.2,24,2026-05-18,,0
3652,Undergraduate,4500.0,5.6,12,2,10.2,28,2026-02-04,,0
3653,Undergraduate,4500.0,5.8,14,1,13.1,25,2026-01-19,,0
3654,Undergraduate,4500.0,6.4,16,2,12.8,9,2026-02-06,,0
3655,Graduate,6000.0,14.4,11,0,18.8,27,2025-10-30,,0
3656,Certificate,1200.0,7.8,19,2,16.1,20,2026-02-26,,0
3657,Certificate,1200.0,8.6,14,0,11.2,17,2025-11-05,,0
3658,Undergraduate,4500.0,6.0,6,3,1.0,44,2026-08-10,,0
3659,Undergraduate,4500.0,0.0,0,1,0.0,32,2026-04-22,,0
3660,Undergraduate,4500.0,9.8,14,2,12.3,31,2025-12-14,2026-03-22,1
3661,Undergraduate,4500.0,9.9,11,1,18.2,4,2026-04-14,,0
3662,Undergraduate,4500.0,11.2,20,2,17.2,18,2025-12-08,,0
3663,Undergraduate,4500.0,9.9,12,1,12.6,28,2026-01-27,,0
3664,Undergraduate,4500.0,9.1,2,0,11.3,48,2026-03-08,,0
3665,Graduate,6000.0,10.2,9,1,8.4,31,2026-02-09,2026-04-03,1
3666,Certificate,1200.0,10.4,20,3,21.3,9,2025-10-06,,0
3667,Undergraduate,4500.0,6.7,14,0,5.5,21,2025-12-27,2026-05-14,1
3668,Graduate,6000.0,9.2,11,1,11.7,16,2025-09-06,,0
3669,Undergraduate,4500.0,6.7,6,2,5.9,22,2026-07-28,,0
3670,Undergraduate,4500.0,1.6,6,1,9.5,43,2025-11-08,,0
3671,Undergraduate,4500.0,12.7,13,1,8.1,25,2025-10-10,2026-02-15,1
3672,Undergraduate,4500.0,6.2,11,1,5.8,16,2025-09-27,,0
3673,Undergraduate,4500.0,0.6,3,0,0.0,43,2026-02-16,2026-02-18,1
3674,Certificate,1200.0,0.7,1,0,9.1,32,2026-03-07,2026-05-16,1
3675,Graduate,6000.0,6.2,9,2,14.2,21,2026-01-30,2026-03-23,1
3676,Certificate,1200.0,5.0,14,1,18.8,16,2025-10-02,,0
3677,Undergraduate,4500.0,3.2,7,0,10.7,42,2025-10-19,2025-12-22,1
3678,Undergraduate,4500.0,8.7,15,2,18.0,21,2025-09-24,,0
3679,Certificate,1200.0,4.7,9,0,8.7,44,2025-09-12,,0
3680,Certificate,1200.0,12.3,12,1,11.9,19,2026-01-16,,0
3681,Graduate,6000.0,13.2,13,1,18.7,11,2026-05-29,,0
3682,Undergraduate,4500.0,13.0,11,0,8.3,13,2026-07-07,,0
3683,Certificate,1200.0,11.3,11,3,11.4,19,2025-10-08,,0
3684,Undergraduate,4500.0,11.0,5,0,10.6,25,2026-07-07,,0
3685,Undergraduate,4500.0,13.3,10,0,8.6,30,2026-08-06,2026-08-17,1
3686,Certificate,1200.0,6.6,17,1,3.9,29,2026-03-12,,0
3687,Undergraduate,4500.0,3.6,3,0,1.8,33,2025-12-03,2026-05-23,1
3688,Undergraduate,4500.0,3.9,2,0,3.7,32,2025-12-06,,0
3689,Certificate,1200.0,4.8,6,1,10.9,20,2026-05-31,2026-08-01,1
3690,Graduate,6000.0,6.7,9,1,8.0,31,2026-03-01,,0
3691,Undergraduate,4500.0,7.7,8,1,25.1,32,2025-10-09,,0
3692,Undergraduate,4500.0,6.9,7,1,7.1,19,2025-11-13,,0
3693,Undergraduate,4500.0,8.4,1,0,7.0,22,2025-10-01,2025-11-07,1
3694,Undergraduate,4500.0,2.1,11,0,13.7,45,2025-11-24,,0
3695,Undergraduate,4500.0,10.3,8,0,16.3,24,2026-07-29,2026-08-17,1
3696,Graduate,6000.0,9.9,10,1,14.4,21,2026-06-18,,0
3697,Certificate,1200.0,5.1,19,2,18.4,6,2026-07-01,,0
3698,Undergraduate,4500.0,5.8,9,1,11.3,20,2026-07-14,,0
3699,Undergraduate,4500.0,9.6,16,1,23.7,16,2025-10-22,,0
3700,Undergraduate,4500.0,3.8,6,1,9.2,43,2025-12-17,2026-03-05,1
3701,Certificate,1200.0,3.5,9,0,1.8,26,2025-10-02,2025-11-02,1
3702,Graduate,6000.0,7.4,6,0,11.8,22,2026-05-07,,0
3703,Certificate,1200.0,2.3,7,1,1.2,20,2025-09-08,,0
3704,Undergraduate,4500.0,17.3,15,2,21.4,27,2025-09-26,,0
3705,Undergraduate,4500.0,4.0,11,1,6.2,41,2026-07-24,2026-07-25,1
3706,Certificate,1200.0,8.1,7,1,15.6,21,2025-10-18,,0
3707,Graduate,6000.0,7.9,11,1,12.2,7,2026-07-22,,0
3708,Graduate,6000.0,10.0,17,1,6.7,11,2026-03-20,,0
3709,Undergraduate,4500.0,17.4,17,1,28.7,6,2026-06-27,,0
3710,Undergraduate,4500.0,0.0,8,3,6.2,29,2026-02-01,,0
3711,Undergraduate,4500.0,8.2,7,1,4.8,14,2026-08-25,2026-08-28,1
3712,Undergraduate,4500.0,1.5,5,1,12.6,21,2025-10-26,2026-03-14,1
3713,Certificate,1200.0,4.5,8,0,17.8,29,2026-03-11,2026-06-12,1
3714,Undergraduate,4500.0,6.1,14,1,9.6,19,2025-10-17,,0
3715,Undergraduate,4500.0,8.2,14,1,14.3,32,2026-03-26,2026-07-22,1
3716,Undergraduate,4500.0,11.0,15,2,15.8,17,2026-02-09,,0
3717,Undergraduate,4500.0,4.3,13,2,10.5,0,2025-12-05,,0
3718,Certificate,1200.0,8.8,19,1,9.6,3,2025-09-11,2026-06-20,1
3719,Graduate,6000.0,6.0,9,1,17.2,29,2026-04-17,,0
3720,Certificate,1200.0,4.1,14,1,10.3,17,2026-02-22,,0
3721,Certificate,1200.0,10.5,8,2,3.8,38,2026-05-05,2026-07-20,1
3722,Undergraduate,4500.0,11.6,18,2,15.6,7,2026-08-16,,0
3723,Undergraduate,4500.0,7.1,6,0,15.8,6,2025-10-17,,0
3724,Certificate,1200.0,9.4,9,2,5.1,3,2026-02-07,,0
3725,Undergraduate,4500.0,11.4,19,3,16.9,5,2026-04-18,,0
3726,Undergraduate,4500.0,13.9,14,0,25.7,19,2025-11-21,,0
3727,Certificate,1200.0,11.9,7,0,16.1,23,2025-11-06,,0
3728,Graduate,6000.0,8.0,4,1,10.6,29,2025-09-06,,0
3729,Undergraduate,4500.0,9.8,6,0,15.3,15,2026-03-25,,0
3730,Undergraduate,4500.0,8.8,8,0,11.4,34,2026-07-24,2026-08-02,1
3731,Certificate,1200.0,7.6,14,1,8.5,27,2026-03-07,,0
3732,Undergraduate,4500.0,15.1,12,2,18.5,25,2026-03-24,,0
3733,Graduate,6000.0,11.2,14,3,20.6,21,2026-06-17,,0
3734,Certificate,1200.0,4.1,5,0,0.0,28,2026-01-29,2026-04-08,1
3735,Certificate,1200.0,6.7,7,2,10.5,40,2026-04-02,2026-05-04,1
3736,Undergraduate,4500.0,6.2,20,0,17.3,9,2025-10-14,,0
3737,Certificate,1200.0,5.4,5,1,6.6,38,2026-08-14,,0
3738,Graduate,6000.0,7.4,20,3,16.2,4,2025-12-13,,0
3739,Undergraduate,4500.0,2.7,11,0,11.3,23,2026-01-24,2026-06-30,1
3740,Undergraduate,4500.0,7.6,9,0,11.0,17,2026-06-08,2026-07-06,1
3741,Graduate,6000.0,1.6,11,0,12.1,33,2026-04-25,2026-05-24,1
3742,Graduate,6000.0,6.3,9,1,10.9,32,2025-10-22,2025-12-25,1
3743,Graduate,6000.0,5.1,6,0,5.3,27,2026-04-21,2026-06-07,1
3744,Undergraduate,4500.0,11.4,19,1,10.2,8,2026-01-01,,0
3745,Undergraduate,4500.0,8.7,19,1,12.8,14,2026-02-25,,0
3746,Undergraduate,4500.0,8.6,11,0,9.1,21,2025-10-09,,0
3747,Undergraduate,4500.0,12.4,5,4,13.3,0,2026-01-02,2026-07-23,1
3748,Undergraduate,4500.0,11.0,14,0,17.6,19,2025-10-31,,0
3749,Certificate,1200.0,0.0,2,0,3.7,41,2025-10-06,2026-02-10,1
3750,Undergraduate,4500.0,6.1,9,1,14.6,24,2026-07-15,,0
3751,Undergraduate,4500.0,15.4,18,0,12.9,13,2025-10-31,,0
3752,Undergraduate,4500.0,8.9,9,2,3.8,32,2025-09-15,,0
3753,Certificate,1200.0,0.0,4,0,8.1,38,2026-08-18,2026-08-22,1
3754,Undergraduate,4500.0,9.8,14,1,15.8,2,2026-03-19,,0
3755,Undergraduate,4500.0,3.9,14,2,8.1,19,2026-05-30,,0
3756,Undergraduate,4500.0,5.1,12,1,13.0,28,2025-09-07,,0
3757,Undergraduate,4500.0,0.0,6,0,7.3,37,2026-04-25,2026-05-19,1
3758,Certificate,1200.0,9.3,14,4,6.7,11,2026-06-24,,0
3759,Certificate,1200.0,7.5,11,0,14.4,22,2026-07-28,2026-08-04,1
3760,Undergraduate,4500.0,3.8,11,2,6.2,31,2025-11-15,,0
3761,Certificate,1200.0,13.8,18,2,27.2,1,2026-08-10,,0
3762,Undergraduate,4500.0,4.9,10,0,0.8,34,2026-05-12,,0
3763,Graduate,6000.0,11.0,11,0,12.1,28,2026-02-10,,0
3764,Certificate,1200.0,7.4,18,4,11.4,15,2026-08-15,,0
3765,Undergraduate,4500.0,10.9,20,3,7.0,15,2026-06-29,,0
3766,Undergraduate,4500.0,0.7,2,0,7.6,36,2025-09-03,2026-02-26,1
3767,Undergraduate,4500.0,2.9,15,0,0.0,28,2026-03-17,,0
3768,Certificate,1200.0,3.4,0,0,1.0,22,2026-05-13,2026-06-11,1
3769,Certificate,1200.0,5.7,10,1,13.7,19,2025-10-18,2026-05-03,1
3770,Graduate,6000.0,6.6,7,1,6.0,18,2026-08-02,,0
3771,Certificate,1200.0,12.2,17,1,6.6,17,2026-05-27,2026-07-14,1
3772,Undergraduate,4500.0,12.6,12,2,15.5,20,2025-10-21,,0
3773,Undergraduate,4500.0,2.1,7,0,8.1,25,2025-11-30,,0
3774,Undergraduate,4500.0,13.1,14,0,12.9,14,2026-03-27,2026-08-18,1
3775,Undergraduate,4500.0,6.1,5,2,13.6,23,2025-09-08,2025-12-24,1
3776,Certificate,1200.0,0.7,2,0,0.0,44,2026-02-02,2026-04-14,1
3777,Undergraduate,4500.0,5.7,5,0,4.0,45,2025-12-02,2026-04-28,1
3778,Undergraduate,4500.0,2.2,8,3,14.1,20,2025-09-06,,0
3779,Graduate,6000.0,9.1,7,0,0.2,25,2026-02-28,2026-03-29,1
3780,Certificate,1200.0,8.6,11,1,18.3,18,2026-03-09,,0
3781,Certificate,1200.0,3.1,5,3,6.5,29,2026-01-01,2026-04-18,1
3782,Graduate,6000.0,10.2,11,2,20.3,5,2026-08-07,,0
3783,Certificate,1200.0,2.1,11,2,13.9,10,2026-03-28,,0
3784,Graduate,6000.0,8.1,14,2,11.3,6,2025-12-22,,0
3785,Undergraduate,4500.0,10.1,18,0,13.0,19,2026-04-15,,0
3786,Undergraduate,4500.0,0.0,6,1,4.0,46,2025-12-15,,0
3787,Undergraduate,4500.0,9.3,14,0,12.9,37,2026-04-06,,0
3788,Undergraduate,4500.0,11.6,13,6,5.4,24,2026-06-22,2026-07-04,1
3789,Certificate,1200.0,7.2,18,3,3.6,15,2026-07-09,2026-08-03,1
3790,Graduate,6000.0,8.4,20,1,19.8,14,2026-02-13,,0
3791,Graduate,6000.0,3.6,0,0,0.0,26,2026-06-22,2026-07-26,1
3792,Graduate,6000.0,4.8,0,0,8.3,18,2026-04-19,2026-05-26,1
3793,Undergraduate,4500.0,6.0,12,2,11.3,19,2026-02-23,,0
3794,Undergraduate,4500.0,1.4,6,0,3.7,39,2026-08-13,2026-08-17,1
3795,Undergraduate,4500.0,10.3,15,1,22.0,27,2026-03-31,,0
3796,Certificate,1200.0,12.0,17,0,14.6,11,2026-05-10,,0
3797,Undergraduate,4500.0,6.1,7,0,6.3,16,2026-05-09,,0
3798,Undergraduate,4500.0,8.5,8,2,9.1,20,2025-10-04,,0
3799,Undergraduate,4500.0,1.8,7,0,6.0,24,2025-09-28,,0
3800,Undergraduate,4500.0,9.2,9,0,6.2,20,2026-05-14,,0
3801,Undergraduate,4500.0,3.1,7,2,1.6,39,2025-10-14,2026-03-11,1
3802,Undergraduate,4500.0,16.1,10,3,19.6,10,2026-06-11,,0
3803,Undergraduate,4500.0,2.4,4,0,8.3,35,2026-04-27,2026-05-23,1
3804,Graduate,6000.0,11.1,15,0,11.8,20,2025-09-22,2026-02-22,1
3805,Undergraduate,4500.0,14.8,8,2,13.4,37,2026-07-25,,0
3806,Certificate,1200.0,9.5,15,0,3.9,21,2026-04-14,,0
3807,Certificate,1200.0,2.0,0,0,9.9,47,2025-11-11,2025-12-26,1
3808,Undergraduate,4500.0,2.2,3,2,13.3,26,2025-09-22,2025-10-29,1
3809,Undergraduate,4500.0,12.5,11,2,21.7,19,2025-09-19,,0
3810,Graduate,6000.0,4.6,12,1,15.8,32,2025-10-14,,0
3811,Certificate,1200.0,7.7,6,3,10.7,15,2025-09-13,2026-05-07,1
3812,Certificate,1200.0,10.0,19,0,21.6,8,2026-03-13,,0
3813,Undergraduate,4500.0,5.6,14,1,5.1,36,2026-05-06,2026-06-19,1
3814,Undergraduate,4500.0,4.3,10,0,9.4,18,2026-04-13,,0
3815,Graduate,6000.0,8.0,10,1,4.9,31,2026-07-18,,0
3816,Graduate,6000.0,8.1,5,2,18.8,16,2026-07-12,2026-08-23,1
3817,Undergraduate,4500.0,5.9,16,3,8.4,17,2025-09-10,,0
3818,Graduate,6000.0,12.3,9,0,6.5,28,2026-06-23,,0
3819,Certificate,1200.0,7.2,15,2,12.8,26,2026-01-19,2026-02-21,1
3820,Undergraduate,4500.0,11.7,11,1,17.9,13,2026-06-08,,0
3821,Graduate,6000.0,10.5,10,0,7.1,30,2026-01-01,,0
3822,Undergraduate,4500.0,11.8,11,2,17.2,17,2026-03-13,,0
3823,Graduate,6000.0,0.0,8,1,15.2,33,2026-07-24,,0
3824,Certificate,1200.0,5.7,10,1,10.8,26,2026-04-18,,0
3825,Certificate,1200.0,8.2,11,0,13.0,34,2025-12-08,,0
3826,Undergraduate,4500.0,11.9,20,1,16.7,8,2025-11-12,,0
3827,Graduate,6000.0,2.6,3,0,12.6,14,2026-05-18,2026-06-30,1
3828,Undergraduate,4500.0,8.4,20,3,17.7,19,2026-05-15,,0
3829,Graduate,6000.0,5.5,2,1,11.2,30,2025-12-08,2025-12-26,1
3830,Certificate,1200.0,2.9,9,2,19.2,21,2026-03-30,,0
3831,Undergraduate,4500.0,4.3,5,1,11.1,25,2026-08-06,,0
3832,Undergraduate,4500.0,10.9,18,1,8.9,17,2026-07-18,,0
3833,Certificate,1200.0,13.5,14,2,7.5,7,2026-04-17,,0
3834,Undergraduate,4500.0,4.6,3,1,7.9,19,2026-05-25,,0
3835,Undergraduate,4500.0,15.9,11,1,18.9,6,2026-07-19,,0
3836,Undergraduate,4500.0,14.8,13,2,18.1,7,2025-11-19,,0
3837,Certificate,1200.0,8.0,15,4,23.4,13,2026-03-17,,0
3838,Certificate,1200.0,3.3,11,0,11.0,32,2025-12-16,2026-04-30,1
3839,Graduate,6000.0,4.0,10,2,9.5,22,2026-08-31,2026-08-31,1
3840,Undergraduate,4500.0,7.0,7,2,2.5,30,2026-04-07,2026-05-24,1
3841,Graduate,6000.0,3.0,9,0,12.9,34,2026-03-10,2026-05-27,1
3842,Undergraduate,4500.0,7.6,2,0,5.4,32,2026-02-02,2026-06-15,1
3843,Graduate,6000.0,3.3,9,0,0.0,21,2025-09-12,,0
3844,Certificate,1200.0,2.4,8,0,6.9,44,2026-03-17,2026-05-22,1
3845,Undergraduate,4500.0,9.8,11,2,7.2,25,2026-03-06,,0
3846,Undergraduate,4500.0,7.4,14,1,10.5,30,2025-10-09,,0
3847,Certificate,1200.0,6.5,9,0,8.7,34,2026-04-08,,0
3848,Certificate,1200.0,6.6,6,0,0.3,30,2026-04-09,,0
3849,Undergraduate,4500.0,7.2,5,0,6.7,6,2026-07-04,,0
3850,Graduate,6000.0,14.7,20,1,15.4,0,2025-12-11,,0
3851,Undergraduate,4500.0,5.6,10,0,3.0,35,2026-08-24,2026-08-26,1
3852,Certificate,1200.0,4.8,14,4,8.2,14,2026-06-13,,0
3853,Graduate,6000.0,8.3,11,0,7.1,20,2026-04-01,,0
3854,Certificate,1200.0,11.5,14,1,10.2,0,2026-03-26,,0
3855,Certificate,1200.0,4.8,6,0,5.8,38,2026-08-17,2026-08-22,1
3856,Graduate,6000.0,7.7,8,0,8.8,19,2026-02-19,2026-06-05,1
3857,Undergraduate,4500.0,9.0,9,1,18.8,10,2025-09-11,,0
3858,Graduate,6000.0,6.4,7,1,13.8,42,2026-07-24,2026-08-07,1
3859,Graduate,6000.0,6.5,5,1,13.2,15,2026-03-04,2026-06-15,1
3860,Undergraduate,4500.0,3.8,5,0,6.3,28,2026-01-29,2026-04-10,1
3861,Undergraduate,4500.0,1.6,2,0,7.1,39,2026-05-05,2026-06-15,1
3862,Undergraduate,4500.0,10.4,11,1,14.4,25,2026-02-03,,0
3863,Graduate,6000.0,8.2,13,3,12.7,14,2026-04-29,,0
3864,Graduate,6000.0,11.4,6,0,8.5,37,2026-07-05,,0
3865,Undergraduate,4500.0,14.3,13,2,5.9,10,2025-10-29,,0
3866,Undergraduate,4500.0,13.9,15,2,19.2,0,2025-09-01,,0
3867,Undergraduate,4500.0,12.5,9,0,10.4,9,2026-04-13,,0
3868,Undergraduate,4500.0,2.8,14,1,17.1,10,2026-07-29,,0
3869,Graduate,6000.0,0.0,5,1,9.0,38,2026-07-03,,0
3870,Certificate,1200.0,6.7,12,1,7.0,14,2025-10-09,,0
3871,Undergraduate,4500.0,2.3,7,1,9.2,27,2025-10-14,2025-11-16,1
3872,Graduate,6000.0,4.6,11,3,0.0,32,2026-03-05,,0
3873,Undergraduate,4500.0,0.0,8,0,15.9,38,2025-10-17,,0
3874,Undergraduate,4500.0,6.0,3,0,0.0,46,2026-06-11,2026-07-04,1
3875,Undergraduate,4500.0,14.3,6,1,12.9,28,2026-04-07,,0
3876,Certificate,1200.0,12.0,11,3,13.0,13,2026-07-21,,0
3877,Certificate,1200.0,5.9,7,1,9.2,39,2026-02-14,,0
3878,Certificate,1200.0,6.3,8,2,5.8,32,2025-12-19,,0
3879,Certificate,1200.0,5.0,0,0,0.0,19,2025-09-15,,0
3880,Certificate,1200.0,4.6,8,3,4.2,33,2025-11-29,,0
3881,Undergraduate,4500.0,16.7,17,4,12.7,4,2026-01-01,,0
3882,Certificate,1200.0,10.3,14,0,4.9,6,2025-12-29,,0
3883,Graduate,6000.0,5.4,12,0,9.2,28,2026-01-14,2026-03-10,1
3884,Certificate,1200.0,11.3,13,2,5.3,33,2026-03-31,,0
3885,Undergraduate,4500.0,10.5,7,1,12.6,33,2026-03-02,,0
3886,Graduate,6000.0,2.5,11,0,5.6,35,2026-06-30,,0
3887,Certificate,1200.0,2.0,0,1,13.5,37,2026-08-24,,0
3888,Undergraduate,4500.0,0.1,2,0,0.9,40,2025-11-16,,0
3889,Graduate,6000.0,11.5,15,1,17.2,0,2026-03-03,,0
3890,Undergraduate,4500.0,9.9,6,3,7.7,19,2025-10-18,,0
3891,Certificate,1200.0,10.9,19,1,9.7,0,2026-07-18,,0
3892,Undergraduate,4500.0,8.8,11,0,6.4,33,2026-04-10,,0
3893,Undergraduate,4500.0,4.2,9,0,8.9,41,2026-05-30,,0
3894,Undergraduate,4500.0,14.9,13,0,13.5,27,2025-10-28,,0
3895,Certificate,1200.0,4.5,0,0,3.3,44,2026-04-16,,0
3896,Certificate,1200.0,11.0,11,1,7.8,12,2026-01-12,,0
3897,Graduate,6000.0,10.1,12,1,14.4,12,2026-08-01,,0
3898,Undergraduate,4500.0,1.8,4,0,5.8,36,2026-02-20,,0
3899,Certificate,1200.0,0.0,2,0,7.7,31,2026-03-23,,0
3900,Undergraduate,4500.0,4.9,13,0,6.1,33,2026-01-21,2026-04-19,1
3901,Graduate,6000.0,5.2,8,0,0.0,24,2026-01-30,2026-07-03,1
3902,Certificate,1200.0,0.0,5,2,6.2,36,2026-07-23,,0
3903,Certificate,1200.0,14.0,20,0,18.9,8,2026-08-13,,0
3904,Undergraduate,4500.0,0.0,4,0,10.7,31,2026-07-17,2026-07-20,1
3905,Undergraduate,4500.0,6.0,17,1,9.5,32,2026-06-13,,0
3906,Undergraduate,4500.0,6.6,5,0,7.5,17,2025-12-09,2026-04-17,1
3907,Graduate,6000.0,3.0,2,2,5.7,39,2026-05-25,2026-07-22,1
3908,Certificate,1200.0,0.7,0,0,0.0,38,2025-09-11,2025-11-06,1
3909,Undergraduate,4500.0,11.6,20,1,12.6,16,2026-07-31,,0
3910,Undergraduate,4500.0,2.7,9,2,6.2,19,2026-02-27,2026-04-12,1
3911,Undergraduate,4500.0,4.0,4,1,0.7,21,2025-12-13,,0
3912,Undergraduate,4500.0,5.9,5,1,6.5,34,2026-08-12,,0
3913,Undergraduate,4500.0,8.4,19,1,24.5,9,2026-02-25,,0
3914,Undergraduate,4500.0,5.1,7,1,10.9,31,2026-08-07,2026-08-16,1
3915,Undergraduate,4500.0,7.8,14,0,10.8,19,2025-11-16,,0
3916,Certificate,1200.0,9.3,13,3,20.9,23,2026-03-14,,0
3917,Undergraduate,4500.0,15.1,12,2,6.3,24,2025-10-20,,0
3918,Undergraduate,4500.0,6.1,10,0,21.1,27,2026-01-03,,0
3919,Undergraduate,4500.0,11.0,14,1,13.4,0,2026-05-08,,0
3920,Certificate,1200.0,0.8,2,0,12.8,43,2026-07-06,2026-07-18,1
3921,Graduate,6000.0,1.4,2,0,15.7,24,2026-07-05,,0
3922,Graduate,6000.0,15.2,19,1,8.8,0,2026-08-19,,0
3923,Graduate,6000.0,8.2,16,3,21.0,3,2026-05-14,,0
3924,Graduate,6000.0,3.9,10,0,6.1,27,2025-12-08,,0
3925,Certificate,1200.0,5.9,12,0,7.1,31,2026-04-24,,0
3926,Undergraduate,4500.0,6.4,12,1,15.1,19,2026-07-09,2026-08-18,1
3927,Undergraduate,4500.0,7.1,20,2,11.4,5,2026-08-02,,0
3928,Graduate,6000.0,6.7,13,1,13.3,22,2026-03-25,,0
3929,Certificate,1200.0,8.7,12,2,3.3,28,2026-06-16,2026-07-25,1
3930,Certificate,1200.0,4.1,9,0,5.5,35,2025-12-07,2026-03-08,1
3931,Undergraduate,4500.0,16.6,16,2,22.6,11,2026-05-01,,0
3932,Certificate,1200.0,11.2,13,1,13.9,10,2026-07-17,,0
3933,Undergraduate,4500.0,14.3,19,0,15.2,8,2026-05-24,,0
3934,Undergraduate,4500.0,9.0,1,1,7.2,21,2026-03-23,2026-04-08,1
3935,Undergraduate,4500.0,7.3,7,1,3.2,27,2026-08-18,2026-08-23,1
3936,Graduate,6000.0,10.8,10,1,10.0,4,2026-07-22,,0
3937,Undergraduate,4500.0,11.6,15,1,13.4,19,2025-09-15,,0
3938,Certificate,1200.0,14.9,13,1,17.6,0,2026-04-27,,0
3939,Certificate,1200.0,7.4,6,0,11.9,36,2025-12-01,,0
3940,Certificate,1200.0,11.2,18,0,20.3,0,2025-10-02,,0
3941,Certificate,1200.0,10.4,11,1,11.4,9,2026-07-21,,0
3942,Undergraduate,4500.0,8.8,19,2,11.1,14,2025-12-24,,0
3943,Undergraduate,4500.0,13.7,20,2,23.6,14,2025-10-31,2026-03-17,1
3944,Certificate,1200.0,9.6,13,2,7.7,18,2026-08-23,,0
3945,Certificate,1200.0,10.5,13,4,16.9,19,2026-05-10,,0
3946,Graduate,6000.0,10.0,13,1,10.5,14,2026-07-13,,0
3947,Certificate,1200.0,6.2,14,0,17.1,10,2026-08-20,,0
3948,Undergraduate,4500.0,2.4,2,0,0.0,37,2026-05-16,2026-06-16,1
3949,Undergraduate,4500.0,12.7,16,0,24.0,0,2026-06-26,,0
3950,Certificate,1200.0,11.7,3,0,11.1,20,2025-10-09,2026-01-24,1
3951,Graduate,6000.0,7.5,9,1,14.3,24,2026-06-06,,0
3952,Certificate,1200.0,12.1,20,2,19.4,2,2025-12-02,,0
3953,Undergraduate,4500.0,1.0,8,0,4.7,38,2026-08-13,,0
3954,Undergraduate,4500.0,16.5,20,1,30.9,0,2026-01-18,,0
3955,Graduate,6000.0,5.5,11,0,3.8,20,2025-12-21,,0
3956,Undergraduate,4500.0,2.8,8,1,11.3,39,2026-07-07,,0
3957,Undergraduate,4500.0,9.7,11,0,13.2,21,2026-03-27,,0
3958,Undergraduate,4500.0,9.9,8,1,10.3,25,2025-09-26,2026-01-30,1
3959,Undergraduate,4500.0,9.2,8,1,10.6,27,2026-01-19,,0
3960,Undergraduate,4500.0,7.1,7,0,6.9,27,2025-11-10,2026-07-21,1
3961,Undergraduate,4500.0,11.0,6,3,16.1,28,2026-03-29,,0
3962,Undergraduate,4500.0,8.7,8,1,12.2,22,2026-06-05,2026-07-10,1
3963,Certificate,1200.0,6.0,11,0,20.0,22,2026-03-13,2026-06-30,1
3964,Undergraduate,4500.0,12.3,16,1,20.1,17,2026-04-06,,0
3965,Undergraduate,4500.0,16.3,16,1,19.9,1,2025-09-07,,0
3966,Certificate,1200.0,12.5,18,3,19.3,7,2026-03-28,,0
3967,Undergraduate,4500.0,3.3,2,1,16.8,31,2026-01-15,,0
3968,Certificate,1200.0,9.3,14,3,8.2,9,2026-01-29,,0
3969,Undergraduate,4500.0,9.4,13,1,8.6,20,2026-04-18,,0
3970,Undergraduate,4500.0,0.0,3,0,0.0,42,2026-04-17,2026-04-30,1
3971,Undergraduate,4500.0,0.0,0,1,8.1,29,2025-10-27,2026-03-20,1
3972,Undergraduate,4500.0,7.1,5,1,10.1,40,2026-06-16,,0
3973,Certificate,1200.0,12.7,15,0,5.8,13,2026-04-02,,0
3974,Certificate,1200.0,8.6,17,1,23.7,0,2025-12-31,,0
3975,Undergraduate,4500.0,4.9,2,1,2.5,47,2026-08-11,2026-08-22,1
3976,Graduate,6000.0,9.2,20,1,12.2,1,2025-12-27,,0
3977,Undergraduate,4500.0,1.1,0,0,3.1,39,2025-11-01,,0
3978,Undergraduate,4500.0,12.9,15,0,23.9,24,2026-03-23,2026-08-12,1
3979,Undergraduate,4500.0,3.0,6,0,4.9,24,2026-01-31,2026-04-01,1
3980,Undergraduate,4500.0,2.0,4,0,8.6,40,2026-03-07,2026-03-24,1
3981,Undergraduate,4500.0,6.1,8,0,13.2,29,2025-12-31,,0
3982,Undergraduate,4500.0,8.6,14,2,14.9,18,2026-08-13,,0
3983,Certificate,1200.0,4.9,15,1,14.0,19,2026-01-18,,0
3984,Certificate,1200.0,6.8,5,0,9.8,15,2026-03-18,,0
3985,Undergraduate,4500.0,7.2,8,2,8.4,17,2026-08-18,,0
3986,Undergraduate,4500.0,3.4,8,0,14.7,33,2025-11-12,,0
3987,Undergraduate,4500.0,3.0,4,0,2.4,40,2026-07-07,,0
3988,Undergraduate,4500.0,7.4,11,0,9.1,41,2026-01-28,,0
3989,Undergraduate,4500.0,10.7,12,2,17.7,23,2025-10-25,2026-05-29,1
3990,Undergraduate,4500.0,0.5,4,0,1.2,40,2025-09-29,,0
3991,Certificate,1200.0,3.4,10,1,11.7,32,2026-01-14,,0
3992,Graduate,6000.0,1.0,2,2,0.0,44,2025-12-13,2026-01-30,1
3993,Certificate,1200.0,12.3,19,0,28.8,8,2026-01-30,,0
3994,Undergraduate,4500.0,0.3,12,0,16.9,32,2025-11-21,,0
3995,Undergraduate,4500.0,2.6,10,1,8.5,22,2025-09-09,,0
3996,Undergraduate,4500.0,7.6,9,0,12.0,27,2026-03-17,,0
3997,Certificate,1200.0,10.6,18,4,17.2,5,2026-04-03,,0
3998,Certificate,1200.0,0.0,0,0,0.0,46,2026-06-29,,0
3999,Undergraduate,4500.0,16.6,20,2,18.9,0,2025-09-08,,0
4000,Undergraduate,4500.0,9.5,16,2,15.0,12,2025-10-03,,0
