player_id,platform,monetization_tier,sessions_per_week,avg_session_minutes,levels_completed,in_game_purchases,guild_member,days_since_last_session,first_session_date,churn_date,churned
5001,Mobile,Occasional Spender,0.9,25.5,48,16.51,0,27,2026-06-28,,0
5002,Mobile,Free-to-Play,3.0,22.6,43,0.0,0,27,2026-02-17,,0
5003,Mobile,Free-to-Play,8.1,23.7,57,0.0,0,21,2026-07-02,,0
5004,Mobile,Free-to-Play,6.1,38.1,15,0.0,0,21,2025-12-29,,0
5005,Mobile,Occasional Spender,6.9,29.4,21,67.43,0,19,2026-06-11,2026-06-25,1
5006,Mobile,Occasional Spender,13.9,45.3,39,14.7,1,18,2026-05-18,,0
5007,Mobile,Whale,6.5,35.7,68,338.45,1,15,2026-02-03,,0
5008,PC,Occasional Spender,4.9,26.2,6,5.82,0,38,2026-08-22,,0
5009,Console,Free-to-Play,10.3,36.3,63,0.0,1,0,2025-12-19,,0
5010,PC,Free-to-Play,10.1,37.5,57,0.0,1,0,2026-03-23,,0
5011,Mobile,Free-to-Play,10.6,14.7,24,0.0,0,38,2026-02-26,2026-04-25,1
5012,PC,Occasional Spender,4.0,21.5,42,33.29,0,20,2025-12-03,2025-12-04,1
5013,Mobile,Free-to-Play,8.5,16.0,92,0.0,1,0,2025-11-23,,0
5014,PC,Free-to-Play,3.1,27.8,45,0.0,1,27,2025-09-30,,0
5015,PC,Occasional Spender,12.6,34.9,63,15.76,0,10,2026-06-27,,0
5016,Mobile,Occasional Spender,6.9,26.5,52,49.67,0,21,2026-03-28,2026-04-01,1
5017,Mobile,Whale,2.1,12.0,14,278.63,0,21,2026-07-28,2026-08-06,1
5018,Console,Free-to-Play,2.7,24.9,48,0.0,0,12,2026-05-27,2026-07-03,1
5019,Console,Free-to-Play,10.8,13.8,63,0.0,1,26,2026-02-11,,0
5020,PC,Free-to-Play,7.2,12.1,56,0.0,0,20,2026-07-15,,0
5021,Console,Free-to-Play,11.8,6.4,53,0.0,1,24,2026-03-22,,0
5022,Console,Free-to-Play,3.7,13.2,19,0.0,0,30,2025-09-24,,0
5023,Mobile,Free-to-Play,9.6,23.5,43,0.0,1,18,2026-08-06,,0
5024,PC,Occasional Spender,5.4,8.3,19,16.27,1,30,2026-06-08,,0
5025,Mobile,Free-to-Play,6.2,32.4,38,0.0,1,18,2026-05-20,,0
5026,Mobile,Free-to-Play,7.2,24.2,56,0.0,0,19,2025-10-03,,0
5027,Mobile,Occasional Spender,0.0,0.0,12,14.49,1,36,2025-12-06,2025-12-11,1
5028,Console,Free-to-Play,9.6,56.7,62,0.0,1,4,2026-06-25,,0
5029,PC,Free-to-Play,7.5,20.8,45,0.0,1,33,2025-12-19,,0
5030,Mobile,Free-to-Play,13.0,28.6,54,0.0,0,21,2026-08-25,,0
5031,Mobile,Free-to-Play,6.4,11.1,15,0.0,0,45,2025-11-13,,0
5032,Mobile,Occasional Spender,9.5,35.1,62,23.57,0,4,2026-06-11,,0
5033,PC,Free-to-Play,7.7,12.5,14,0.0,0,28,2025-12-15,2025-12-24,1
5034,Console,Free-to-Play,4.1,20.2,0,0.0,0,37,2026-03-05,2026-04-10,1
5035,Mobile,Whale,12.1,31.6,83,39.93,0,12,2025-12-07,,0
5036,Mobile,Free-to-Play,5.5,25.6,0,0.0,1,42,2026-04-26,,0
5037,PC,Occasional Spender,2.4,5.7,48,38.64,0,30,2026-02-19,,0
5038,Mobile,Free-to-Play,10.9,41.5,71,0.0,0,0,2025-10-04,,0
5039,PC,Whale,7.5,31.1,52,139.47,1,27,2025-11-11,,0
5040,Mobile,Free-to-Play,4.4,39.4,62,0.0,0,0,2026-02-14,,0
5041,Mobile,Free-to-Play,5.3,43.4,63,0.0,1,15,2025-09-29,,0
5042,Mobile,Occasional Spender,5.0,28.0,80,34.26,0,7,2026-07-20,,0
5043,Console,Occasional Spender,5.2,20.4,20,56.13,0,34,2025-12-19,,0
5044,Mobile,Free-to-Play,0.3,0.0,5,0.0,0,55,2026-01-15,2026-02-20,1
5045,Mobile,Free-to-Play,0.0,10.5,9,0.0,1,46,2026-05-30,,0
5046,PC,Free-to-Play,4.5,26.3,2,0.0,0,30,2026-04-12,,0
5047,Console,Occasional Spender,9.5,45.4,55,27.59,0,0,2026-04-05,,0
5048,Mobile,Occasional Spender,12.6,35.4,92,16.58,1,2,2025-12-27,2025-12-27,1
5049,Mobile,Free-to-Play,7.3,25.4,12,0.0,0,43,2026-01-15,,0
5050,PC,Free-to-Play,6.4,15.8,65,0.0,0,13,2025-11-18,2025-12-20,1
5051,Mobile,Free-to-Play,9.2,33.8,104,0.0,0,17,2026-01-04,,0
5052,PC,Occasional Spender,7.7,18.2,86,32.76,0,22,2025-09-06,,0
5053,Mobile,Free-to-Play,7.8,18.0,80,0.0,1,22,2025-11-02,,0
5054,Mobile,Free-to-Play,7.2,35.5,87,0.0,1,1,2026-02-02,,0
5055,Mobile,Whale,5.4,31.0,55,63.89,1,10,2026-08-25,,0
5056,PC,Free-to-Play,3.9,25.1,37,0.0,1,12,2026-04-20,,0
5057,Mobile,Free-to-Play,1.9,4.5,20,0.0,0,50,2026-07-16,,0
5058,Mobile,Free-to-Play,10.0,29.3,53,0.0,0,15,2026-03-26,,0
5059,Mobile,Free-to-Play,9.7,9.8,58,0.0,0,20,2025-09-03,,0
5060,PC,Occasional Spender,6.8,12.2,26,43.0,0,41,2026-04-07,,0
5061,Mobile,Free-to-Play,12.4,41.2,64,0.0,0,10,2025-11-06,,0
5062,PC,Free-to-Play,1.6,0.0,0,0.0,1,45,2026-03-20,,0
5063,PC,Free-to-Play,0.0,1.8,11,0.0,0,45,2026-02-02,2026-03-16,1
5064,Mobile,Occasional Spender,0.0,6.3,5,70.74,0,39,2026-08-21,2026-09-01,1
5065,Console,Free-to-Play,3.1,34.5,21,0.0,0,35,2025-12-24,2025-12-26,1
5066,Console,Free-to-Play,4.5,12.8,40,0.0,0,28,2026-06-02,,0
5067,Mobile,Free-to-Play,0.0,23.9,31,0.0,0,52,2026-03-17,,0
5068,Mobile,Free-to-Play,3.7,12.5,58,0.0,1,39,2025-09-05,,0
5069,Mobile,Whale,8.4,11.0,27,202.48,0,16,2026-06-11,,0
5070,Mobile,Occasional Spender,11.0,40.7,85,16.66,0,7,2025-09-27,,0
5071,PC,Occasional Spender,3.3,13.7,31,39.55,0,29,2025-11-02,,0
5072,Console,Free-to-Play,6.1,19.2,33,0.0,0,40,2026-08-14,2026-09-01,1
5073,Console,Free-to-Play,0.0,13.7,21,0.0,0,36,2026-04-19,,0
5074,Mobile,Whale,6.6,17.2,20,135.06,0,30,2025-09-08,2025-09-11,1
5075,Mobile,Free-to-Play,12.3,43.1,66,0.0,0,0,2026-03-19,,0
5076,Mobile,Occasional Spender,10.3,36.7,83,19.21,0,0,2025-11-15,,0
5077,PC,Free-to-Play,3.0,27.1,65,0.0,0,38,2025-09-30,2025-10-07,1
5078,Mobile,Free-to-Play,5.6,28.6,24,0.0,1,23,2026-08-30,,0
5079,Console,Free-to-Play,8.1,20.6,10,0.0,0,21,2025-12-08,,0
5080,Console,Free-to-Play,8.2,34.8,42,0.0,0,21,2025-10-02,2025-10-21,1
5081,Mobile,Free-to-Play,0.6,18.8,49,0.0,1,23,2026-02-02,,0
5082,PC,Free-to-Play,13.4,32.7,53,0.0,0,16,2025-09-15,,0
5083,PC,Free-to-Play,2.9,19.4,29,0.0,1,12,2025-12-19,2025-12-25,1
5084,Console,Free-to-Play,6.5,16.0,26,0.0,1,13,2026-01-14,,0
5085,Mobile,Occasional Spender,7.0,21.6,53,3.73,0,6,2026-07-17,,0
5086,Mobile,Free-to-Play,0.0,0.0,5,0.0,1,50,2025-11-17,2026-01-28,1
5087,PC,Occasional Spender,5.5,42.5,58,29.08,0,27,2025-10-23,,0
5088,Mobile,Free-to-Play,7.2,0.0,53,0.0,0,32,2026-05-02,2026-05-25,1
5089,PC,Free-to-Play,10.3,38.6,32,0.0,1,20,2026-07-05,,0
5090,Mobile,Free-to-Play,6.2,18.7,59,0.0,1,28,2026-02-04,,0
5091,PC,Occasional Spender,4.4,37.9,56,20.8,0,13,2025-09-23,,0
5092,Console,Free-to-Play,10.5,12.9,44,0.0,1,5,2025-12-07,,0
5093,Mobile,Occasional Spender,11.4,35.6,66,27.76,0,11,2025-11-09,,0
5094,Mobile,Free-to-Play,5.7,33.8,39,0.0,0,26,2026-02-08,2026-02-08,1
5095,PC,Occasional Spender,4.4,20.9,27,31.23,0,35,2026-04-01,,0
5096,Mobile,Occasional Spender,1.4,3.0,0,9.79,0,41,2026-05-12,,0
5097,PC,Whale,10.9,20.4,73,320.56,0,17,2025-11-10,,0
5098,PC,Free-to-Play,2.6,0.0,30,0.0,1,49,2026-01-07,,0
5099,Mobile,Whale,7.8,33.1,58,321.17,0,23,2025-12-02,,0
5100,Console,Free-to-Play,11.4,18.3,29,0.0,0,10,2025-10-29,,0
5101,PC,Occasional Spender,4.3,13.7,17,17.36,0,28,2025-09-08,,0
5102,PC,Free-to-Play,5.7,24.1,35,0.0,1,18,2025-10-30,,0
5103,Mobile,Free-to-Play,10.9,25.6,73,0.0,1,15,2026-03-22,,0
5104,Mobile,Free-to-Play,0.0,5.7,4,0.0,0,57,2026-07-14,,0
5105,Mobile,Occasional Spender,5.8,10.4,35,2.9,1,25,2026-02-08,,0
5106,Console,Free-to-Play,5.4,19.0,12,0.0,0,25,2026-03-22,2026-03-22,1
5107,Console,Free-to-Play,6.6,23.0,57,0.0,0,5,2025-09-24,,0
5108,Console,Free-to-Play,4.7,0.0,5,0.0,0,41,2026-08-17,,0
5109,Mobile,Occasional Spender,4.9,13.9,30,39.83,0,29,2025-10-23,,0
5110,PC,Free-to-Play,1.4,20.9,51,0.0,1,41,2026-01-13,,0
5111,PC,Free-to-Play,7.2,27.7,21,0.0,0,28,2026-08-06,,0
5112,PC,Free-to-Play,5.4,18.2,28,0.0,0,36,2026-06-04,,0
5113,Mobile,Free-to-Play,5.6,21.0,2,0.0,1,23,2026-08-09,,0
5114,Console,Free-to-Play,10.5,29.6,59,0.0,0,9,2025-09-26,,0
5115,Mobile,Occasional Spender,8.9,34.9,77,27.32,0,20,2026-01-08,,0
5116,Mobile,Occasional Spender,6.3,23.1,52,13.17,1,14,2026-01-18,,0
5117,Console,Free-to-Play,10.3,48.3,67,0.0,0,0,2026-02-23,,0
5118,Mobile,Free-to-Play,4.7,17.0,45,0.0,1,42,2026-04-07,,0
5119,Mobile,Free-to-Play,8.7,22.4,55,0.0,0,14,2026-06-30,2026-07-03,1
5120,PC,Free-to-Play,4.8,0.3,39,0.0,0,43,2025-12-08,,0
5121,Console,Free-to-Play,7.9,41.3,65,0.0,0,16,2026-07-14,2026-08-23,1
5122,Mobile,Occasional Spender,8.8,16.2,0,11.25,0,21,2026-06-17,,0
5123,PC,Free-to-Play,6.1,30.1,51,0.0,1,30,2025-09-09,,0
5124,Mobile,Free-to-Play,9.0,34.1,3,0.0,0,27,2026-07-29,,0
5125,Mobile,Whale,10.6,40.7,46,185.62,1,27,2025-09-18,,0
5126,Mobile,Free-to-Play,7.3,54.0,89,0.0,0,2,2026-07-31,,0
5127,PC,Free-to-Play,1.0,0.0,0,0.0,1,49,2026-03-07,2026-03-15,1
5128,Mobile,Free-to-Play,3.3,15.7,37,0.0,1,46,2026-01-31,2026-02-22,1
5129,Mobile,Free-to-Play,8.1,33.9,39,0.0,1,9,2026-07-21,,0
5130,PC,Occasional Spender,0.8,20.8,14,27.92,1,24,2025-10-11,,0
5131,PC,Occasional Spender,3.0,41.0,48,5.04,1,24,2025-09-16,,0
5132,PC,Free-to-Play,3.1,3.9,7,0.0,1,33,2026-06-11,,0
5133,Console,Free-to-Play,1.5,22.4,44,0.0,0,43,2026-06-12,,0
5134,Mobile,Free-to-Play,3.8,18.8,48,0.0,0,15,2025-11-27,2025-12-10,1
5135,Mobile,Free-to-Play,10.5,43.3,59,0.0,1,22,2026-04-18,,0
5136,Mobile,Free-to-Play,10.5,35.8,69,0.0,0,13,2026-08-18,,0
5137,PC,Free-to-Play,0.0,16.1,13,0.0,0,47,2025-12-01,2026-01-01,1
5138,Mobile,Free-to-Play,3.7,2.0,43,0.0,0,28,2026-04-25,,0
5139,Mobile,Occasional Spender,3.0,30.4,69,7.52,1,24,2026-04-05,,0
5140,Mobile,Occasional Spender,8.1,19.3,43,39.87,0,27,2026-01-05,2026-01-11,1
5141,Mobile,Free-to-Play,5.5,35.5,44,0.0,0,20,2026-02-02,,0
5142,Console,Free-to-Play,3.6,18.2,25,0.0,1,15,2025-11-03,,0
5143,PC,Free-to-Play,5.2,10.7,51,0.0,0,16,2025-11-13,,0
5144,Mobile,Free-to-Play,3.8,12.9,40,0.0,0,45,2025-09-21,2025-10-29,1
5145,PC,Free-to-Play,0.3,0.0,0,0.0,0,18,2025-09-30,2025-10-02,1
5146,PC,Free-to-Play,0.0,22.9,0,0.0,0,36,2026-01-13,,0
5147,Mobile,Occasional Spender,7.0,12.4,28,10.31,0,22,2026-02-09,,0
5148,Mobile,Free-to-Play,10.2,34.7,70,0.0,0,10,2026-03-16,,0
5149,PC,Free-to-Play,8.2,38.9,63,0.0,1,0,2026-01-01,,0
5150,Mobile,Free-to-Play,7.2,53.0,73,0.0,1,12,2026-08-09,,0
5151,PC,Free-to-Play,3.8,14.1,23,0.0,0,36,2026-04-07,,0
5152,PC,Free-to-Play,6.6,17.9,57,0.0,1,52,2026-05-23,,0
5153,PC,Free-to-Play,9.9,38.8,76,0.0,0,11,2026-02-09,,0
5154,Console,Occasional Spender,15.0,20.0,74,14.21,1,17,2025-09-29,,0
5155,PC,Occasional Spender,9.1,15.4,66,5.69,0,6,2026-03-09,,0
5156,PC,Occasional Spender,2.5,6.6,0,95.75,0,48,2026-01-31,,0
5157,Mobile,Free-to-Play,7.4,13.6,36,0.0,0,29,2026-04-06,,0
5158,PC,Free-to-Play,5.7,4.9,39,0.0,0,29,2026-04-28,,0
5159,Console,Free-to-Play,7.9,37.6,61,0.0,0,20,2025-12-26,,0
5160,Console,Free-to-Play,12.8,38.5,38,0.0,0,25,2026-06-02,,0
5161,Console,Free-to-Play,3.5,22.8,34,0.0,0,29,2025-10-15,,0
5162,Mobile,Occasional Spender,10.5,32.1,75,7.8,0,0,2026-07-21,,0
5163,PC,Free-to-Play,12.9,37.9,73,0.0,1,3,2026-06-11,,0
5164,Console,Free-to-Play,10.8,42.8,85,0.0,0,16,2025-11-30,,0
5165,PC,Free-to-Play,2.2,9.1,32,0.0,0,41,2026-08-01,,0
5166,PC,Free-to-Play,3.6,34.0,52,0.0,0,3,2026-04-03,,0
5167,PC,Free-to-Play,0.0,0.0,24,0.0,0,46,2026-04-16,,0
5168,PC,Free-to-Play,8.6,13.7,20,0.0,0,26,2025-09-24,,0
5169,Mobile,Free-to-Play,10.7,48.6,68,0.0,0,13,2026-07-05,,0
5170,Mobile,Free-to-Play,1.8,24.5,34,0.0,0,29,2026-03-19,2026-04-09,1
5171,Console,Whale,3.7,23.7,18,348.96,0,36,2026-03-17,2026-04-05,1
5172,Console,Free-to-Play,6.7,37.1,66,0.0,0,7,2025-11-06,,0
5173,Console,Free-to-Play,4.4,19.8,49,0.0,1,42,2026-02-15,2026-03-23,1
5174,Mobile,Free-to-Play,1.1,8.4,34,0.0,0,39,2026-07-15,,0
5175,Mobile,Occasional Spender,0.7,0.0,47,1.69,1,44,2025-10-18,,0
5176,Mobile,Free-to-Play,4.3,22.5,99,0.0,1,36,2026-07-07,,0
5177,Console,Free-to-Play,0.0,4.0,21,0.0,1,44,2025-12-21,,0
5178,PC,Free-to-Play,12.7,36.9,61,0.0,0,21,2026-05-24,,0
5179,Console,Free-to-Play,7.4,51.1,73,0.0,1,3,2026-07-18,,0
5180,Mobile,Free-to-Play,6.8,33.8,44,0.0,1,38,2026-06-23,,0
5181,PC,Free-to-Play,6.2,7.4,35,0.0,1,27,2025-09-21,2025-09-29,1
5182,PC,Free-to-Play,2.7,18.1,40,0.0,0,39,2025-09-09,2025-09-11,1
5183,Mobile,Occasional Spender,10.4,37.1,49,5.59,0,8,2026-01-24,,0
5184,Console,Free-to-Play,3.5,18.7,44,0.0,0,43,2025-11-10,2025-12-02,1
5185,PC,Free-to-Play,1.4,17.1,44,0.0,0,28,2025-10-06,,0
5186,Mobile,Free-to-Play,9.6,37.0,52,0.0,1,15,2026-04-26,,0
5187,Mobile,Free-to-Play,15.5,35.5,81,0.0,0,11,2025-11-28,,0
5188,Console,Free-to-Play,13.6,47.6,63,0.0,1,5,2026-02-23,,0
5189,PC,Free-to-Play,0.0,0.0,21,0.0,0,25,2026-06-29,,0
5190,PC,Free-to-Play,4.0,32.0,44,0.0,0,28,2026-02-18,2026-03-08,1
5191,PC,Whale,1.4,4.9,19,95.91,0,43,2026-08-15,,0
5192,Mobile,Free-to-Play,3.8,9.8,28,0.0,1,41,2026-01-22,2026-02-12,1
5193,PC,Occasional Spender,2.6,5.6,56,19.3,1,26,2026-05-29,,0
5194,Console,Occasional Spender,2.2,20.7,57,8.52,0,27,2026-07-25,,0
5195,Mobile,Free-to-Play,4.3,17.6,19,0.0,0,39,2025-12-17,2026-02-07,1
5196,PC,Free-to-Play,5.1,20.3,28,0.0,0,19,2026-04-26,,0
5197,Mobile,Free-to-Play,0.0,18.9,33,0.0,0,45,2026-03-21,2026-03-30,1
5198,Mobile,Whale,0.1,10.9,47,126.95,0,33,2026-07-31,,0
5199,Mobile,Free-to-Play,6.9,32.8,39,0.0,1,22,2026-08-02,2026-08-23,1
5200,Console,Free-to-Play,2.9,20.6,56,0.0,0,16,2025-09-30,,0
5201,Mobile,Free-to-Play,11.4,31.3,58,0.0,1,5,2026-01-25,,0
5202,Mobile,Occasional Spender,3.5,22.9,39,37.79,0,28,2026-04-06,,0
5203,PC,Free-to-Play,0.0,28.2,12,0.0,0,19,2025-12-31,2026-01-17,1
5204,Mobile,Free-to-Play,12.3,37.6,79,0.0,0,4,2025-12-09,,0
5205,PC,Free-to-Play,6.7,20.2,63,0.0,0,13,2026-07-21,2026-07-23,1
5206,Console,Free-to-Play,7.2,52.8,52,0.0,1,23,2025-09-29,,0
5207,Mobile,Occasional Spender,3.1,28.2,47,10.83,0,14,2026-01-04,2026-01-24,1
5208,Mobile,Occasional Spender,11.6,38.0,78,9.15,0,16,2026-05-11,,0
5209,Console,Free-to-Play,2.9,8.6,9,0.0,0,50,2026-05-25,,0
5210,Mobile,Free-to-Play,10.4,35.6,52,0.0,0,20,2026-07-30,,0
5211,Mobile,Occasional Spender,3.4,25.9,43,1.01,0,26,2026-05-30,2026-06-07,1
5212,Console,Free-to-Play,2.4,0.0,3,0.0,1,43,2026-05-01,,0
5213,Console,Free-to-Play,7.2,27.3,43,0.0,0,33,2026-06-15,,0
5214,PC,Free-to-Play,0.5,5.4,45,0.0,0,41,2025-12-30,,0
5215,PC,Free-to-Play,4.8,14.0,26,0.0,1,9,2026-05-31,,0
5216,Console,Whale,5.8,25.2,61,319.88,0,30,2026-03-02,,0
5217,PC,Free-to-Play,10.1,18.4,68,0.0,0,16,2026-02-09,,0
5218,PC,Free-to-Play,4.3,10.5,48,0.0,1,18,2026-08-04,,0
5219,Console,Occasional Spender,5.2,26.6,28,23.15,1,17,2026-07-01,,0
5220,PC,Free-to-Play,5.9,23.7,60,0.0,0,26,2026-08-06,,0
5221,PC,Occasional Spender,0.9,0.0,18,59.39,0,36,2025-12-22,,0
5222,Mobile,Free-to-Play,6.4,13.9,46,0.0,1,17,2025-12-19,,0
5223,PC,Free-to-Play,5.0,31.1,64,0.0,1,24,2026-07-15,,0
5224,PC,Free-to-Play,8.2,34.4,62,0.0,1,4,2025-12-06,,0
5225,Mobile,Free-to-Play,7.1,34.0,23,0.0,1,22,2025-11-08,,0
5226,Mobile,Free-to-Play,4.9,23.3,49,0.0,0,42,2026-07-23,,0
5227,Console,Free-to-Play,5.9,13.4,50,0.0,1,22,2026-07-20,,0
5228,Mobile,Occasional Spender,3.5,17.2,47,23.95,1,25,2025-11-14,,0
5229,Mobile,Occasional Spender,7.6,25.6,42,37.75,1,11,2026-05-11,,0
5230,Mobile,Free-to-Play,3.8,5.5,40,0.0,0,24,2026-04-27,,0
5231,Mobile,Free-to-Play,9.9,8.4,24,0.0,0,22,2026-01-29,,0
5232,PC,Free-to-Play,5.8,10.6,34,0.0,0,35,2026-08-07,2026-08-29,1
5233,Mobile,Free-to-Play,6.0,16.1,30,0.0,0,16,2026-03-25,2026-03-28,1
5234,Mobile,Free-to-Play,3.1,23.2,23,0.0,0,40,2026-05-02,,0
5235,Console,Occasional Spender,9.5,39.1,46,51.25,0,23,2025-11-04,,0
5236,Mobile,Whale,0.3,12.0,0,642.92,0,18,2025-12-08,,0
5237,Mobile,Free-to-Play,3.8,27.8,19,0.0,0,28,2026-05-19,2026-08-03,1
5238,Console,Occasional Spender,7.8,19.5,51,22.83,1,35,2026-01-04,,0
5239,PC,Free-to-Play,11.6,45.9,76,0.0,0,9,2026-04-06,,0
5240,PC,Free-to-Play,2.4,31.0,42,0.0,0,10,2026-03-09,,0
5241,Console,Free-to-Play,4.4,13.7,40,0.0,0,29,2025-12-06,,0
5242,Console,Free-to-Play,10.8,58.3,57,0.0,1,8,2026-05-21,,0
5243,Mobile,Free-to-Play,5.7,1.2,54,0.0,0,30,2026-02-01,,0
5244,PC,Whale,8.9,13.0,55,86.89,0,2,2026-04-01,,0
5245,PC,Free-to-Play,4.4,37.3,55,0.0,1,7,2026-01-06,2026-01-08,1
5246,Mobile,Free-to-Play,3.6,37.5,70,0.0,1,20,2026-04-14,,0
5247,Console,Free-to-Play,4.1,10.0,82,0.0,1,23,2025-09-24,2025-09-30,1
5248,Mobile,Whale,10.7,27.1,55,152.16,0,22,2026-04-11,,0
5249,Console,Free-to-Play,0.0,4.2,27,0.0,0,62,2026-07-23,,0
5250,PC,Occasional Spender,7.2,43.7,74,18.16,0,7,2026-03-06,,0
5251,PC,Occasional Spender,2.5,39.5,34,12.74,0,9,2026-06-05,,0
5252,Mobile,Free-to-Play,6.3,42.2,22,0.0,0,19,2026-03-18,,0
5253,Console,Free-to-Play,9.5,1.3,22,0.0,0,41,2025-09-29,,0
5254,PC,Free-to-Play,9.6,24.3,79,0.0,1,19,2026-07-25,,0
5255,Mobile,Occasional Spender,7.3,14.0,45,23.6,1,39,2026-08-16,,0
5256,Mobile,Free-to-Play,9.0,38.9,43,0.0,0,21,2026-05-18,,0
5257,PC,Free-to-Play,5.9,26.1,53,0.0,1,30,2026-03-25,,0
5258,Mobile,Free-to-Play,0.4,4.3,0,0.0,1,40,2026-07-15,,0
5259,PC,Free-to-Play,11.6,37.0,60,0.0,0,0,2025-12-21,,0
5260,PC,Occasional Spender,4.1,10.5,0,14.13,0,37,2026-01-24,,0
5261,Mobile,Occasional Spender,10.4,25.0,69,29.4,1,0,2025-12-18,,0
5262,PC,Free-to-Play,8.8,39.4,64,0.0,0,18,2026-03-30,,0
5263,Mobile,Free-to-Play,6.3,25.1,60,0.0,0,3,2025-09-26,2025-09-28,1
5264,Console,Free-to-Play,5.0,0.0,1,0.0,0,32,2025-12-29,2026-01-10,1
5265,Console,Occasional Spender,1.5,14.4,13,5.56,0,43,2025-09-29,,0
5266,Mobile,Free-to-Play,9.7,20.6,25,0.0,1,26,2026-07-31,,0
5267,PC,Occasional Spender,3.9,26.7,40,42.76,1,22,2025-12-31,,0
5268,PC,Free-to-Play,5.1,4.5,32,0.0,1,60,2026-04-28,,0
5269,Console,Free-to-Play,7.3,31.7,36,0.0,0,39,2026-06-22,2026-06-24,1
5270,Mobile,Occasional Spender,0.0,9.2,0,4.41,0,36,2026-06-27,,0
5271,PC,Free-to-Play,5.3,6.3,17,0.0,0,48,2026-06-21,,0
5272,Console,Free-to-Play,5.1,28.3,20,0.0,0,38,2026-07-29,,0
5273,Mobile,Free-to-Play,1.8,9.9,0,0.0,1,42,2026-03-19,,0
5274,PC,Free-to-Play,1.9,16.7,31,0.0,1,38,2025-11-22,,0
5275,Mobile,Whale,4.4,28.3,10,211.62,1,30,2026-03-15,,0
5276,PC,Occasional Spender,9.5,20.7,52,29.19,0,14,2026-07-15,,0
5277,Mobile,Occasional Spender,6.9,27.8,38,77.74,0,22,2025-12-16,2025-12-24,1
5278,Console,Free-to-Play,0.0,0.0,9,0.0,0,51,2026-06-29,,0
5279,Mobile,Free-to-Play,3.3,21.0,43,0.0,1,29,2025-10-18,,0
5280,Mobile,Occasional Spender,7.7,23.7,33,16.83,0,16,2026-04-20,,0
5281,Console,Free-to-Play,4.4,27.6,36,0.0,1,27,2026-08-31,,0
5282,Console,Whale,4.4,21.3,30,585.85,0,18,2026-05-17,,0
5283,PC,Free-to-Play,14.8,46.8,67,0.0,1,3,2025-11-01,,0
5284,PC,Free-to-Play,5.0,0.0,12,0.0,0,46,2025-09-30,2025-10-04,1
5285,Mobile,Free-to-Play,6.8,27.8,66,0.0,1,7,2026-03-31,,0
5286,PC,Free-to-Play,9.5,33.8,83,0.0,1,11,2025-09-05,,0
5287,Mobile,Free-to-Play,2.8,37.3,0,0.0,0,38,2026-06-08,2026-06-21,1
5288,Mobile,Free-to-Play,2.3,5.2,25,0.0,0,38,2026-03-30,2026-05-09,1
5289,Console,Occasional Spender,12.2,34.8,34,60.62,0,21,2026-03-17,,0
5290,PC,Free-to-Play,6.0,14.4,18,0.0,1,43,2026-06-19,,0
5291,Mobile,Free-to-Play,3.1,0.0,19,0.0,0,25,2026-04-14,2026-04-19,1
5292,Mobile,Free-to-Play,5.6,9.4,21,0.0,1,24,2026-03-03,2026-03-03,1
5293,Console,Occasional Spender,11.8,40.4,72,16.22,0,7,2025-12-19,,0
5294,Mobile,Free-to-Play,3.0,11.7,30,0.0,0,41,2026-03-04,,0
5295,Mobile,Whale,2.8,0.0,1,225.66,0,55,2026-07-25,,0
5296,Mobile,Occasional Spender,6.6,13.6,22,30.23,1,29,2026-03-14,,0
5297,Mobile,Free-to-Play,11.5,48.7,68,0.0,0,23,2025-10-26,,0
5298,Mobile,Free-to-Play,5.2,32.6,24,0.0,1,14,2026-08-24,,0
5299,Console,Occasional Spender,4.8,36.5,36,23.81,0,18,2025-09-01,,0
5300,Mobile,Free-to-Play,9.9,30.0,91,0.0,0,3,2026-07-16,,0
5301,PC,Occasional Spender,2.6,29.2,7,5.9,0,24,2026-08-28,2026-09-01,1
5302,PC,Free-to-Play,3.8,27.5,45,0.0,0,29,2026-07-11,,0
5303,PC,Free-to-Play,4.9,28.1,13,0.0,1,12,2026-06-01,2026-06-27,1
5304,PC,Free-to-Play,7.5,24.8,74,0.0,1,18,2026-04-25,2026-05-10,1
5305,PC,Free-to-Play,6.1,14.8,55,0.0,0,21,2025-11-02,,0
5306,PC,Occasional Spender,5.5,31.2,33,14.56,0,22,2026-02-01,2026-02-21,1
5307,PC,Free-to-Play,6.1,20.0,28,0.0,0,33,2026-01-10,,0
5308,PC,Occasional Spender,3.9,9.3,23,19.08,0,55,2025-10-15,2025-11-02,1
5309,PC,Free-to-Play,0.3,0.0,24,0.0,0,38,2026-07-15,2026-08-01,1
5310,PC,Occasional Spender,0.0,27.5,7,19.17,0,48,2026-06-11,2026-07-19,1
5311,Mobile,Occasional Spender,11.7,34.0,84,28.73,0,28,2025-09-12,,0
5312,PC,Free-to-Play,0.7,32.8,34,0.0,1,35,2025-11-23,,0
5313,PC,Free-to-Play,4.4,14.4,46,0.0,1,29,2026-08-10,,0
5314,Mobile,Occasional Spender,7.4,21.4,50,74.21,0,24,2026-06-10,,0
5315,Console,Occasional Spender,4.2,30.2,34,6.95,1,42,2026-04-17,2026-05-07,1
5316,Mobile,Free-to-Play,5.2,16.5,28,0.0,1,30,2026-08-20,,0
5317,Mobile,Free-to-Play,9.2,18.8,56,0.0,1,24,2026-01-31,,0
5318,Console,Occasional Spender,2.1,10.2,43,2.54,0,40,2026-01-06,2026-01-08,1
5319,Mobile,Free-to-Play,10.2,25.3,53,0.0,0,14,2026-05-01,,0
5320,Mobile,Free-to-Play,0.0,16.1,14,0.0,0,48,2026-06-14,2026-06-26,1
5321,Mobile,Free-to-Play,14.4,27.9,65,0.0,1,7,2026-03-29,,0
5322,Console,Free-to-Play,2.0,21.3,51,0.0,0,37,2025-09-30,,0
5323,Mobile,Occasional Spender,10.4,11.8,41,5.15,0,25,2025-12-12,,0
5324,PC,Free-to-Play,9.6,40.5,60,0.0,0,0,2025-09-25,,0
5325,PC,Occasional Spender,12.3,49.0,63,14.84,0,20,2026-02-11,,0
5326,PC,Free-to-Play,12.4,33.5,68,0.0,0,0,2026-07-24,,0
5327,Console,Free-to-Play,10.6,36.9,83,0.0,0,2,2026-08-10,,0
5328,Console,Free-to-Play,8.1,61.3,35,0.0,0,26,2026-06-21,,0
5329,Mobile,Free-to-Play,4.7,21.2,31,0.0,1,6,2026-02-22,,0
5330,Console,Occasional Spender,10.5,30.0,36,46.22,0,18,2026-06-16,,0
5331,PC,Free-to-Play,8.3,31.6,63,0.0,0,22,2026-05-08,,0
5332,Mobile,Occasional Spender,0.0,1.6,0,19.1,0,45,2025-10-03,,0
5333,Mobile,Free-to-Play,2.6,5.6,1,0.0,0,36,2026-08-16,2026-08-26,1
5334,PC,Free-to-Play,0.6,19.8,1,0.0,1,36,2026-08-03,,0
5335,Mobile,Free-to-Play,7.2,34.2,48,0.0,0,9,2026-04-11,,0
5336,PC,Occasional Spender,4.8,27.9,14,10.36,1,32,2025-11-30,2025-12-10,1
5337,Mobile,Free-to-Play,0.0,16.6,22,0.0,1,41,2025-11-04,2025-11-16,1
5338,PC,Free-to-Play,3.2,18.6,37,0.0,0,27,2026-05-18,2026-05-20,1
5339,Mobile,Free-to-Play,10.3,27.9,45,0.0,0,27,2026-05-17,,0
5340,Console,Free-to-Play,7.7,41.8,50,0.0,0,30,2026-01-31,,0
5341,Mobile,Free-to-Play,2.7,2.5,0,0.0,1,38,2025-10-19,2025-10-19,1
5342,Mobile,Free-to-Play,6.5,51.1,40,0.0,1,33,2026-06-28,,0
5343,Mobile,Whale,7.8,19.8,33,357.58,0,36,2025-10-10,,0
5344,Mobile,Free-to-Play,8.2,37.0,76,0.0,0,0,2025-11-10,,0
5345,PC,Free-to-Play,7.5,11.9,52,0.0,0,26,2026-05-26,,0
5346,PC,Free-to-Play,9.6,21.9,65,0.0,0,9,2025-12-30,,0
5347,Mobile,Occasional Spender,4.4,43.2,78,48.77,0,0,2026-01-14,,0
5348,Console,Free-to-Play,6.2,29.2,3,0.0,0,46,2026-08-24,2026-09-01,1
5349,Mobile,Free-to-Play,7.3,7.9,15,0.0,0,25,2026-04-07,2026-04-24,1
5350,Mobile,Occasional Spender,7.2,38.2,77,33.06,0,16,2026-06-06,2026-06-08,1
5351,PC,Free-to-Play,3.6,26.3,45,0.0,0,9,2026-08-07,,0
5352,PC,Free-to-Play,6.7,32.8,37,0.0,0,26,2026-03-14,,0
5353,PC,Free-to-Play,0.0,34.4,49,0.0,0,22,2025-12-18,2026-02-01,1
5354,Mobile,Free-to-Play,13.4,52.6,75,0.0,0,15,2026-02-19,,0
5355,Mobile,Occasional Spender,6.8,27.3,50,27.01,0,13,2026-07-30,,0
5356,PC,Occasional Spender,7.1,16.6,10,9.11,0,33,2025-11-03,2025-12-15,1
5357,Mobile,Occasional Spender,0.2,14.9,35,78.94,0,51,2026-08-06,,0
5358,Mobile,Occasional Spender,9.3,35.5,67,20.17,0,7,2026-04-12,,0
5359,Console,Occasional Spender,5.2,0.0,14,29.62,1,42,2026-02-05,,0
5360,PC,Free-to-Play,6.6,20.0,60,0.0,1,17,2025-09-27,,0
5361,Mobile,Free-to-Play,8.8,41.9,67,0.0,0,21,2025-11-29,,0
5362,Mobile,Free-to-Play,12.5,49.2,74,0.0,0,19,2026-06-22,,0
5363,PC,Occasional Spender,6.6,27.9,67,20.12,0,24,2026-03-28,,0
5364,Mobile,Occasional Spender,2.4,23.3,44,59.47,1,23,2025-10-22,,0
5365,Mobile,Occasional Spender,4.9,43.8,65,34.7,0,25,2026-06-02,,0
5366,Mobile,Free-to-Play,8.4,8.9,35,0.0,0,13,2025-10-05,,0
5367,PC,Free-to-Play,8.5,23.9,78,0.0,1,12,2026-02-18,,0
5368,PC,Occasional Spender,11.2,52.1,38,4.82,1,13,2026-01-15,,0
5369,Mobile,Free-to-Play,0.2,6.4,11,0.0,0,56,2026-01-02,2026-01-13,1
5370,Mobile,Free-to-Play,2.9,13.0,23,0.0,1,12,2025-09-12,,0
5371,PC,Free-to-Play,1.9,30.3,50,0.0,0,26,2025-12-23,,0
5372,PC,Free-to-Play,13.6,34.4,34,0.0,0,23,2026-04-04,2026-04-21,1
5373,PC,Free-to-Play,7.4,0.0,43,0.0,0,21,2026-01-28,,0
5374,Mobile,Whale,6.4,24.7,46,94.09,1,34,2025-12-19,,0
5375,PC,Occasional Spender,4.5,10.5,11,2.39,0,27,2026-01-25,,0
5376,Console,Free-to-Play,3.6,10.5,47,0.0,0,41,2026-08-28,,0
5377,PC,Free-to-Play,3.1,20.0,55,0.0,0,27,2025-10-06,,0
5378,Mobile,Occasional Spender,5.4,2.6,0,43.84,0,47,2026-05-23,2026-07-05,1
5379,PC,Free-to-Play,10.5,32.9,46,0.0,0,27,2026-01-06,,0
5380,Mobile,Free-to-Play,6.6,28.3,69,0.0,0,16,2026-02-06,,0
5381,Mobile,Free-to-Play,3.6,14.7,45,0.0,0,33,2026-07-19,,0
5382,Mobile,Free-to-Play,4.1,5.5,38,0.0,0,10,2025-10-16,,0
5383,Console,Free-to-Play,6.4,20.1,63,0.0,1,16,2026-08-01,2026-08-13,1
5384,Mobile,Occasional Spender,11.4,32.3,30,24.97,1,27,2025-09-18,,0
5385,Console,Free-to-Play,2.8,14.5,14,0.0,0,46,2025-09-29,,0
5386,PC,Free-to-Play,2.1,18.2,24,0.0,1,36,2026-02-01,2026-02-25,1
5387,PC,Free-to-Play,2.9,1.0,15,0.0,0,43,2025-09-17,2025-10-28,1
5388,Mobile,Whale,6.0,16.3,56,452.06,0,37,2025-10-23,,0
5389,PC,Free-to-Play,1.3,24.2,4,0.0,0,36,2025-10-07,2025-10-15,1
5390,Mobile,Free-to-Play,11.2,43.1,50,0.0,1,0,2025-11-13,,0
5391,Mobile,Free-to-Play,8.5,15.9,16,0.0,0,40,2025-09-26,2025-09-29,1
5392,Mobile,Whale,1.9,0.0,32,167.57,1,36,2025-11-22,,0
5393,Mobile,Occasional Spender,5.1,19.9,38,13.89,0,23,2025-10-14,,0
5394,PC,Free-to-Play,7.5,28.3,54,0.0,0,15,2026-07-22,,0
5395,Mobile,Free-to-Play,4.7,24.1,35,0.0,0,14,2026-03-29,,0
5396,Mobile,Free-to-Play,3.6,10.5,22,0.0,0,24,2026-03-10,,0
5397,Console,Occasional Spender,7.2,32.4,56,60.25,0,6,2025-10-04,,0
5398,Mobile,Occasional Spender,0.0,6.4,16,44.09,1,33,2026-03-07,,0
5399,Mobile,Whale,6.0,14.1,6,108.82,1,53,2026-03-24,,0
5400,Mobile,Free-to-Play,9.3,12.5,26,0.0,0,6,2025-11-17,,0
5401,Mobile,Free-to-Play,0.7,16.5,30,0.0,0,20,2026-01-06,,0
5402,PC,Free-to-Play,6.4,21.2,74,0.0,1,9,2026-01-30,,0
5403,Mobile,Occasional Spender,1.5,10.8,12,17.65,1,24,2025-10-02,,0
5404,Mobile,Free-to-Play,10.0,12.3,50,0.0,1,20,2025-11-05,,0
5405,PC,Free-to-Play,9.1,38.6,59,0.0,0,22,2025-12-15,,0
5406,Mobile,Occasional Spender,8.0,18.9,18,22.52,1,36,2025-09-16,2025-09-17,1
5407,Console,Free-to-Play,6.2,33.4,52,0.0,0,15,2026-08-14,,0
5408,Console,Occasional Spender,3.9,12.4,28,30.9,1,33,2026-02-10,,0
5409,Mobile,Free-to-Play,5.8,23.4,77,0.0,0,16,2026-08-20,,0
5410,Mobile,Free-to-Play,7.0,12.5,71,0.0,1,13,2025-11-16,,0
5411,Mobile,Free-to-Play,3.2,16.5,8,0.0,0,37,2026-07-16,,0
5412,Mobile,Free-to-Play,4.0,35.3,42,0.0,1,24,2026-02-08,,0
5413,Mobile,Occasional Spender,7.5,17.1,43,84.76,0,37,2025-11-19,2025-11-20,1
5414,PC,Free-to-Play,3.2,9.4,9,0.0,0,42,2026-01-15,2026-01-23,1
5415,Mobile,Free-to-Play,9.2,20.1,31,0.0,1,24,2026-08-10,,0
5416,Mobile,Free-to-Play,1.5,20.2,28,0.0,0,35,2026-03-11,,0
5417,Mobile,Occasional Spender,10.3,33.6,22,5.53,1,42,2025-11-20,,0
5418,Console,Whale,7.5,43.8,51,192.09,0,23,2025-09-15,,0
5419,Console,Occasional Spender,8.0,26.1,39,40.7,0,27,2025-10-08,2025-11-02,1
5420,Mobile,Free-to-Play,7.2,19.8,46,0.0,1,39,2025-11-06,,0
5421,PC,Free-to-Play,3.8,21.9,5,0.0,0,32,2026-05-11,,0
5422,Mobile,Free-to-Play,5.9,19.4,11,0.0,1,19,2025-11-30,,0
5423,PC,Free-to-Play,11.6,31.1,73,0.0,0,4,2026-07-02,,0
5424,PC,Free-to-Play,9.2,32.6,81,0.0,0,2,2026-05-03,,0
5425,Console,Free-to-Play,7.0,43.3,43,0.0,0,13,2026-05-20,,0
5426,Mobile,Free-to-Play,11.2,41.9,82,0.0,1,7,2026-03-07,,0
5427,Mobile,Occasional Spender,5.2,29.9,56,16.3,0,20,2025-10-16,,0
5428,Console,Free-to-Play,11.8,47.8,55,0.0,1,33,2025-10-21,,0
5429,Mobile,Occasional Spender,2.6,8.5,0,12.07,0,45,2025-10-10,2025-10-17,1
5430,Mobile,Occasional Spender,7.3,31.8,63,4.92,1,19,2025-09-24,,0
5431,PC,Free-to-Play,7.7,55.1,67,0.0,1,18,2026-08-21,,0
5432,PC,Free-to-Play,0.0,7.3,0,0.0,1,35,2025-09-01,2025-09-09,1
5433,PC,Occasional Spender,3.8,9.0,36,2.28,0,27,2025-10-15,2025-11-09,1
5434,PC,Free-to-Play,11.5,37.7,88,0.0,1,5,2025-12-06,,0
5435,PC,Free-to-Play,6.2,28.5,25,0.0,0,35,2026-08-02,,0
5436,Mobile,Free-to-Play,9.6,21.2,34,0.0,0,27,2025-12-08,,0
5437,PC,Occasional Spender,7.1,5.3,29,9.18,1,35,2025-12-28,,0
5438,PC,Occasional Spender,11.7,46.6,49,83.09,1,10,2026-07-28,,0
5439,Console,Occasional Spender,5.6,23.0,27,53.71,1,29,2026-06-19,,0
5440,Mobile,Free-to-Play,3.6,13.8,1,0.0,1,32,2025-11-30,,0
5441,Mobile,Free-to-Play,11.4,49.8,87,0.0,0,11,2026-07-02,,0
5442,PC,Occasional Spender,2.0,4.6,8,23.34,0,25,2026-04-27,,0
5443,Mobile,Occasional Spender,10.0,8.5,46,8.83,1,13,2026-01-22,,0
5444,Mobile,Free-to-Play,5.7,18.0,65,0.0,1,16,2025-10-20,,0
5445,Console,Whale,2.7,12.8,15,236.26,0,40,2026-05-20,2026-05-21,1
5446,PC,Occasional Spender,2.9,6.7,12,22.23,1,38,2026-08-27,2026-08-30,1
5447,Mobile,Free-to-Play,5.9,18.2,50,0.0,0,23,2025-10-25,2025-11-05,1
5448,Mobile,Free-to-Play,4.2,9.3,39,0.0,0,29,2025-09-24,,0
5449,Mobile,Free-to-Play,3.8,12.3,15,0.0,1,27,2025-10-24,,0
5450,PC,Occasional Spender,7.0,29.9,21,27.88,0,24,2026-03-08,2026-05-02,1
5451,Mobile,Free-to-Play,0.0,0.0,7,0.0,0,47,2025-12-12,,0
5452,Mobile,Free-to-Play,0.5,5.2,19,0.0,0,28,2026-07-16,2026-07-21,1
5453,Mobile,Free-to-Play,6.7,2.5,32,0.0,0,29,2026-01-11,2026-01-27,1
5454,Mobile,Occasional Spender,6.9,18.6,56,25.0,0,30,2026-01-24,2026-01-30,1
5455,Mobile,Occasional Spender,7.8,23.4,41,2.48,0,28,2026-01-12,,0
5456,Mobile,Occasional Spender,8.6,46.3,33,85.87,0,18,2025-12-22,,0
5457,PC,Free-to-Play,13.2,31.1,19,0.0,0,10,2025-10-11,2025-10-28,1
5458,Mobile,Free-to-Play,12.6,36.1,54,0.0,0,0,2025-11-20,,0
5459,Mobile,Free-to-Play,0.9,18.9,0,0.0,0,37,2026-08-18,,0
5460,Mobile,Free-to-Play,8.1,32.8,35,0.0,0,40,2025-12-18,,0
5461,Mobile,Free-to-Play,7.5,27.7,63,0.0,0,18,2025-12-08,,0
5462,Mobile,Whale,9.5,62.9,72,169.15,1,0,2026-02-11,,0
5463,Mobile,Free-to-Play,0.0,6.8,40,0.0,1,49,2026-01-16,,0
5464,Mobile,Free-to-Play,4.2,20.8,40,0.0,1,23,2026-08-02,,0
5465,Mobile,Free-to-Play,9.2,35.1,81,0.0,1,17,2026-05-28,,0
5466,PC,Occasional Spender,8.1,34.6,66,29.35,0,10,2025-10-21,,0
5467,Mobile,Free-to-Play,8.6,57.6,92,0.0,1,21,2026-08-31,,0
5468,PC,Free-to-Play,4.6,25.7,51,0.0,0,5,2025-09-07,2025-09-08,1
5469,PC,Free-to-Play,11.4,30.9,25,0.0,0,27,2026-06-11,,0
5470,Mobile,Free-to-Play,9.8,35.2,53,0.0,1,7,2025-11-21,,0
5471,Mobile,Free-to-Play,0.0,15.4,10,0.0,1,50,2026-06-12,2026-06-22,1
5472,Mobile,Free-to-Play,10.6,33.3,54,0.0,0,13,2026-08-19,,0
5473,Mobile,Occasional Spender,13.8,27.9,41,16.76,0,26,2026-01-23,,0
5474,PC,Free-to-Play,4.4,17.9,25,0.0,0,45,2025-11-29,,0
5475,Mobile,Free-to-Play,0.0,25.5,24,0.0,1,19,2026-07-31,,0
5476,Console,Free-to-Play,17.4,32.0,49,0.0,1,32,2026-05-25,,0
5477,Mobile,Free-to-Play,1.2,35.3,22,0.0,1,31,2026-05-12,2026-05-14,1
5478,PC,Free-to-Play,4.9,27.7,33,0.0,1,22,2025-09-14,,0
5479,PC,Free-to-Play,5.6,30.8,41,0.0,0,17,2026-05-10,,0
5480,PC,Whale,3.6,15.9,33,19.67,1,33,2026-08-08,,0
5481,Console,Whale,5.6,22.0,42,548.86,1,35,2025-09-06,,0
5482,Console,Occasional Spender,6.0,48.4,83,19.75,0,8,2026-07-29,,0
5483,Mobile,Free-to-Play,2.8,0.0,10,0.0,0,46,2026-03-07,2026-03-13,1
5484,Mobile,Occasional Spender,11.8,37.2,40,7.62,0,21,2026-06-26,,0
5485,Mobile,Occasional Spender,5.0,33.1,39,6.55,0,13,2026-05-31,,0
5486,Mobile,Free-to-Play,0.7,0.0,38,0.0,0,52,2025-11-30,2025-12-06,1
5487,PC,Free-to-Play,4.6,20.5,46,0.0,1,47,2026-07-13,,0
5488,Mobile,Occasional Spender,6.4,34.1,54,43.35,1,27,2026-01-06,,0
5489,Mobile,Whale,6.8,36.9,73,359.24,0,16,2026-02-06,,0
5490,PC,Free-to-Play,4.6,36.5,77,0.0,0,19,2025-12-09,2025-12-10,1
5491,Mobile,Free-to-Play,6.7,17.1,29,0.0,0,24,2026-07-04,2026-07-16,1
5492,PC,Free-to-Play,6.7,9.1,57,0.0,1,27,2026-04-24,,0
5493,Mobile,Free-to-Play,4.6,9.3,45,0.0,0,0,2026-08-30,,0
5494,PC,Occasional Spender,0.0,17.9,28,9.43,1,56,2025-10-14,2025-11-15,1
5495,PC,Free-to-Play,7.5,33.7,58,0.0,0,31,2025-09-05,,0
5496,Mobile,Occasional Spender,0.0,20.4,0,1.6,0,25,2026-03-22,2026-04-13,1
5497,PC,Occasional Spender,4.3,7.1,11,1.74,1,42,2026-02-19,,0
5498,Mobile,Free-to-Play,13.9,46.5,50,0.0,1,7,2026-07-14,,0
5499,PC,Occasional Spender,3.9,0.1,0,16.83,0,31,2025-10-16,,0
5500,PC,Occasional Spender,2.6,12.4,51,1.32,0,31,2025-11-24,,0
5501,Mobile,Free-to-Play,4.4,14.2,54,0.0,1,20,2026-07-21,,0
5502,PC,Free-to-Play,3.7,22.3,24,0.0,0,33,2026-02-19,,0
5503,Console,Occasional Spender,10.1,56.0,82,80.4,1,7,2026-06-30,2026-07-14,1
5504,PC,Free-to-Play,7.2,20.3,63,0.0,0,26,2026-01-27,,0
5505,PC,Free-to-Play,5.3,4.8,27,0.0,1,23,2026-01-04,,0
5506,PC,Free-to-Play,7.5,18.5,49,0.0,0,23,2026-04-13,,0
5507,Mobile,Free-to-Play,8.9,27.1,57,0.0,1,22,2026-03-23,,0
5508,PC,Free-to-Play,7.8,32.2,26,0.0,0,43,2025-12-15,2025-12-19,1
5509,Console,Free-to-Play,9.3,31.3,55,0.0,1,22,2026-07-06,,0
5510,Mobile,Free-to-Play,12.1,48.7,74,0.0,0,32,2026-08-19,,0
5511,Mobile,Free-to-Play,6.6,21.2,48,0.0,0,15,2026-04-01,,0
5512,Mobile,Occasional Spender,0.0,7.5,13,3.13,1,49,2026-03-05,2026-03-18,1
5513,Mobile,Free-to-Play,6.2,19.8,0,0.0,1,38,2026-05-19,,0
5514,Mobile,Occasional Spender,8.3,24.6,66,12.08,0,35,2026-03-29,,0
5515,Mobile,Occasional Spender,0.0,1.6,0,0.99,0,48,2026-07-25,2026-07-30,1
5516,PC,Free-to-Play,10.4,34.6,83,0.0,0,10,2025-12-02,,0
5517,Mobile,Free-to-Play,7.1,31.3,75,0.0,0,15,2025-11-25,,0
5518,Mobile,Free-to-Play,10.9,31.3,38,0.0,0,6,2026-05-26,,0
5519,PC,Occasional Spender,5.7,6.9,18,14.45,0,25,2026-01-06,,0
5520,Mobile,Free-to-Play,6.5,25.7,72,0.0,0,22,2026-06-07,,0
5521,Mobile,Free-to-Play,7.1,30.0,47,0.0,1,28,2026-04-09,,0
5522,PC,Free-to-Play,3.2,16.4,14,0.0,1,32,2026-05-07,,0
5523,Console,Free-to-Play,4.7,29.3,79,0.0,1,6,2025-09-11,,0
5524,PC,Occasional Spender,1.4,19.7,22,26.18,0,42,2026-03-09,,0
5525,Mobile,Occasional Spender,5.1,20.9,17,11.0,1,3,2026-01-12,,0
5526,Mobile,Free-to-Play,3.1,20.3,43,0.0,0,16,2026-06-16,,0
5527,Console,Free-to-Play,4.8,26.1,13,0.0,1,11,2025-09-27,,0
5528,PC,Free-to-Play,10.9,20.7,64,0.0,0,24,2025-12-25,,0
5529,PC,Free-to-Play,6.8,48.5,35,0.0,1,19,2026-07-24,,0
5530,PC,Free-to-Play,7.0,12.5,34,0.0,0,44,2026-05-02,2026-05-08,1
5531,Mobile,Free-to-Play,5.0,30.1,49,0.0,1,20,2026-02-28,,0
5532,Mobile,Occasional Spender,10.5,33.0,33,18.54,1,14,2026-03-31,,0
5533,PC,Free-to-Play,4.3,28.0,35,0.0,1,30,2025-11-12,,0
5534,Console,Occasional Spender,10.7,28.7,49,12.98,0,20,2026-02-09,,0
5535,Mobile,Free-to-Play,6.0,17.7,60,0.0,0,28,2026-02-09,,0
5536,PC,Free-to-Play,8.9,26.4,63,0.0,1,17,2026-04-16,,0
5537,Mobile,Free-to-Play,3.1,24.6,60,0.0,0,35,2025-10-27,,0
5538,Console,Free-to-Play,4.1,27.9,32,0.0,0,9,2025-12-19,2026-02-07,1
5539,Mobile,Free-to-Play,7.3,18.8,19,0.0,0,30,2025-12-17,,0
5540,PC,Whale,0.6,21.2,38,15.76,0,28,2026-01-04,,0
5541,Mobile,Occasional Spender,14.8,35.9,71,9.16,1,3,2026-01-01,,0
5542,PC,Occasional Spender,3.7,1.6,37,36.12,0,36,2025-11-28,2025-12-28,1
5543,PC,Free-to-Play,7.8,31.6,62,0.0,0,5,2026-06-07,,0
5544,Mobile,Free-to-Play,4.7,30.2,27,0.0,0,35,2026-02-22,,0
5545,Console,Free-to-Play,11.6,32.2,33,0.0,1,21,2026-07-15,,0
5546,Console,Occasional Spender,7.6,23.2,42,17.22,0,55,2026-04-19,,0
5547,Console,Occasional Spender,3.4,13.8,22,11.42,1,39,2026-05-17,2026-06-03,1
5548,Mobile,Free-to-Play,5.4,22.9,31,0.0,0,26,2026-06-19,,0
5549,PC,Whale,2.2,12.6,41,17.71,1,39,2026-02-13,,0
5550,PC,Free-to-Play,4.5,0.0,14,0.0,1,34,2026-03-25,,0
5551,PC,Free-to-Play,7.2,31.3,26,0.0,0,25,2026-03-19,2026-03-30,1
5552,Mobile,Free-to-Play,2.5,6.4,5,0.0,0,28,2025-10-17,,0
5553,PC,Free-to-Play,14.5,26.8,70,0.0,1,0,2026-04-21,,0
5554,Mobile,Occasional Spender,3.5,8.4,21,20.32,0,38,2026-07-18,,0
5555,Mobile,Occasional Spender,0.0,8.8,0,16.89,0,49,2025-11-16,,0
5556,Mobile,Free-to-Play,0.0,0.0,28,0.0,0,45,2026-06-14,,0
5557,Mobile,Free-to-Play,2.4,0.9,17,0.0,0,47,2025-09-10,,0
5558,Mobile,Free-to-Play,0.4,24.3,21,0.0,1,45,2026-01-01,,0
5559,Mobile,Free-to-Play,8.0,11.6,55,0.0,1,6,2026-05-30,,0
5560,PC,Free-to-Play,7.6,42.0,58,0.0,0,4,2026-02-03,,0
5561,PC,Free-to-Play,7.0,8.1,40,0.0,1,40,2025-09-25,,0
5562,Mobile,Free-to-Play,3.7,16.5,56,0.0,0,25,2025-10-01,,0
5563,PC,Free-to-Play,7.2,24.5,64,0.0,0,9,2026-04-09,,0
5564,Console,Free-to-Play,3.0,4.6,37,0.0,0,31,2026-08-21,,0
5565,Console,Occasional Spender,10.5,29.1,49,41.45,1,29,2026-08-02,,0
5566,Console,Free-to-Play,5.9,34.2,11,0.0,0,43,2025-10-15,2025-11-05,1
5567,Console,Free-to-Play,11.9,34.7,47,0.0,0,3,2026-01-02,,0
5568,PC,Free-to-Play,7.5,33.0,26,0.0,1,28,2025-12-10,,0
5569,Console,Occasional Spender,14.1,25.6,89,54.42,1,0,2025-12-11,,0
5570,Console,Free-to-Play,3.5,12.7,44,0.0,1,38,2025-11-21,,0
5571,Mobile,Free-to-Play,7.9,31.1,33,0.0,0,26,2026-02-27,,0
5572,Console,Occasional Spender,8.1,27.6,33,12.87,0,27,2026-04-15,,0
5573,PC,Occasional Spender,10.0,46.5,55,14.89,0,23,2026-06-07,,0
5574,PC,Free-to-Play,10.2,44.1,73,0.0,1,23,2026-05-11,,0
5575,Console,Free-to-Play,10.9,52.8,53,0.0,0,0,2025-12-01,2025-12-31,1
5576,Mobile,Whale,0.4,29.2,0,229.03,1,35,2026-08-26,,0
5577,Mobile,Free-to-Play,6.1,13.1,22,0.0,1,49,2026-07-09,2026-07-17,1
5578,PC,Free-to-Play,4.8,2.4,0,0.0,1,52,2025-11-17,,0
5579,PC,Free-to-Play,3.8,21.5,37,0.0,0,33,2026-01-07,,0
5580,Console,Free-to-Play,0.0,0.0,13,0.0,0,41,2026-07-04,2026-07-27,1
5581,Console,Free-to-Play,0.7,11.7,38,0.0,0,47,2026-08-18,,0
5582,PC,Free-to-Play,9.5,10.7,40,0.0,0,37,2026-06-10,2026-06-16,1
5583,Console,Free-to-Play,0.4,5.0,21,0.0,1,37,2026-07-19,2026-07-24,1
5584,Mobile,Free-to-Play,7.4,19.0,46,0.0,0,28,2026-05-23,,0
5585,Console,Free-to-Play,3.1,15.9,0,0.0,1,33,2025-10-31,,0
5586,Mobile,Occasional Spender,8.5,48.2,80,5.33,0,2,2025-10-18,2025-10-24,1
5587,PC,Free-to-Play,7.3,3.3,27,0.0,0,26,2026-05-19,,0
5588,Mobile,Free-to-Play,0.4,36.1,18,0.0,1,34,2026-05-18,,0
5589,PC,Free-to-Play,10.9,26.8,47,0.0,1,19,2025-11-03,,0
5590,Mobile,Free-to-Play,2.2,7.8,7,0.0,1,47,2026-03-29,,0
5591,Mobile,Free-to-Play,0.0,0.0,19,0.0,1,38,2026-06-15,2026-07-02,1
5592,PC,Free-to-Play,8.7,11.4,26,0.0,0,29,2025-12-02,,0
5593,PC,Occasional Spender,7.2,28.4,35,12.22,1,22,2026-03-05,,0
5594,Mobile,Free-to-Play,4.4,22.2,27,0.0,0,29,2025-10-10,,0
5595,PC,Occasional Spender,6.3,33.7,44,21.78,0,0,2025-10-15,,0
5596,Mobile,Occasional Spender,7.5,45.3,79,22.21,0,4,2025-11-16,,0
5597,Mobile,Free-to-Play,14.7,18.0,44,0.0,0,12,2025-09-11,,0
5598,Mobile,Free-to-Play,7.3,35.1,76,0.0,0,12,2026-02-17,,0
5599,PC,Occasional Spender,7.9,55.4,82,42.07,1,0,2026-02-13,,0
5600,PC,Free-to-Play,9.3,43.2,46,0.0,1,20,2026-08-31,,0
5601,PC,Occasional Spender,5.7,35.4,68,93.06,0,7,2026-07-01,,0
5602,Console,Occasional Spender,1.5,30.4,15,32.56,0,36,2026-07-05,2026-08-11,1
5603,PC,Free-to-Play,4.6,0.0,0,0.0,0,25,2025-09-29,,0
5604,PC,Occasional Spender,9.7,22.5,48,25.32,1,3,2026-05-31,,0
5605,Console,Free-to-Play,7.5,50.5,56,0.0,0,11,2026-01-16,,0
5606,Mobile,Free-to-Play,8.8,38.6,66,0.0,0,26,2026-04-02,,0
5607,Mobile,Free-to-Play,7.0,27.5,56,0.0,0,21,2025-11-25,,0
5608,Mobile,Free-to-Play,11.0,41.4,88,0.0,1,5,2026-04-21,,0
5609,PC,Occasional Spender,1.2,3.5,6,42.52,1,29,2025-09-23,2025-10-09,1
5610,PC,Occasional Spender,3.8,22.6,30,6.81,0,18,2026-02-25,,0
5611,Mobile,Free-to-Play,6.9,33.5,81,0.0,0,17,2026-06-03,,0
5612,Console,Free-to-Play,7.1,33.5,30,0.0,1,19,2026-04-03,,0
5613,Console,Free-to-Play,3.3,0.0,0,0.0,1,49,2026-04-20,,0
5614,Mobile,Free-to-Play,10.7,35.5,42,0.0,0,29,2025-12-09,,0
5615,Mobile,Free-to-Play,3.2,15.4,34,0.0,0,21,2026-05-05,2026-05-08,1
5616,Mobile,Free-to-Play,5.1,20.6,48,0.0,0,18,2026-08-12,,0
5617,Mobile,Occasional Spender,5.7,35.5,50,1.69,0,9,2025-11-18,2025-11-22,1
5618,Console,Free-to-Play,13.8,53.1,60,0.0,1,17,2025-09-02,,0
5619,PC,Free-to-Play,1.0,32.8,4,0.0,1,48,2026-06-01,,0
5620,Mobile,Free-to-Play,5.2,27.6,29,0.0,0,17,2025-10-28,,0
5621,Mobile,Free-to-Play,7.3,23.9,47,0.0,0,28,2026-08-17,,0
5622,Mobile,Free-to-Play,3.8,14.5,38,0.0,1,46,2026-05-01,,0
5623,Mobile,Free-to-Play,5.1,27.5,78,0.0,0,18,2026-08-27,,0
5624,Mobile,Free-to-Play,10.6,24.6,62,0.0,1,22,2026-04-09,,0
5625,PC,Whale,3.6,22.3,1,379.2,1,54,2026-01-21,,0
5626,PC,Free-to-Play,5.9,0.0,23,0.0,0,37,2025-09-14,,0
5627,Console,Free-to-Play,9.2,26.0,54,0.0,1,25,2025-10-29,,0
5628,Mobile,Occasional Spender,10.0,37.3,44,82.15,1,1,2025-09-24,,0
5629,PC,Free-to-Play,5.3,0.0,16,0.0,0,50,2026-01-05,2026-01-15,1
5630,Mobile,Whale,8.6,17.2,1,76.47,0,33,2026-04-10,,0
5631,Mobile,Free-to-Play,7.7,13.1,21,0.0,0,30,2025-10-05,2025-11-03,1
5632,Console,Free-to-Play,10.4,42.7,42,0.0,0,11,2026-08-10,,0
5633,PC,Free-to-Play,0.0,0.0,8,0.0,1,50,2025-11-07,,0
5634,Mobile,Free-to-Play,7.0,4.5,54,0.0,0,27,2025-09-05,,0
5635,Mobile,Occasional Spender,4.9,2.2,2,26.62,1,47,2026-08-23,2026-09-01,1
5636,PC,Free-to-Play,7.7,0.0,23,0.0,1,41,2026-01-05,,0
5637,Console,Occasional Spender,3.2,6.5,50,14.69,0,27,2025-10-16,2025-11-07,1
5638,PC,Occasional Spender,7.0,11.2,40,28.25,1,25,2025-12-22,,0
5639,Mobile,Occasional Spender,0.0,18.9,0,13.42,0,45,2025-09-09,,0
5640,Mobile,Occasional Spender,8.5,24.0,68,29.06,0,27,2026-05-23,2026-06-03,1
5641,Mobile,Free-to-Play,4.7,20.1,32,0.0,0,33,2026-01-10,,0
5642,Mobile,Free-to-Play,4.7,3.6,16,0.0,1,32,2025-11-06,,0
5643,PC,Occasional Spender,5.7,41.1,57,66.87,1,23,2026-08-06,,0
5644,PC,Free-to-Play,6.5,35.8,25,0.0,0,37,2026-02-09,2026-02-15,1
5645,Mobile,Free-to-Play,8.7,22.0,37,0.0,0,19,2025-09-15,,0
5646,PC,Free-to-Play,4.5,32.8,30,0.0,0,34,2026-03-13,,0
5647,PC,Free-to-Play,6.5,9.8,2,0.0,0,48,2025-11-07,2026-02-11,1
5648,PC,Occasional Spender,5.8,25.6,55,30.14,1,5,2025-12-04,,0
5649,Mobile,Free-to-Play,5.6,21.8,39,0.0,1,32,2026-05-25,,0
5650,Mobile,Free-to-Play,4.1,18.4,50,0.0,0,49,2026-04-18,,0
5651,Mobile,Whale,3.5,29.9,17,325.72,0,39,2026-03-05,2026-05-05,1
5652,Mobile,Free-to-Play,14.0,36.7,44,0.0,1,16,2026-03-28,,0
5653,Mobile,Occasional Spender,3.9,19.3,3,55.2,0,29,2026-01-26,,0
5654,Mobile,Free-to-Play,5.5,21.9,79,0.0,0,25,2026-01-05,2026-01-30,1
5655,Mobile,Free-to-Play,12.9,39.3,65,0.0,0,14,2026-04-03,2026-04-15,1
5656,Mobile,Free-to-Play,6.1,16.3,36,0.0,1,33,2026-01-10,,0
5657,Console,Free-to-Play,7.6,44.7,103,0.0,0,0,2026-01-03,,0
5658,PC,Free-to-Play,3.5,48.8,56,0.0,0,24,2025-09-11,,0
5659,Mobile,Free-to-Play,0.0,0.0,0,0.0,0,33,2025-11-07,2025-11-11,1
5660,Console,Free-to-Play,3.7,33.2,44,0.0,1,32,2026-02-07,,0
5661,Mobile,Free-to-Play,6.0,28.7,44,0.0,0,19,2026-06-28,,0
5662,Mobile,Free-to-Play,2.0,5.9,0,0.0,0,36,2026-05-06,,0
5663,Console,Free-to-Play,9.2,21.4,40,0.0,0,5,2026-05-03,,0
5664,Mobile,Occasional Spender,7.7,23.8,51,8.02,1,16,2026-05-19,,0
5665,Mobile,Occasional Spender,8.7,24.6,28,26.54,1,25,2025-09-20,,0
5666,Mobile,Occasional Spender,4.7,28.1,50,22.68,0,26,2026-02-18,,0
5667,PC,Free-to-Play,5.2,6.3,37,0.0,1,32,2025-09-04,2025-09-11,1
5668,PC,Free-to-Play,6.8,32.7,28,0.0,1,31,2026-07-19,,0
5669,Mobile,Free-to-Play,9.4,29.2,55,0.0,0,32,2025-12-14,,0
5670,Mobile,Occasional Spender,2.7,12.0,1,0.97,1,67,2026-01-29,,0
5671,Mobile,Whale,8.6,37.4,91,63.59,0,11,2025-11-26,,0
5672,PC,Free-to-Play,6.9,25.4,11,0.0,0,46,2026-04-11,2026-04-19,1
5673,Mobile,Free-to-Play,7.5,18.6,24,0.0,0,53,2026-02-23,2026-03-03,1
5674,Console,Occasional Spender,9.8,38.0,61,3.16,1,32,2026-04-25,,0
5675,PC,Free-to-Play,6.6,20.1,71,0.0,0,14,2025-12-20,,0
5676,Mobile,Free-to-Play,5.1,13.1,28,0.0,0,19,2026-06-22,,0
5677,PC,Free-to-Play,5.1,39.9,33,0.0,0,41,2026-01-03,,0
5678,Mobile,Occasional Spender,4.9,14.3,20,65.69,1,17,2026-03-04,,0
5679,Mobile,Free-to-Play,4.6,17.6,26,0.0,1,28,2025-11-14,2025-11-27,1
5680,Mobile,Free-to-Play,11.6,31.5,66,0.0,0,0,2026-08-18,,0
5681,Mobile,Free-to-Play,11.7,44.5,48,0.0,1,11,2026-06-26,,0
5682,PC,Free-to-Play,9.3,24.7,45,0.0,0,0,2026-01-22,,0
5683,Console,Occasional Spender,7.1,24.9,69,10.32,1,0,2026-04-17,,0
5684,Mobile,Occasional Spender,3.7,11.3,16,0.21,1,24,2026-05-19,,0
5685,Mobile,Free-to-Play,0.0,0.0,0,0.0,0,34,2025-09-25,2025-10-15,1
5686,PC,Free-to-Play,1.4,10.9,26,0.0,0,52,2025-10-05,2025-10-10,1
5687,Mobile,Occasional Spender,10.9,24.6,40,34.23,0,23,2026-07-29,,0
5688,Mobile,Occasional Spender,6.8,0.0,27,15.68,0,47,2026-02-20,2026-03-12,1
5689,Console,Free-to-Play,9.6,28.0,45,0.0,0,23,2025-12-31,,0
5690,Console,Free-to-Play,2.9,0.0,17,0.0,0,37,2025-11-20,2025-11-30,1
5691,Console,Free-to-Play,2.9,30.2,45,0.0,1,32,2026-06-19,,0
5692,Mobile,Occasional Spender,5.7,27.6,55,36.37,1,33,2025-10-25,,0
5693,Mobile,Free-to-Play,1.5,12.7,43,0.0,1,33,2026-01-04,,0
5694,Mobile,Free-to-Play,11.1,29.0,64,0.0,0,6,2025-10-15,,0
5695,Console,Occasional Spender,5.9,54.6,57,23.62,1,13,2025-12-26,,0
5696,Mobile,Free-to-Play,11.7,38.6,57,0.0,0,0,2025-10-18,2025-11-17,1
5697,Mobile,Occasional Spender,1.0,2.5,33,27.33,0,40,2026-08-21,,0
5698,Mobile,Free-to-Play,6.0,28.3,61,0.0,0,26,2026-06-10,2026-06-14,1
5699,PC,Free-to-Play,7.5,10.7,57,0.0,0,13,2026-02-18,2026-02-27,1
5700,PC,Occasional Spender,11.7,32.1,61,20.32,0,14,2026-05-13,,0
5701,PC,Whale,2.4,3.6,28,510.97,0,41,2026-06-20,,0
5702,Mobile,Whale,10.2,24.2,67,144.77,1,17,2025-12-16,2026-02-04,1
5703,PC,Occasional Spender,2.0,11.4,27,21.22,0,36,2025-09-03,,0
5704,Mobile,Free-to-Play,7.0,32.8,45,0.0,1,18,2026-02-16,,0
5705,Mobile,Free-to-Play,9.2,36.1,46,0.0,0,27,2026-01-21,,0
5706,Mobile,Free-to-Play,5.6,27.1,20,0.0,0,24,2026-01-21,2026-01-24,1
5707,PC,Occasional Spender,3.9,22.9,24,8.33,1,19,2026-04-01,,0
5708,Mobile,Free-to-Play,2.9,11.0,14,0.0,1,41,2025-12-27,,0
5709,Console,Occasional Spender,11.0,8.2,33,31.38,0,23,2025-11-10,,0
5710,Mobile,Occasional Spender,0.0,13.4,19,29.22,0,45,2026-07-21,2026-08-17,1
5711,Mobile,Whale,0.0,0.0,8,493.33,1,43,2026-05-23,,0
5712,PC,Occasional Spender,10.3,13.6,70,2.11,1,0,2026-07-01,,0
5713,PC,Free-to-Play,6.6,27.2,70,0.0,0,31,2025-11-15,,0
5714,Mobile,Free-to-Play,0.2,17.2,46,0.0,0,16,2026-01-11,2026-03-17,1
5715,PC,Whale,8.9,16.3,58,253.04,0,32,2025-12-29,,0
5716,Mobile,Free-to-Play,3.6,39.2,31,0.0,1,43,2026-01-15,,0
5717,Mobile,Free-to-Play,3.8,20.8,7,0.0,0,33,2026-02-18,,0
5718,PC,Whale,6.1,26.2,65,806.82,0,21,2025-11-06,,0
5719,PC,Free-to-Play,3.8,30.8,51,0.0,0,35,2026-07-05,,0
5720,Mobile,Free-to-Play,1.2,28.6,46,0.0,0,37,2025-12-21,,0
5721,Mobile,Free-to-Play,7.8,27.8,48,0.0,0,46,2025-10-31,,0
5722,PC,Free-to-Play,4.0,6.2,0,0.0,0,27,2026-06-17,,0
5723,Mobile,Occasional Spender,2.7,0.0,7,17.68,1,40,2025-12-16,2025-12-25,1
5724,Console,Free-to-Play,6.0,13.8,59,0.0,1,16,2026-08-06,,0
5725,PC,Free-to-Play,13.4,29.8,72,0.0,0,32,2026-07-03,,0
5726,Console,Free-to-Play,2.5,16.6,70,0.0,1,15,2026-04-11,,0
5727,Mobile,Occasional Spender,0.0,10.1,37,20.98,0,39,2025-09-01,,0
5728,Console,Occasional Spender,9.7,22.7,27,54.36,0,37,2026-04-18,,0
5729,Mobile,Free-to-Play,3.4,0.0,0,0.0,0,48,2026-03-28,2026-04-19,1
5730,Mobile,Free-to-Play,5.6,5.3,40,0.0,1,39,2025-11-24,,0
5731,Mobile,Free-to-Play,5.7,12.1,19,0.0,1,44,2025-11-13,2025-12-17,1
5732,Mobile,Free-to-Play,9.7,30.5,77,0.0,0,18,2025-12-29,,0
5733,Console,Free-to-Play,1.5,0.0,0,0.0,0,43,2026-08-20,2026-09-01,1
5734,PC,Free-to-Play,7.1,32.9,72,0.0,1,12,2025-10-17,,0
5735,PC,Free-to-Play,8.7,17.7,49,0.0,0,19,2026-05-28,,0
5736,PC,Free-to-Play,6.7,4.3,30,0.0,1,52,2026-02-28,,0
5737,PC,Free-to-Play,11.7,25.0,40,0.0,1,11,2025-12-07,,0
5738,PC,Free-to-Play,12.6,28.6,24,0.0,0,20,2026-05-18,,0
5739,Console,Free-to-Play,5.5,14.5,23,0.0,0,17,2025-12-24,,0
5740,PC,Occasional Spender,5.9,34.8,52,30.02,0,14,2026-02-28,,0
5741,PC,Free-to-Play,10.2,25.7,55,0.0,0,24,2026-07-05,,0
5742,Mobile,Free-to-Play,3.0,27.8,26,0.0,0,33,2026-06-14,2026-07-28,1
5743,Console,Whale,11.5,33.8,78,284.87,1,12,2025-11-26,,0
5744,Mobile,Free-to-Play,9.5,22.2,48,0.0,0,21,2026-08-09,,0
5745,Mobile,Occasional Spender,9.5,52.5,78,1.63,1,18,2026-04-14,,0
5746,Console,Free-to-Play,4.9,15.0,0,0.0,0,37,2026-03-02,2026-03-08,1
5747,Mobile,Occasional Spender,8.9,21.6,87,7.92,0,7,2026-04-13,,0
5748,Mobile,Free-to-Play,8.9,31.5,49,0.0,0,11,2026-04-03,,0
5749,Mobile,Free-to-Play,3.2,30.3,0,0.0,1,31,2025-09-11,,0
5750,Mobile,Occasional Spender,3.6,32.5,16,38.66,0,34,2026-08-20,2026-09-01,1
5751,Console,Occasional Spender,0.3,10.7,1,22.47,0,43,2025-09-07,,0
5752,Console,Free-to-Play,5.9,34.8,33,0.0,0,18,2025-12-11,,0
5753,Mobile,Occasional Spender,7.0,15.2,43,125.58,0,33,2025-09-30,,0
5754,Console,Free-to-Play,10.7,22.6,31,0.0,0,11,2026-01-08,,0
5755,PC,Occasional Spender,5.0,18.0,26,18.59,0,21,2025-09-21,,0
5756,Console,Occasional Spender,0.0,19.8,12,6.39,0,22,2026-08-05,,0
5757,Mobile,Free-to-Play,7.3,30.4,38,0.0,0,32,2025-12-12,,0
5758,Mobile,Occasional Spender,5.2,17.9,45,6.75,0,44,2025-12-15,,0
5759,Mobile,Whale,4.5,8.6,28,139.38,0,27,2025-09-25,,0
5760,Mobile,Occasional Spender,5.3,11.3,42,8.36,0,24,2026-08-01,2026-08-23,1
5761,PC,Free-to-Play,6.5,49.9,42,0.0,0,19,2026-02-27,,0
5762,Mobile,Occasional Spender,9.7,23.3,33,39.91,0,27,2026-02-24,2026-03-20,1
5763,PC,Free-to-Play,8.9,37.5,62,0.0,0,17,2026-07-28,,0
5764,PC,Free-to-Play,5.8,34.8,65,0.0,0,10,2026-01-16,,0
5765,Mobile,Occasional Spender,4.1,15.1,28,12.14,0,26,2026-03-09,2026-03-29,1
5766,Mobile,Free-to-Play,5.3,0.0,20,0.0,0,36,2026-03-02,,0
5767,PC,Occasional Spender,6.7,27.6,26,51.57,0,27,2025-12-25,,0
5768,Console,Free-to-Play,2.3,5.4,48,0.0,0,42,2025-12-02,,0
5769,Mobile,Free-to-Play,6.0,28.0,53,0.0,1,26,2026-01-02,,0
5770,Console,Whale,5.7,23.5,78,681.36,1,36,2026-04-13,,0
5771,Console,Free-to-Play,12.1,0.0,62,0.0,1,20,2025-09-14,,0
5772,PC,Free-to-Play,6.6,22.0,75,0.0,0,18,2026-06-15,,0
5773,Mobile,Free-to-Play,3.7,20.6,70,0.0,0,17,2026-04-29,,0
5774,PC,Free-to-Play,3.5,7.5,20,0.0,0,38,2026-03-07,2026-03-15,1
5775,Console,Free-to-Play,6.3,22.4,29,0.0,1,21,2026-05-09,,0
5776,Mobile,Free-to-Play,5.0,40.5,30,0.0,0,28,2026-04-29,,0
5777,Console,Occasional Spender,3.3,25.1,47,8.83,0,29,2025-09-27,,0
5778,Console,Whale,0.0,10.0,14,183.68,0,32,2026-07-07,,0
5779,Mobile,Occasional Spender,7.2,21.9,21,31.12,1,41,2026-02-26,,0
5780,PC,Free-to-Play,6.4,30.3,51,0.0,1,10,2026-03-13,,0
5781,PC,Occasional Spender,6.4,24.0,35,23.49,1,26,2026-07-31,,0
5782,PC,Free-to-Play,4.6,17.8,39,0.0,0,44,2026-06-19,2026-07-29,1
5783,Console,Occasional Spender,5.5,24.5,16,11.87,0,36,2026-05-24,,0
5784,Mobile,Free-to-Play,2.1,0.0,37,0.0,1,33,2026-03-13,2026-03-27,1
5785,Mobile,Occasional Spender,6.2,46.0,52,91.81,1,40,2026-04-02,,0
5786,Mobile,Free-to-Play,10.6,44.7,69,0.0,1,14,2026-01-27,,0
5787,Console,Free-to-Play,10.9,29.8,64,0.0,0,1,2026-04-16,,0
5788,Mobile,Whale,0.0,0.0,9,433.96,1,48,2025-11-19,,0
5789,Console,Free-to-Play,9.7,50.4,66,0.0,1,0,2026-04-20,,0
5790,Mobile,Occasional Spender,12.3,31.2,95,55.59,1,0,2025-10-24,,0
5791,Mobile,Occasional Spender,12.7,35.2,49,28.35,0,22,2025-09-01,,0
5792,Console,Free-to-Play,11.6,13.8,59,0.0,0,16,2025-12-31,,0
5793,PC,Free-to-Play,6.5,54.2,51,0.0,0,20,2026-07-25,,0
5794,Mobile,Free-to-Play,6.1,0.0,0,0.0,1,27,2025-10-09,2025-11-06,1
5795,Mobile,Occasional Spender,9.0,33.9,41,39.83,0,21,2025-11-06,,0
5796,Mobile,Whale,10.6,8.8,59,38.89,0,1,2026-02-09,,0
5797,Mobile,Free-to-Play,10.4,31.3,67,0.0,0,27,2026-04-29,,0
5798,Mobile,Occasional Spender,1.4,13.0,37,7.33,1,27,2025-12-15,,0
5799,PC,Free-to-Play,9.2,40.7,69,0.0,0,31,2026-01-19,,0
5800,Mobile,Free-to-Play,4.8,4.4,21,0.0,0,33,2025-11-23,,0
5801,Mobile,Occasional Spender,9.1,45.8,50,37.42,0,29,2026-01-08,,0
5802,Mobile,Occasional Spender,0.4,0.0,16,20.25,0,37,2025-11-03,,0
5803,Mobile,Free-to-Play,2.7,22.1,47,0.0,0,6,2025-09-12,,0
5804,Console,Free-to-Play,11.7,34.7,58,0.0,0,9,2025-11-30,,0
5805,Mobile,Free-to-Play,3.9,17.6,30,0.0,1,47,2026-05-07,2026-05-30,1
5806,Mobile,Free-to-Play,7.6,40.7,67,0.0,1,16,2025-10-06,,0
5807,PC,Free-to-Play,5.7,31.7,34,0.0,0,33,2025-11-03,,0
5808,Console,Occasional Spender,7.6,29.8,46,4.37,1,27,2026-03-12,,0
5809,PC,Free-to-Play,8.1,42.2,85,0.0,0,3,2026-08-10,,0
5810,Console,Free-to-Play,1.4,0.0,30,0.0,1,51,2025-09-17,,0
5811,Console,Occasional Spender,2.6,30.0,49,4.89,1,22,2026-02-15,,0
5812,PC,Free-to-Play,8.1,33.6,32,0.0,1,24,2026-04-07,,0
5813,Console,Free-to-Play,8.1,13.6,32,0.0,0,18,2026-01-22,,0
5814,Mobile,Occasional Spender,0.0,10.1,35,1.62,0,44,2026-08-06,2026-08-11,1
5815,Console,Free-to-Play,0.0,25.6,49,0.0,0,42,2025-11-03,,0
5816,Console,Free-to-Play,8.5,36.7,50,0.0,1,21,2026-06-26,,0
5817,Console,Free-to-Play,4.3,18.2,0,0.0,0,33,2026-05-29,2026-05-31,1
5818,Mobile,Free-to-Play,6.4,23.0,40,0.0,0,19,2026-02-09,,0
5819,PC,Free-to-Play,7.7,25.0,35,0.0,0,44,2026-01-01,,0
5820,Mobile,Free-to-Play,9.0,18.5,56,0.0,0,16,2026-08-26,2026-09-01,1
5821,PC,Free-to-Play,8.9,27.8,50,0.0,1,26,2026-01-31,,0
5822,Mobile,Occasional Spender,6.4,13.1,44,38.01,0,11,2026-07-05,,0
5823,PC,Free-to-Play,8.1,49.2,70,0.0,0,16,2025-09-17,,0
5824,PC,Free-to-Play,9.3,35.5,44,0.0,1,18,2026-04-17,,0
5825,Mobile,Free-to-Play,10.5,17.1,38,0.0,0,32,2026-03-05,2026-03-21,1
5826,Mobile,Whale,6.5,28.1,48,65.23,0,32,2026-01-16,,0
5827,Mobile,Free-to-Play,10.6,37.4,66,0.0,1,22,2026-07-05,,0
5828,PC,Occasional Spender,5.2,26.1,41,28.12,0,27,2026-07-02,,0
5829,PC,Free-to-Play,2.2,0.0,24,0.0,1,60,2025-09-15,,0
5830,PC,Whale,14.1,0.0,55,245.58,1,10,2026-02-03,,0
5831,Mobile,Free-to-Play,12.8,36.4,80,0.0,0,0,2026-06-10,,0
5832,Console,Free-to-Play,13.0,24.1,33,0.0,0,0,2026-01-01,,0
5833,PC,Free-to-Play,0.0,6.7,31,0.0,0,35,2025-10-10,,0
5834,Mobile,Free-to-Play,9.0,22.8,56,0.0,0,41,2025-11-26,,0
5835,Mobile,Occasional Spender,5.2,31.5,43,10.69,0,47,2026-04-07,,0
5836,Mobile,Free-to-Play,4.8,37.7,48,0.0,0,9,2026-01-02,,0
5837,Mobile,Free-to-Play,3.9,47.2,61,0.0,0,4,2025-10-09,,0
5838,Mobile,Free-to-Play,5.5,35.0,28,0.0,1,31,2026-06-01,,0
5839,Mobile,Occasional Spender,0.4,25.6,12,7.65,0,51,2025-11-16,,0
5840,Mobile,Free-to-Play,10.3,49.6,61,0.0,0,4,2025-09-01,,0
5841,Mobile,Whale,6.9,36.5,74,595.86,0,14,2026-04-28,,0
5842,Mobile,Occasional Spender,9.6,6.4,41,18.1,0,26,2025-10-11,,0
5843,Console,Free-to-Play,10.6,59.6,92,0.0,1,35,2026-08-23,,0
5844,PC,Occasional Spender,14.2,32.7,58,38.11,0,16,2026-04-17,,0
5845,Mobile,Free-to-Play,0.0,17.7,0,0.0,0,47,2026-05-23,,0
5846,PC,Free-to-Play,8.0,9.8,52,0.0,0,34,2026-08-21,,0
5847,PC,Free-to-Play,4.2,42.4,40,0.0,0,10,2026-01-24,,0
5848,Mobile,Free-to-Play,9.5,9.4,52,0.0,0,21,2026-02-20,2026-02-26,1
5849,Mobile,Free-to-Play,4.4,18.2,44,0.0,0,15,2026-04-15,,0
5850,Mobile,Free-to-Play,2.8,13.7,32,0.0,0,16,2025-10-20,2025-10-21,1
5851,PC,Occasional Spender,2.2,17.6,1,31.15,0,34,2026-06-02,,0
5852,Mobile,Free-to-Play,6.3,43.0,46,0.0,1,22,2025-11-04,,0
5853,Mobile,Free-to-Play,1.9,7.9,11,0.0,1,24,2026-01-11,,0
5854,PC,Free-to-Play,8.1,41.1,71,0.0,0,13,2025-10-08,,0
5855,Console,Free-to-Play,9.3,46.0,78,0.0,0,2,2026-08-29,,0
5856,Mobile,Occasional Spender,12.0,57.4,42,10.67,1,22,2025-09-12,,0
5857,PC,Free-to-Play,7.5,32.5,60,0.0,1,28,2026-08-31,,0
5858,Mobile,Free-to-Play,10.0,21.9,61,0.0,0,21,2025-12-14,,0
5859,PC,Free-to-Play,5.8,22.8,53,0.0,0,12,2025-11-30,,0
5860,PC,Occasional Spender,3.3,34.8,0,24.78,0,19,2026-07-03,,0
5861,PC,Free-to-Play,12.8,48.8,58,0.0,0,0,2026-08-19,,0
5862,Mobile,Occasional Spender,11.4,39.3,61,1.02,0,5,2026-08-18,,0
5863,Mobile,Free-to-Play,0.0,0.0,26,0.0,1,53,2026-07-15,,0
5864,Console,Free-to-Play,5.4,2.0,18,0.0,0,42,2026-07-07,2026-07-25,1
5865,Mobile,Free-to-Play,4.9,29.8,27,0.0,1,21,2025-09-12,,0
5866,Console,Free-to-Play,7.3,38.1,64,0.0,0,18,2026-06-19,,0
5867,Mobile,Free-to-Play,4.0,0.0,0,0.0,1,51,2025-11-11,2025-11-25,1
5868,Mobile,Free-to-Play,8.5,38.1,64,0.0,1,14,2026-08-09,,0
5869,Mobile,Free-to-Play,2.8,0.0,13,0.0,1,36,2026-01-05,,0
5870,Mobile,Free-to-Play,5.4,39.0,33,0.0,1,20,2026-03-19,,0
5871,Console,Free-to-Play,3.4,24.9,46,0.0,0,24,2026-02-15,,0
5872,Mobile,Free-to-Play,2.7,9.4,51,0.0,0,36,2025-11-18,2025-11-27,1
5873,PC,Free-to-Play,9.7,35.9,79,0.0,0,36,2026-06-16,,0
5874,PC,Free-to-Play,5.5,21.9,17,0.0,0,38,2026-08-30,,0
5875,Console,Free-to-Play,5.4,24.5,11,0.0,0,45,2026-06-12,2026-06-23,1
5876,PC,Occasional Spender,2.2,4.1,14,27.37,1,42,2025-11-11,,0
5877,Console,Free-to-Play,6.0,29.7,68,0.0,0,10,2026-01-28,,0
5878,Console,Free-to-Play,2.0,20.2,8,0.0,0,28,2025-09-28,,0
5879,Mobile,Free-to-Play,4.4,28.0,46,0.0,0,33,2025-10-31,,0
5880,Console,Whale,1.0,27.0,10,91.43,0,54,2026-07-07,,0
5881,Console,Free-to-Play,4.1,17.3,11,0.0,1,3,2026-08-10,,0
5882,Mobile,Free-to-Play,8.7,29.7,21,0.0,0,46,2026-08-24,,0
5883,PC,Free-to-Play,6.7,7.3,20,0.0,0,36,2026-06-23,,0
5884,Mobile,Free-to-Play,15.7,17.3,68,0.0,0,16,2026-03-10,,0
5885,PC,Occasional Spender,5.3,29.1,63,6.01,1,4,2026-08-25,,0
5886,Mobile,Free-to-Play,9.5,24.4,42,0.0,0,25,2025-10-18,2025-12-27,1
5887,PC,Free-to-Play,10.9,24.8,60,0.0,0,29,2026-03-10,,0
5888,Mobile,Free-to-Play,9.1,21.2,65,0.0,1,0,2025-12-06,,0
5889,PC,Whale,10.7,38.6,53,794.73,0,0,2025-10-17,,0
5890,Mobile,Occasional Spender,12.1,36.5,57,8.8,1,15,2026-08-19,,0
5891,PC,Occasional Spender,2.3,0.4,27,18.92,0,39,2026-03-26,2026-06-06,1
5892,Mobile,Occasional Spender,2.5,0.0,35,39.78,1,51,2025-12-29,2026-01-26,1
5893,PC,Occasional Spender,0.8,6.4,14,58.33,1,39,2025-09-02,2025-09-19,1
5894,Mobile,Free-to-Play,1.3,33.4,34,0.0,1,19,2025-11-06,,0
5895,Mobile,Free-to-Play,8.9,37.0,63,0.0,0,20,2026-06-13,,0
5896,Mobile,Free-to-Play,3.4,10.6,42,0.0,0,38,2026-05-25,,0
5897,Console,Free-to-Play,1.8,18.3,49,0.0,1,25,2025-11-13,,0
5898,Mobile,Occasional Spender,5.9,27.1,22,3.43,1,38,2026-01-05,,0
5899,PC,Free-to-Play,0.0,0.0,8,0.0,0,34,2026-06-01,2026-06-15,1
5900,Mobile,Free-to-Play,12.7,40.6,82,0.0,0,6,2026-03-04,,0
5901,PC,Free-to-Play,6.2,32.0,27,0.0,1,35,2025-09-26,,0
5902,Mobile,Free-to-Play,8.0,21.1,54,0.0,0,20,2026-06-17,,0
5903,Mobile,Free-to-Play,10.6,51.9,91,0.0,1,8,2026-05-03,,0
5904,Mobile,Free-to-Play,7.0,53.8,46,0.0,0,0,2025-10-06,,0
5905,Mobile,Free-to-Play,4.8,8.8,51,0.0,1,21,2025-12-29,2026-02-03,1
5906,Mobile,Free-to-Play,6.0,17.4,28,0.0,0,25,2026-06-11,,0
5907,Mobile,Free-to-Play,7.4,35.7,58,0.0,0,31,2026-05-19,,0
5908,PC,Free-to-Play,10.5,32.7,60,0.0,0,16,2025-10-29,,0
5909,Console,Occasional Spender,4.6,0.0,45,19.47,0,26,2026-05-21,2026-05-23,1
5910,Mobile,Free-to-Play,0.5,15.2,25,0.0,0,32,2025-12-18,,0
5911,Console,Free-to-Play,7.6,24.1,47,0.0,0,31,2026-03-04,2026-04-05,1
5912,Mobile,Occasional Spender,2.1,9.0,0,35.44,0,39,2026-06-12,2026-06-18,1
5913,Mobile,Occasional Spender,5.8,17.9,39,63.48,0,27,2026-04-19,2026-05-09,1
5914,Mobile,Free-to-Play,9.2,28.1,82,0.0,0,23,2025-12-15,,0
5915,Mobile,Free-to-Play,8.8,31.0,38,0.0,1,23,2025-11-12,,0
5916,Mobile,Free-to-Play,11.5,32.0,48,0.0,1,18,2026-08-22,,0
5917,Console,Occasional Spender,2.9,1.0,7,9.98,1,16,2025-10-05,,0
5918,PC,Free-to-Play,5.1,45.4,87,0.0,0,15,2026-06-06,,0
5919,PC,Occasional Spender,2.4,19.1,30,22.27,1,25,2026-01-07,,0
5920,Mobile,Occasional Spender,3.4,26.7,59,29.37,1,44,2026-05-19,,0
5921,Mobile,Free-to-Play,7.6,1.0,33,0.0,0,32,2026-05-26,,0
5922,PC,Free-to-Play,6.5,30.0,58,0.0,1,23,2025-10-11,,0
5923,Mobile,Occasional Spender,4.9,28.9,45,40.18,1,20,2025-12-19,,0
5924,Mobile,Occasional Spender,4.0,20.1,70,29.97,0,6,2025-10-01,,0
5925,Mobile,Occasional Spender,6.0,15.8,16,11.54,1,17,2026-08-24,,0
5926,Mobile,Free-to-Play,5.0,0.0,37,0.0,0,31,2026-05-25,2026-06-09,1
5927,PC,Occasional Spender,3.0,38.4,37,17.29,1,26,2026-08-14,,0
5928,Mobile,Occasional Spender,12.3,38.6,61,8.19,0,11,2026-03-11,,0
5929,Mobile,Whale,2.6,22.9,22,66.73,0,33,2026-03-16,,0
5930,Console,Free-to-Play,9.6,22.1,19,0.0,1,33,2025-09-07,,0
5931,Console,Free-to-Play,6.7,42.1,67,0.0,1,0,2026-06-08,,0
5932,Mobile,Free-to-Play,12.6,29.2,57,0.0,0,0,2025-12-31,2026-01-03,1
5933,Mobile,Occasional Spender,8.3,22.9,12,2.53,0,29,2025-09-03,,0
5934,PC,Occasional Spender,3.2,30.4,34,23.54,1,25,2026-08-06,,0
5935,Mobile,Free-to-Play,3.0,15.8,37,0.0,0,43,2026-03-22,,0
5936,Mobile,Free-to-Play,6.5,52.0,50,0.0,0,0,2026-04-11,,0
5937,Mobile,Free-to-Play,2.4,2.7,59,0.0,0,33,2026-08-22,,0
5938,Mobile,Free-to-Play,3.9,0.0,46,0.0,1,53,2026-03-31,,0
5939,Console,Occasional Spender,9.1,43.8,73,20.31,1,11,2026-05-31,,0
5940,PC,Free-to-Play,0.0,0.7,28,0.0,0,40,2026-05-12,,0
5941,Console,Free-to-Play,11.5,41.9,39,0.0,1,30,2026-06-15,,0
5942,PC,Occasional Spender,9.0,49.5,81,30.54,1,14,2026-02-23,,0
5943,PC,Free-to-Play,7.9,45.0,75,0.0,1,14,2026-04-08,,0
5944,PC,Free-to-Play,10.1,52.7,90,0.0,1,0,2025-12-06,,0
5945,PC,Free-to-Play,4.8,11.3,28,0.0,0,33,2026-04-24,,0
5946,Mobile,Free-to-Play,5.0,5.3,38,0.0,1,8,2025-12-22,2025-12-28,1
5947,Mobile,Free-to-Play,5.1,34.1,43,0.0,0,36,2026-02-20,2026-03-10,1
5948,PC,Free-to-Play,7.0,11.4,60,0.0,1,17,2026-04-25,,0
5949,Mobile,Free-to-Play,8.7,40.8,43,0.0,0,22,2025-11-04,,0
5950,Mobile,Free-to-Play,7.8,33.9,40,0.0,0,15,2025-12-06,,0
5951,Mobile,Free-to-Play,5.7,14.0,50,0.0,0,47,2026-02-21,,0
5952,PC,Free-to-Play,7.5,32.7,34,0.0,0,21,2026-02-18,,0
5953,Mobile,Free-to-Play,9.5,38.1,45,0.0,0,10,2025-11-26,,0
5954,Mobile,Free-to-Play,5.9,22.2,23,0.0,1,20,2025-11-24,,0
5955,Mobile,Free-to-Play,6.5,29.4,13,0.0,0,32,2025-12-15,2025-12-15,1
5956,Mobile,Occasional Spender,11.0,52.1,87,16.07,0,29,2026-07-21,,0
5957,Console,Free-to-Play,8.7,35.5,80,0.0,1,0,2026-06-09,,0
5958,Mobile,Free-to-Play,7.8,25.0,54,0.0,0,25,2026-04-06,,0
5959,Mobile,Free-to-Play,2.1,22.0,23,0.0,1,45,2026-02-03,2026-03-20,1
5960,Mobile,Free-to-Play,6.7,4.8,44,0.0,0,36,2026-04-09,,0
5961,Console,Free-to-Play,8.1,35.5,37,0.0,0,21,2025-11-02,,0
5962,PC,Free-to-Play,2.9,23.7,62,0.0,0,32,2026-04-25,,0
5963,Mobile,Free-to-Play,5.9,6.6,47,0.0,0,43,2026-02-14,,0
5964,Mobile,Occasional Spender,10.3,40.7,60,18.59,0,18,2025-12-20,,0
5965,PC,Free-to-Play,11.3,25.4,33,0.0,0,28,2026-04-16,,0
5966,Console,Free-to-Play,3.3,12.5,29,0.0,0,43,2026-02-09,,0
5967,Mobile,Occasional Spender,7.0,29.5,25,5.02,0,29,2025-12-09,2025-12-21,1
5968,Mobile,Free-to-Play,0.0,0.0,14,0.0,0,38,2026-04-13,2026-04-17,1
5969,Mobile,Free-to-Play,9.6,36.9,55,0.0,0,13,2025-09-11,,0
5970,Mobile,Free-to-Play,7.6,22.4,70,0.0,0,7,2026-02-17,,0
5971,PC,Free-to-Play,4.6,29.3,25,0.0,1,13,2025-11-17,,0
5972,Console,Occasional Spender,8.4,28.9,83,7.51,0,15,2025-12-17,,0
5973,Console,Free-to-Play,4.0,15.5,41,0.0,0,18,2025-11-07,2025-11-18,1
5974,PC,Free-to-Play,2.0,18.6,33,0.0,0,38,2025-12-28,,0
5975,Mobile,Occasional Spender,4.1,19.3,29,15.7,0,21,2026-02-16,,0
5976,Console,Free-to-Play,7.3,31.0,13,0.0,0,16,2025-11-27,,0
5977,Mobile,Free-to-Play,6.9,40.3,60,0.0,0,1,2026-03-14,,0
5978,Mobile,Free-to-Play,3.9,19.6,22,0.0,0,28,2025-10-25,,0
5979,PC,Free-to-Play,7.6,35.1,68,0.0,1,10,2026-03-01,,0
5980,Mobile,Free-to-Play,6.4,11.5,42,0.0,0,34,2025-12-05,,0
5981,Console,Free-to-Play,10.1,26.8,64,0.0,0,15,2026-06-17,,0
5982,Console,Free-to-Play,0.0,11.3,31,0.0,0,43,2026-06-27,2026-07-26,1
5983,PC,Occasional Spender,10.3,27.0,78,7.28,0,22,2026-02-06,,0
5984,PC,Free-to-Play,3.4,29.5,39,0.0,1,36,2025-10-26,,0
5985,Mobile,Occasional Spender,2.4,7.7,29,38.48,0,25,2025-12-07,,0
5986,Mobile,Free-to-Play,1.4,17.7,32,0.0,0,24,2026-05-02,,0
5987,PC,Whale,7.8,11.6,17,30.87,0,26,2025-10-23,,0
5988,PC,Free-to-Play,13.6,36.5,46,0.0,0,22,2025-12-31,,0
5989,Console,Occasional Spender,2.0,0.4,0,49.65,0,52,2026-02-09,,0
5990,Mobile,Occasional Spender,6.2,17.1,52,17.38,0,5,2025-09-04,,0
5991,Mobile,Free-to-Play,4.6,36.0,23,0.0,1,24,2025-11-20,,0
5992,Mobile,Free-to-Play,0.2,21.5,35,0.0,1,31,2026-05-16,,0
5993,PC,Occasional Spender,7.5,24.3,41,95.57,0,35,2026-08-08,2026-09-01,1
5994,PC,Occasional Spender,8.2,32.3,67,29.82,1,20,2026-05-25,,0
5995,Console,Free-to-Play,2.7,19.1,60,0.0,1,32,2026-06-28,,0
5996,Mobile,Occasional Spender,1.0,10.6,0,16.22,1,34,2026-06-26,,0
5997,Mobile,Free-to-Play,4.8,25.8,14,0.0,1,42,2026-02-22,2026-03-04,1
5998,Mobile,Free-to-Play,6.8,28.2,74,0.0,0,46,2025-09-06,,0
5999,Mobile,Free-to-Play,1.9,17.3,47,0.0,1,20,2026-01-07,,0
6000,Mobile,Occasional Spender,4.9,28.5,17,14.11,1,42,2026-03-29,,0
6001,PC,Free-to-Play,1.2,3.5,10,0.0,0,51,2026-06-02,2026-06-04,1
6002,Mobile,Free-to-Play,1.8,1.4,26,0.0,0,38,2025-11-18,2025-11-28,1
6003,Mobile,Free-to-Play,7.2,14.1,27,0.0,1,11,2026-02-12,,0
6004,PC,Free-to-Play,10.4,5.7,29,0.0,0,27,2026-08-14,,0
6005,Console,Free-to-Play,3.5,22.0,45,0.0,1,7,2026-03-14,,0
6006,Mobile,Free-to-Play,3.6,18.0,25,0.0,0,27,2026-06-27,2026-08-10,1
6007,Mobile,Occasional Spender,9.1,32.0,36,22.2,1,9,2026-03-03,,0
6008,PC,Free-to-Play,4.5,14.7,65,0.0,0,38,2026-08-08,,0
6009,PC,Free-to-Play,2.2,23.9,24,0.0,1,23,2026-06-15,,0
6010,Console,Free-to-Play,8.3,22.4,43,0.0,0,27,2025-11-07,,0
6011,Mobile,Free-to-Play,13.4,40.8,76,0.0,1,8,2026-07-01,,0
6012,PC,Free-to-Play,3.9,5.7,29,0.0,0,38,2026-07-24,2026-08-08,1
6013,Console,Free-to-Play,2.6,29.7,20,0.0,0,27,2026-06-12,,0
6014,Mobile,Free-to-Play,3.8,3.3,52,0.0,1,27,2025-09-29,,0
6015,Mobile,Free-to-Play,11.3,42.9,78,0.0,0,16,2025-09-19,,0
6016,Console,Free-to-Play,2.7,20.7,21,0.0,0,21,2026-01-01,2026-01-10,1
6017,Mobile,Occasional Spender,9.1,29.3,37,12.31,1,26,2025-11-20,,0
6018,PC,Free-to-Play,9.1,18.0,30,0.0,1,25,2025-10-04,,0
6019,Console,Free-to-Play,0.0,1.0,0,0.0,1,58,2026-05-16,2026-06-04,1
6020,Mobile,Free-to-Play,9.5,29.8,65,0.0,1,15,2026-04-04,2026-04-15,1
6021,PC,Free-to-Play,5.2,22.4,24,0.0,0,34,2026-08-21,,0
6022,Mobile,Free-to-Play,10.7,21.9,47,0.0,0,26,2026-02-21,2026-03-04,1
6023,Console,Free-to-Play,6.2,28.4,21,0.0,0,38,2025-09-28,2025-11-11,1
6024,Console,Free-to-Play,4.1,34.4,58,0.0,0,27,2026-08-21,,0
6025,Console,Free-to-Play,6.5,27.6,16,0.0,0,19,2025-12-15,,0
6026,Mobile,Free-to-Play,2.9,4.6,22,0.0,1,31,2026-03-14,2026-04-17,1
6027,PC,Free-to-Play,2.5,19.7,32,0.0,0,39,2025-09-13,,0
6028,Console,Whale,10.9,18.2,28,114.32,0,39,2026-01-28,,0
6029,PC,Free-to-Play,4.6,3.3,7,0.0,1,59,2026-04-06,2026-04-19,1
6030,PC,Free-to-Play,0.0,2.8,15,0.0,0,37,2026-07-26,2026-08-02,1
6031,Mobile,Free-to-Play,4.8,22.8,52,0.0,0,26,2026-02-08,,0
6032,Console,Free-to-Play,5.8,32.1,59,0.0,0,18,2025-09-07,,0
6033,Mobile,Free-to-Play,5.6,26.8,45,0.0,0,25,2026-08-27,,0
6034,Mobile,Free-to-Play,8.5,35.1,75,0.0,1,15,2026-08-30,,0
6035,Console,Free-to-Play,8.2,37.4,34,0.0,0,23,2025-10-11,,0
6036,Console,Free-to-Play,3.1,24.3,42,0.0,1,19,2026-05-26,,0
6037,Console,Free-to-Play,2.1,58.3,48,0.0,1,23,2026-01-22,,0
6038,Mobile,Free-to-Play,0.0,9.7,33,0.0,0,30,2026-01-19,2026-02-11,1
6039,Mobile,Free-to-Play,5.1,38.5,27,0.0,1,11,2026-03-09,,0
6040,Mobile,Occasional Spender,6.5,23.1,66,12.35,0,6,2026-03-03,,0
6041,Mobile,Free-to-Play,6.0,34.7,37,0.0,0,33,2025-12-23,,0
6042,Console,Whale,0.0,0.0,25,317.35,0,44,2026-06-05,,0
6043,PC,Occasional Spender,0.0,5.9,0,4.07,0,56,2026-06-27,2026-07-15,1
6044,Mobile,Free-to-Play,1.3,11.1,26,0.0,0,28,2025-09-05,,0
6045,Mobile,Free-to-Play,1.7,21.5,31,0.0,0,20,2026-08-28,,0
6046,Mobile,Occasional Spender,4.2,18.5,44,71.96,0,23,2026-06-24,,0
6047,Console,Free-to-Play,3.7,11.4,19,0.0,0,27,2025-12-08,,0
6048,PC,Free-to-Play,5.5,11.4,35,0.0,0,36,2026-02-05,2026-02-06,1
6049,Mobile,Free-to-Play,1.0,28.6,0,0.0,1,20,2026-05-06,,0
6050,Mobile,Free-to-Play,1.6,13.9,6,0.0,1,44,2026-07-20,,0
6051,Mobile,Occasional Spender,0.5,0.0,0,8.6,1,34,2026-04-20,,0
6052,Mobile,Occasional Spender,8.7,35.9,57,21.27,0,16,2026-08-11,,0
6053,Console,Occasional Spender,8.5,24.4,65,20.24,1,24,2026-02-10,,0
6054,PC,Occasional Spender,5.6,18.6,27,7.57,0,18,2026-03-06,,0
6055,Mobile,Free-to-Play,5.1,35.5,75,0.0,0,20,2025-09-30,2025-10-25,1
6056,PC,Free-to-Play,4.2,22.4,24,0.0,0,35,2025-11-11,,0
6057,Mobile,Whale,7.6,52.3,69,144.06,0,5,2026-03-13,,0
6058,Mobile,Whale,5.1,22.5,56,178.81,0,12,2026-02-19,,0
6059,PC,Occasional Spender,6.4,30.7,42,20.32,0,34,2025-12-23,,0
6060,Mobile,Occasional Spender,6.6,21.0,34,8.36,0,58,2026-05-16,,0
6061,Mobile,Free-to-Play,0.1,1.9,46,0.0,1,50,2026-01-24,,0
6062,Console,Free-to-Play,4.9,12.2,29,0.0,0,45,2026-08-25,,0
6063,Console,Occasional Spender,0.0,7.2,30,16.92,1,33,2025-09-23,,0
6064,Mobile,Free-to-Play,4.9,35.2,62,0.0,1,0,2025-09-22,,0
6065,PC,Free-to-Play,2.5,2.8,35,0.0,1,31,2025-10-11,,0
6066,Mobile,Free-to-Play,6.0,32.4,52,0.0,0,27,2026-06-15,,0
6067,PC,Free-to-Play,5.8,11.4,40,0.0,0,5,2025-11-17,,0
6068,Mobile,Free-to-Play,9.1,49.3,11,0.0,1,1,2026-02-03,,0
6069,PC,Free-to-Play,0.1,20.8,51,0.0,0,25,2025-09-07,,0
6070,Mobile,Free-to-Play,4.3,41.0,28,0.0,1,29,2026-08-26,,0
6071,Console,Free-to-Play,7.9,31.5,41,0.0,1,24,2026-04-08,,0
6072,Console,Free-to-Play,1.2,14.3,28,0.0,1,24,2026-07-27,,0
6073,Mobile,Free-to-Play,4.4,12.0,24,0.0,1,29,2025-09-20,,0
6074,PC,Free-to-Play,4.9,18.0,31,0.0,0,22,2026-06-30,,0
6075,Mobile,Free-to-Play,5.0,25.6,45,0.0,1,17,2026-08-17,,0
6076,PC,Free-to-Play,7.4,36.2,33,0.0,1,12,2026-07-22,,0
6077,Mobile,Free-to-Play,3.1,16.6,48,0.0,1,20,2025-09-13,,0
6078,Mobile,Free-to-Play,13.1,61.0,72,0.0,0,0,2026-02-19,,0
6079,PC,Occasional Spender,8.1,39.7,62,63.5,0,26,2026-07-23,,0
6080,Mobile,Free-to-Play,3.2,9.3,0,0.0,0,37,2026-04-09,2026-05-26,1
6081,PC,Free-to-Play,8.1,37.9,23,0.0,0,26,2026-03-29,2026-04-14,1
6082,PC,Free-to-Play,1.3,0.3,25,0.0,0,57,2025-11-12,,0
6083,Mobile,Free-to-Play,2.6,17.7,18,0.0,1,36,2026-06-12,,0
6084,Mobile,Occasional Spender,14.2,27.7,58,19.61,1,2,2026-07-20,,0
6085,PC,Whale,11.9,45.8,40,2.71,0,14,2025-12-01,2025-12-06,1
6086,PC,Free-to-Play,2.8,0.5,29,0.0,1,20,2026-03-27,,0
6087,Mobile,Whale,10.4,25.7,70,326.05,0,5,2026-07-17,2026-07-23,1
6088,Mobile,Free-to-Play,4.6,1.1,10,0.0,0,44,2026-03-28,2026-06-04,1
6089,PC,Free-to-Play,5.3,33.9,21,0.0,1,10,2026-03-29,2026-04-03,1
6090,PC,Free-to-Play,11.1,45.7,76,0.0,0,0,2026-06-08,,0
6091,Console,Free-to-Play,11.0,35.1,80,0.0,0,8,2026-06-19,,0
6092,Mobile,Free-to-Play,1.5,21.3,0,0.0,1,28,2026-07-27,,0
6093,PC,Free-to-Play,4.6,12.1,0,0.0,0,36,2025-10-29,,0
6094,PC,Free-to-Play,4.5,21.0,45,0.0,0,33,2026-08-28,2026-09-01,1
6095,Mobile,Free-to-Play,1.8,34.6,56,0.0,1,29,2026-02-27,,0
6096,Mobile,Free-to-Play,4.7,24.6,16,0.0,1,25,2026-08-25,,0
6097,Mobile,Free-to-Play,1.7,4.8,34,0.0,1,31,2025-11-11,,0
6098,Console,Free-to-Play,6.8,21.6,55,0.0,1,31,2026-04-08,,0
6099,Mobile,Free-to-Play,7.0,24.7,18,0.0,1,22,2025-09-07,,0
6100,PC,Free-to-Play,8.7,26.7,69,0.0,1,24,2026-08-12,,0
6101,PC,Free-to-Play,5.8,27.8,29,0.0,0,31,2026-05-02,,0
6102,Mobile,Occasional Spender,5.7,15.4,36,99.7,0,20,2026-04-09,2026-04-18,1
6103,Console,Free-to-Play,10.4,37.6,54,0.0,0,8,2026-08-06,,0
6104,PC,Free-to-Play,3.2,11.8,29,0.0,0,41,2026-03-25,,0
6105,Mobile,Whale,4.4,15.0,34,117.21,0,39,2026-03-17,,0
6106,PC,Free-to-Play,3.1,40.9,70,0.0,0,25,2026-03-22,,0
6107,PC,Free-to-Play,0.8,14.3,40,0.0,0,32,2026-02-18,,0
6108,Mobile,Free-to-Play,2.3,15.3,32,0.0,0,37,2026-06-23,,0
6109,PC,Free-to-Play,10.2,33.1,96,0.0,0,24,2026-06-05,,0
6110,PC,Free-to-Play,12.0,39.6,73,0.0,0,11,2026-03-02,,0
6111,Mobile,Free-to-Play,0.4,29.5,47,0.0,0,16,2026-01-08,,0
6112,Console,Free-to-Play,10.6,32.4,30,0.0,1,16,2026-04-10,,0
6113,PC,Occasional Spender,4.2,0.0,3,21.26,1,20,2026-03-18,,0
6114,PC,Free-to-Play,7.9,0.0,14,0.0,0,29,2025-09-04,,0
6115,Mobile,Free-to-Play,8.5,39.8,34,0.0,1,31,2026-01-08,,0
6116,Mobile,Occasional Spender,11.2,32.8,71,34.86,1,31,2026-08-15,,0
6117,Mobile,Free-to-Play,7.8,27.2,56,0.0,1,10,2026-04-22,2026-05-18,1
6118,PC,Occasional Spender,0.0,12.2,0,22.0,1,51,2026-08-12,,0
6119,PC,Free-to-Play,6.3,43.8,42,0.0,0,24,2025-10-16,,0
6120,PC,Free-to-Play,11.8,53.5,66,0.0,0,0,2025-11-04,,0
6121,Mobile,Occasional Spender,7.1,38.4,63,1.24,1,15,2026-03-14,2026-03-16,1
6122,PC,Free-to-Play,4.2,0.7,4,0.0,0,35,2026-05-26,2026-05-29,1
6123,Console,Occasional Spender,9.9,30.3,72,78.22,1,19,2025-12-12,,0
6124,PC,Free-to-Play,5.5,2.2,51,0.0,0,13,2026-06-25,,0
6125,PC,Occasional Spender,6.4,40.6,48,54.17,0,17,2025-11-23,,0
6126,Console,Free-to-Play,2.7,25.0,49,0.0,1,34,2025-10-16,,0
6127,Mobile,Free-to-Play,10.6,49.9,63,0.0,0,0,2026-06-27,,0
6128,PC,Free-to-Play,1.2,29.8,26,0.0,1,19,2026-02-18,,0
6129,Console,Whale,4.9,24.2,59,120.79,0,35,2026-07-06,2026-07-10,1
6130,PC,Free-to-Play,0.0,7.6,24,0.0,0,34,2026-01-19,2026-02-11,1
6131,Mobile,Free-to-Play,3.4,10.4,39,0.0,0,37,2025-12-28,,0
6132,Console,Occasional Spender,12.4,33.5,45,1.5,1,19,2026-08-29,,0
6133,Mobile,Free-to-Play,5.5,21.9,69,0.0,0,11,2025-09-21,,0
6134,Mobile,Free-to-Play,8.0,41.1,75,0.0,0,12,2026-05-28,,0
6135,Mobile,Free-to-Play,12.7,8.0,19,0.0,0,16,2026-03-15,,0
6136,Mobile,Free-to-Play,3.7,0.0,6,0.0,1,63,2026-05-29,,0
6137,Mobile,Free-to-Play,4.3,0.0,15,0.0,0,35,2025-10-05,,0
6138,Mobile,Free-to-Play,6.7,20.1,71,0.0,1,15,2025-11-27,,0
6139,Console,Free-to-Play,1.4,18.1,51,0.0,1,37,2025-09-04,,0
6140,Mobile,Free-to-Play,0.9,14.5,36,0.0,0,14,2026-04-13,,0
6141,PC,Free-to-Play,4.3,6.6,10,0.0,0,25,2026-02-07,,0
6142,Console,Free-to-Play,3.0,7.6,0,0.0,1,42,2026-02-02,2026-02-06,1
6143,Console,Occasional Spender,12.0,29.5,73,18.1,0,34,2026-06-09,,0
6144,Mobile,Free-to-Play,3.6,17.4,13,0.0,0,37,2025-09-25,,0
6145,Mobile,Free-to-Play,3.8,32.2,2,0.0,0,32,2025-10-20,,0
6146,PC,Free-to-Play,5.3,20.1,33,0.0,0,30,2025-09-06,2025-09-16,1
6147,Console,Free-to-Play,3.6,20.0,28,0.0,0,42,2026-03-18,,0
6148,PC,Occasional Spender,1.8,2.9,19,0.89,0,54,2026-07-16,,0
6149,Mobile,Free-to-Play,0.0,0.0,6,0.0,1,40,2026-07-05,,0
6150,PC,Occasional Spender,3.2,9.2,31,71.58,1,38,2026-02-10,2026-02-14,1
6151,PC,Free-to-Play,4.7,40.7,15,0.0,0,25,2025-11-06,,0
6152,PC,Occasional Spender,4.1,16.6,44,22.1,1,34,2025-12-19,,0
6153,Console,Occasional Spender,9.5,32.9,55,59.22,0,27,2025-12-07,,0
6154,PC,Free-to-Play,8.6,14.5,49,0.0,0,7,2025-11-19,,0
6155,PC,Whale,6.4,0.0,49,504.37,1,27,2025-10-28,2025-10-30,1
6156,PC,Occasional Spender,1.9,9.1,23,38.34,1,20,2025-09-30,,0
6157,PC,Free-to-Play,6.0,45.5,29,0.0,0,27,2026-04-21,,0
6158,PC,Free-to-Play,1.3,19.2,0,0.0,0,24,2025-12-09,2026-01-19,1
6159,Mobile,Free-to-Play,5.3,35.5,4,0.0,0,17,2026-05-22,,0
6160,PC,Free-to-Play,6.2,28.5,54,0.0,1,25,2025-12-23,,0
6161,PC,Free-to-Play,10.1,2.3,44,0.0,0,20,2026-08-11,,0
6162,Mobile,Free-to-Play,8.1,12.1,25,0.0,1,24,2026-08-12,,0
6163,Mobile,Free-to-Play,7.1,19.9,15,0.0,0,36,2026-06-20,2026-06-21,1
6164,PC,Free-to-Play,9.2,27.1,67,0.0,1,31,2026-02-14,,0
6165,PC,Free-to-Play,8.4,33.8,73,0.0,1,9,2025-10-03,,0
6166,Mobile,Free-to-Play,8.9,32.0,47,0.0,0,5,2026-01-25,2026-01-31,1
6167,Mobile,Free-to-Play,12.3,39.0,46,0.0,1,14,2026-02-08,,0
6168,Mobile,Occasional Spender,3.0,7.9,29,9.03,0,45,2025-12-20,,0
6169,Console,Free-to-Play,3.5,28.9,36,0.0,1,21,2025-10-12,,0
6170,Console,Occasional Spender,7.8,21.9,23,12.25,1,25,2026-01-31,,0
6171,PC,Occasional Spender,11.4,37.7,69,4.78,1,7,2025-12-05,,0
6172,Mobile,Occasional Spender,10.4,16.0,60,24.35,0,39,2026-04-04,,0
6173,PC,Free-to-Play,3.8,7.7,39,0.0,0,37,2025-09-02,,0
6174,PC,Occasional Spender,9.3,53.7,51,25.14,1,9,2026-03-07,,0
6175,Console,Occasional Spender,11.0,38.0,55,24.79,0,38,2025-10-10,,0
6176,Mobile,Occasional Spender,0.0,11.3,2,22.61,0,61,2025-09-12,2025-10-04,1
6177,Mobile,Free-to-Play,5.9,19.6,34,0.0,0,30,2025-10-13,,0
6178,PC,Free-to-Play,4.9,12.2,43,0.0,0,16,2026-05-03,2026-06-03,1
6179,Mobile,Free-to-Play,4.6,48.9,49,0.0,0,2,2026-04-17,,0
6180,PC,Free-to-Play,4.9,19.1,35,0.0,0,22,2025-11-18,,0
6181,PC,Free-to-Play,4.2,22.4,61,0.0,1,35,2025-09-27,,0
6182,Mobile,Occasional Spender,6.3,11.4,21,2.6,0,34,2026-01-22,,0
6183,Mobile,Free-to-Play,3.1,0.0,4,0.0,0,25,2025-11-21,2026-01-02,1
6184,PC,Free-to-Play,5.3,22.9,41,0.0,1,45,2026-03-23,,0
6185,Console,Occasional Spender,7.7,44.8,77,36.13,0,10,2025-10-23,,0
6186,Mobile,Free-to-Play,3.8,14.7,22,0.0,0,24,2026-04-02,2026-04-14,1
6187,Mobile,Free-to-Play,10.4,30.4,65,0.0,0,0,2026-01-17,,0
6188,PC,Occasional Spender,4.3,19.9,12,21.91,1,46,2026-02-16,,0
6189,Mobile,Occasional Spender,7.9,23.6,42,8.03,0,21,2025-10-30,,0
6190,PC,Free-to-Play,8.5,56.1,74,0.0,0,7,2025-11-13,,0
6191,PC,Free-to-Play,0.7,12.8,14,0.0,0,31,2025-10-29,,0
6192,Mobile,Free-to-Play,10.8,34.6,60,0.0,1,31,2026-07-18,,0
6193,PC,Free-to-Play,3.4,18.4,30,0.0,1,19,2026-06-03,,0
6194,PC,Occasional Spender,7.8,26.2,31,38.96,1,10,2025-10-03,,0
6195,Mobile,Occasional Spender,8.0,43.6,27,13.81,1,20,2026-07-15,,0
6196,PC,Free-to-Play,5.8,34.8,60,0.0,0,12,2025-11-22,,0
6197,Console,Free-to-Play,2.7,18.3,2,0.0,1,32,2026-01-12,,0
6198,PC,Free-to-Play,5.8,18.5,62,0.0,0,42,2026-04-26,,0
6199,Mobile,Free-to-Play,10.5,16.3,67,0.0,0,32,2026-08-18,,0
6200,PC,Free-to-Play,10.1,30.7,47,0.0,0,20,2026-08-28,,0
6201,Mobile,Free-to-Play,6.4,5.0,52,0.0,1,41,2025-10-10,2025-10-24,1
6202,PC,Occasional Spender,6.5,46.7,71,10.88,0,8,2026-07-24,,0
6203,PC,Free-to-Play,6.7,50.1,62,0.0,1,3,2025-12-03,,0
6204,Mobile,Free-to-Play,7.8,28.4,13,0.0,0,17,2026-07-10,,0
6205,Mobile,Free-to-Play,2.7,0.0,14,0.0,1,55,2026-04-09,,0
6206,Console,Occasional Spender,11.8,53.2,68,1.82,0,12,2026-07-25,,0
6207,Mobile,Whale,7.1,16.7,34,711.05,0,25,2026-01-11,,0
6208,Console,Free-to-Play,0.0,17.0,29,0.0,0,37,2026-07-25,,0
6209,PC,Free-to-Play,12.9,52.0,48,0.0,0,0,2026-01-15,,0
6210,PC,Occasional Spender,4.1,7.1,15,26.32,1,34,2025-09-15,,0
6211,Mobile,Free-to-Play,0.0,1.9,20,0.0,0,34,2025-12-04,,0
6212,Mobile,Free-to-Play,7.9,20.5,35,0.0,1,17,2026-01-03,,0
6213,Mobile,Free-to-Play,11.4,28.2,68,0.0,0,21,2025-10-05,,0
6214,PC,Occasional Spender,5.9,21.8,10,37.95,0,16,2025-11-05,,0
6215,Console,Free-to-Play,9.3,17.9,47,0.0,0,14,2025-12-07,2025-12-21,1
6216,Console,Free-to-Play,7.3,17.7,25,0.0,1,29,2026-02-07,,0
6217,Mobile,Free-to-Play,2.8,17.2,57,0.0,0,19,2026-04-11,,0
6218,Mobile,Free-to-Play,4.1,10.7,18,0.0,0,33,2026-01-17,,0
6219,Mobile,Free-to-Play,1.2,11.2,30,0.0,1,41,2026-07-24,,0
6220,Console,Occasional Spender,8.3,27.4,77,32.58,0,28,2025-10-14,2025-11-20,1
6221,Mobile,Occasional Spender,6.1,8.2,13,25.95,1,35,2025-10-12,,0
6222,Mobile,Free-to-Play,5.6,33.2,52,0.0,1,12,2026-05-28,,0
6223,PC,Free-to-Play,1.7,36.2,31,0.0,0,41,2025-11-28,,0
6224,PC,Occasional Spender,9.0,40.3,48,46.82,1,9,2025-12-21,,0
6225,Mobile,Occasional Spender,6.3,33.9,68,11.36,1,19,2025-10-24,,0
6226,PC,Free-to-Play,10.9,44.0,80,0.0,0,12,2025-10-07,,0
6227,Mobile,Free-to-Play,4.4,19.9,44,0.0,0,30,2025-12-03,2026-02-03,1
6228,Mobile,Free-to-Play,5.8,18.5,0,0.0,1,32,2025-09-24,,0
6229,Mobile,Free-to-Play,7.2,17.1,26,0.0,1,26,2026-05-05,,0
6230,Mobile,Free-to-Play,9.4,27.0,25,0.0,0,29,2026-03-22,,0
6231,Console,Free-to-Play,3.0,15.7,55,0.0,0,29,2026-07-08,,0
6232,PC,Free-to-Play,12.1,27.4,73,0.0,0,0,2025-10-23,,0
6233,PC,Occasional Spender,12.0,31.5,62,6.19,0,8,2026-05-22,,0
6234,Mobile,Occasional Spender,11.9,10.4,35,24.47,0,12,2026-03-01,,0
6235,PC,Occasional Spender,8.4,47.9,81,26.96,0,12,2026-07-03,,0
6236,Console,Free-to-Play,6.2,52.1,50,0.0,1,27,2026-05-29,,0
6237,Mobile,Free-to-Play,3.3,23.5,66,0.0,1,55,2025-12-28,,0
6238,Console,Free-to-Play,0.9,20.4,28,0.0,1,13,2026-06-01,,0
6239,PC,Free-to-Play,4.6,28.0,38,0.0,1,34,2026-02-24,,0
6240,PC,Free-to-Play,9.1,13.1,40,0.0,0,21,2026-03-20,,0
6241,Mobile,Free-to-Play,8.2,27.8,54,0.0,0,28,2026-01-19,,0
6242,PC,Whale,6.8,25.8,63,210.58,1,22,2026-05-29,,0
6243,PC,Occasional Spender,3.0,34.4,42,15.82,1,39,2026-03-08,2026-03-18,1
6244,Console,Free-to-Play,7.5,27.1,54,0.0,0,15,2026-08-21,,0
6245,Console,Occasional Spender,5.1,34.3,44,28.44,0,22,2026-02-23,,0
6246,Mobile,Free-to-Play,5.6,12.4,34,0.0,1,39,2026-07-24,,0
6247,Console,Free-to-Play,4.2,34.4,44,0.0,0,40,2025-12-09,2026-01-24,1
6248,Console,Free-to-Play,10.8,34.1,85,0.0,0,8,2025-10-26,,0
6249,PC,Free-to-Play,7.9,38.0,49,0.0,0,16,2026-04-07,2026-05-24,1
6250,Mobile,Free-to-Play,4.7,18.0,0,0.0,0,62,2025-10-13,,0
6251,Mobile,Free-to-Play,11.6,42.0,80,0.0,0,11,2026-04-10,,0
6252,Mobile,Free-to-Play,8.3,41.3,48,0.0,1,14,2025-10-17,,0
6253,Mobile,Whale,10.0,22.6,52,172.29,0,13,2026-02-23,,0
6254,Console,Free-to-Play,4.4,0.0,24,0.0,1,36,2026-02-10,,0
6255,Mobile,Free-to-Play,4.0,29.8,13,0.0,0,30,2026-04-04,2026-04-07,1
6256,PC,Free-to-Play,1.3,0.0,10,0.0,0,30,2025-09-24,,0
6257,PC,Free-to-Play,4.3,24.7,55,0.0,1,29,2025-12-17,,0
6258,PC,Free-to-Play,7.4,21.2,27,0.0,0,24,2026-03-02,,0
6259,Mobile,Free-to-Play,4.1,37.2,56,0.0,1,17,2025-11-14,,0
6260,PC,Occasional Spender,12.1,40.9,94,20.31,1,4,2026-03-16,,0
6261,PC,Free-to-Play,4.2,0.0,41,0.0,0,33,2025-10-16,,0
6262,PC,Free-to-Play,0.4,12.5,2,0.0,1,55,2026-03-11,2026-03-18,1
6263,Mobile,Free-to-Play,0.7,4.1,17,0.0,0,43,2025-11-09,,0
6264,PC,Occasional Spender,5.0,39.9,58,4.73,1,8,2026-05-31,,0
6265,Mobile,Free-to-Play,5.4,42.5,87,0.0,0,0,2026-02-06,,0
6266,PC,Free-to-Play,6.4,23.8,50,0.0,0,27,2026-01-20,,0
6267,Mobile,Whale,12.5,25.5,9,247.92,0,6,2026-02-20,,0
6268,Mobile,Free-to-Play,5.8,27.7,53,0.0,0,12,2026-03-21,,0
6269,Console,Free-to-Play,2.5,14.1,32,0.0,0,42,2026-08-31,,0
6270,Mobile,Free-to-Play,7.7,3.7,23,0.0,1,21,2025-09-10,,0
6271,Console,Free-to-Play,7.9,24.0,0,0.0,0,17,2026-06-14,,0
6272,Console,Whale,10.4,16.7,45,287.49,1,11,2026-06-30,,0
6273,Mobile,Free-to-Play,5.3,6.4,37,0.0,1,21,2025-11-08,,0
6274,Mobile,Free-to-Play,6.0,29.1,42,0.0,0,21,2026-08-04,2026-08-31,1
6275,Mobile,Free-to-Play,3.3,19.9,11,0.0,0,28,2025-11-26,,0
6276,Console,Free-to-Play,0.5,24.0,44,0.0,0,16,2026-04-25,2026-05-06,1
6277,PC,Free-to-Play,3.6,19.2,48,0.0,0,9,2025-12-12,,0
6278,Mobile,Occasional Spender,6.0,4.1,17,12.26,0,36,2026-06-14,2026-06-29,1
6279,PC,Free-to-Play,6.8,11.2,46,0.0,1,44,2025-12-18,,0
6280,Mobile,Occasional Spender,8.5,10.5,34,18.71,1,36,2025-09-03,,0
6281,PC,Occasional Spender,10.5,34.8,50,22.87,1,24,2026-02-28,,0
6282,PC,Free-to-Play,3.2,17.9,42,0.0,0,7,2026-02-09,,0
6283,Mobile,Occasional Spender,7.2,40.1,56,17.18,1,21,2026-01-20,,0
6284,Console,Occasional Spender,12.1,27.4,76,19.17,0,3,2026-04-22,,0
6285,Mobile,Free-to-Play,8.6,20.9,18,0.0,0,37,2026-02-11,,0
6286,PC,Free-to-Play,13.8,47.7,78,0.0,0,22,2026-01-09,,0
6287,PC,Free-to-Play,0.2,6.1,6,0.0,1,51,2026-08-22,,0
6288,Console,Free-to-Play,5.2,39.7,86,0.0,1,30,2026-03-19,,0
6289,Mobile,Occasional Spender,5.8,1.5,45,29.92,0,20,2026-02-20,,0
6290,Console,Free-to-Play,2.8,5.3,8,0.0,0,37,2026-06-16,2026-07-05,1
6291,Mobile,Free-to-Play,8.9,29.8,44,0.0,0,21,2026-03-13,,0
6292,Console,Free-to-Play,7.1,29.5,55,0.0,0,23,2026-04-10,,0
6293,Mobile,Free-to-Play,2.6,28.0,11,0.0,0,42,2026-02-10,,0
6294,PC,Occasional Spender,5.5,36.9,18,2.82,1,28,2026-05-19,,0
6295,Mobile,Occasional Spender,4.5,15.9,31,13.46,0,31,2025-10-08,,0
6296,Console,Occasional Spender,9.6,27.6,54,12.75,1,12,2026-01-11,,0
6297,Console,Free-to-Play,6.2,20.6,31,0.0,0,20,2026-01-15,2026-01-18,1
6298,Mobile,Free-to-Play,0.0,1.7,15,0.0,1,41,2025-11-06,2025-12-19,1
6299,PC,Occasional Spender,10.2,21.2,35,5.19,1,11,2026-08-24,,0
6300,PC,Free-to-Play,3.0,20.7,25,0.0,1,3,2026-05-28,2026-06-22,1
6301,Mobile,Free-to-Play,5.1,0.0,1,0.0,0,41,2026-06-27,,0
6302,PC,Free-to-Play,2.7,32.1,69,0.0,0,6,2026-01-17,,0
6303,PC,Free-to-Play,8.0,52.5,81,0.0,1,3,2026-04-29,,0
6304,PC,Free-to-Play,12.2,45.9,79,0.0,1,6,2025-12-16,,0
6305,Mobile,Free-to-Play,7.2,23.7,52,0.0,1,19,2025-09-22,,0
6306,Console,Free-to-Play,0.0,20.8,28,0.0,1,32,2026-04-18,,0
6307,Mobile,Occasional Spender,7.9,29.2,47,9.33,0,41,2026-05-03,,0
6308,PC,Free-to-Play,7.1,25.6,30,0.0,1,10,2026-03-07,,0
6309,Mobile,Free-to-Play,7.1,27.4,37,0.0,0,29,2026-03-06,,0
6310,Mobile,Occasional Spender,8.8,36.7,60,18.08,0,6,2026-04-23,,0
6311,Mobile,Free-to-Play,6.0,29.2,61,0.0,1,19,2026-04-27,,0
6312,Mobile,Free-to-Play,6.3,30.4,68,0.0,0,23,2026-04-17,,0
6313,PC,Whale,11.8,14.3,22,587.87,0,22,2026-03-07,,0
6314,PC,Occasional Spender,5.5,15.2,42,3.61,0,17,2026-03-22,,0
6315,PC,Free-to-Play,6.4,30.6,43,0.0,0,36,2026-03-18,2026-03-26,1
6316,PC,Occasional Spender,2.9,20.1,26,18.83,1,13,2026-05-16,,0
6317,Mobile,Free-to-Play,13.4,30.3,51,0.0,1,11,2026-01-12,,0
6318,Mobile,Free-to-Play,2.8,14.5,67,0.0,0,23,2026-03-06,,0
6319,PC,Free-to-Play,7.4,37.0,43,0.0,0,36,2026-06-09,,0
6320,PC,Free-to-Play,2.4,21.8,23,0.0,0,34,2025-11-30,,0
6321,PC,Free-to-Play,0.0,0.0,20,0.0,0,64,2025-10-14,2025-12-18,1
6322,Mobile,Free-to-Play,6.4,45.3,41,0.0,0,21,2026-04-10,,0
6323,Console,Occasional Spender,11.1,36.4,70,33.99,1,0,2026-02-22,,0
6324,Mobile,Free-to-Play,5.0,28.6,63,0.0,0,7,2025-09-20,,0
6325,PC,Free-to-Play,11.8,53.3,97,0.0,0,6,2026-05-08,,0
6326,Mobile,Occasional Spender,13.2,49.9,42,36.67,1,3,2026-06-13,2026-06-26,1
6327,PC,Whale,3.1,20.1,0,251.39,1,44,2026-04-27,,0
6328,Mobile,Free-to-Play,2.7,26.0,43,0.0,0,20,2026-03-20,,0
6329,PC,Occasional Spender,2.3,3.0,46,20.86,0,21,2026-03-23,2026-03-23,1
6330,Mobile,Occasional Spender,6.3,5.9,52,19.95,0,12,2026-01-24,,0
6331,PC,Free-to-Play,5.3,31.8,51,0.0,0,32,2026-05-23,,0
6332,Mobile,Free-to-Play,9.2,46.6,39,0.0,0,0,2026-02-14,,0
6333,PC,Free-to-Play,9.2,23.3,47,0.0,0,24,2026-07-23,,0
6334,Mobile,Free-to-Play,8.1,11.6,0,0.0,0,44,2025-09-20,,0
6335,Mobile,Free-to-Play,6.2,17.6,39,0.0,1,21,2026-05-16,2026-05-17,1
6336,PC,Free-to-Play,4.2,20.7,15,0.0,0,8,2026-05-05,,0
6337,Mobile,Occasional Spender,9.2,34.3,62,20.98,1,29,2026-07-04,,0
6338,Mobile,Free-to-Play,11.7,34.2,80,0.0,0,10,2026-04-16,,0
6339,Console,Free-to-Play,3.5,8.5,21,0.0,0,24,2025-09-10,,0
6340,Console,Occasional Spender,2.8,39.2,0,11.59,0,53,2026-01-26,,0
6341,Console,Whale,5.2,0.0,30,2.22,0,27,2025-12-31,,0
6342,Mobile,Occasional Spender,8.2,38.3,86,44.55,0,0,2026-01-26,2026-02-02,1
6343,PC,Free-to-Play,4.0,23.8,68,0.0,0,15,2026-05-02,2026-05-20,1
6344,PC,Free-to-Play,5.2,12.8,43,0.0,0,33,2025-11-17,,0
6345,Mobile,Free-to-Play,7.9,22.9,31,0.0,0,40,2026-04-28,,0
6346,PC,Free-to-Play,5.7,16.2,1,0.0,1,38,2025-11-15,2025-11-15,1
6347,Mobile,Free-to-Play,0.5,6.1,14,0.0,0,37,2025-09-06,2025-09-19,1
6348,Console,Occasional Spender,4.8,12.3,0,5.48,0,35,2026-08-28,,0
6349,PC,Free-to-Play,9.4,30.1,92,0.0,1,15,2026-07-01,,0
6350,Mobile,Free-to-Play,7.6,16.8,51,0.0,0,21,2025-11-26,,0
6351,Mobile,Free-to-Play,3.9,19.7,37,0.0,0,38,2026-07-18,,0
6352,Mobile,Free-to-Play,4.2,18.2,21,0.0,1,34,2025-12-12,,0
6353,Mobile,Free-to-Play,3.1,14.2,0,0.0,0,35,2026-06-03,2026-06-04,1
6354,PC,Occasional Spender,6.4,16.4,52,27.14,1,39,2026-01-30,,0
6355,PC,Free-to-Play,8.0,16.8,16,0.0,0,26,2026-01-05,2026-01-11,1
6356,PC,Occasional Spender,4.8,37.0,50,12.9,0,29,2026-05-08,,0
6357,Mobile,Free-to-Play,4.8,29.7,41,0.0,1,41,2025-10-22,,0
6358,PC,Free-to-Play,0.0,17.7,7,0.0,0,40,2025-10-04,2026-02-06,1
6359,Mobile,Whale,1.2,13.5,6,601.34,1,61,2026-06-13,,0
6360,Mobile,Free-to-Play,5.5,49.2,61,0.0,1,4,2025-12-05,,0
6361,Console,Free-to-Play,6.2,18.8,27,0.0,0,18,2025-12-29,,0
6362,PC,Free-to-Play,6.9,19.5,50,0.0,1,31,2026-05-30,,0
6363,PC,Free-to-Play,6.5,37.7,54,0.0,0,25,2025-11-07,,0
6364,Console,Free-to-Play,4.3,24.5,28,0.0,0,33,2026-05-12,,0
6365,Mobile,Free-to-Play,9.8,29.8,50,0.0,1,21,2026-05-30,,0
6366,Console,Free-to-Play,9.9,13.6,74,0.0,0,26,2025-12-15,,0
6367,PC,Free-to-Play,3.3,14.4,10,0.0,0,50,2026-07-19,2026-07-29,1
6368,PC,Free-to-Play,7.7,33.2,48,0.0,0,5,2025-10-01,,0
6369,Mobile,Occasional Spender,5.7,39.3,38,32.26,0,18,2026-04-13,2026-04-15,1
6370,Mobile,Occasional Spender,13.6,41.0,56,1.51,0,8,2026-03-05,,0
6371,Mobile,Free-to-Play,5.7,24.5,74,0.0,1,18,2025-12-27,,0
6372,Mobile,Free-to-Play,4.7,1.2,30,0.0,1,41,2025-10-15,,0
6373,Mobile,Free-to-Play,7.3,8.6,30,0.0,0,34,2025-11-23,2025-12-06,1
6374,PC,Free-to-Play,4.4,33.1,76,0.0,1,0,2026-04-14,2026-05-11,1
6375,PC,Free-to-Play,5.9,16.5,40,0.0,0,40,2025-12-01,,0
6376,Mobile,Occasional Spender,7.8,34.6,73,3.7,0,41,2026-04-09,,0
6377,PC,Free-to-Play,3.7,6.6,33,0.0,0,32,2026-02-24,,0
6378,Console,Free-to-Play,5.9,51.1,40,0.0,0,35,2025-12-24,,0
6379,PC,Free-to-Play,2.8,6.7,32,0.0,0,40,2026-02-12,,0
6380,PC,Occasional Spender,8.1,19.3,20,8.93,1,33,2026-08-13,,0
6381,PC,Free-to-Play,6.2,42.8,46,0.0,0,25,2026-08-15,,0
6382,Mobile,Free-to-Play,6.2,41.1,66,0.0,0,20,2026-07-12,,0
6383,Mobile,Whale,7.5,29.7,65,229.15,1,23,2026-08-01,,0
6384,Console,Free-to-Play,9.3,27.5,47,0.0,0,20,2025-12-09,,0
6385,PC,Free-to-Play,2.0,23.0,43,0.0,0,33,2026-06-22,,0
6386,PC,Free-to-Play,0.0,9.3,31,0.0,1,53,2026-06-04,,0
6387,Console,Free-to-Play,11.8,19.9,80,0.0,0,21,2026-05-09,,0
6388,Mobile,Free-to-Play,8.3,8.0,65,0.0,0,13,2026-06-29,,0
6389,Mobile,Free-to-Play,9.8,31.9,67,0.0,1,7,2025-10-19,,0
6390,PC,Free-to-Play,7.1,45.8,14,0.0,0,26,2026-07-30,,0
6391,Mobile,Free-to-Play,3.7,30.4,36,0.0,1,43,2026-06-23,,0
6392,PC,Occasional Spender,8.4,33.8,72,3.7,1,16,2026-06-10,,0
6393,Console,Occasional Spender,6.3,9.3,36,3.8,1,32,2026-08-01,,0
6394,PC,Occasional Spender,1.9,18.7,18,26.59,0,25,2026-06-01,2026-06-01,1
6395,Mobile,Whale,6.7,32.3,64,462.47,1,13,2026-06-25,,0
6396,PC,Occasional Spender,0.0,19.3,20,13.22,1,39,2026-04-29,,0
6397,Mobile,Free-to-Play,10.5,3.0,50,0.0,0,26,2026-07-07,,0
6398,Console,Free-to-Play,4.5,50.2,32,0.0,0,36,2025-09-23,2025-10-17,1
6399,Mobile,Free-to-Play,10.9,46.1,69,0.0,1,5,2025-11-17,,0
6400,Console,Free-to-Play,9.0,27.4,35,0.0,1,16,2026-01-08,,0
6401,Mobile,Free-to-Play,3.6,1.1,23,0.0,0,30,2026-01-27,2026-01-27,1
6402,Mobile,Free-to-Play,8.5,41.6,46,0.0,0,2,2025-12-21,,0
6403,PC,Free-to-Play,5.9,23.3,22,0.0,0,30,2025-09-22,,0
6404,Mobile,Free-to-Play,8.8,43.0,88,0.0,1,16,2026-07-14,,0
6405,Mobile,Occasional Spender,2.1,23.4,18,7.96,0,30,2026-02-19,,0
6406,Console,Free-to-Play,7.5,28.0,65,0.0,0,35,2026-06-22,,0
6407,Console,Free-to-Play,3.5,23.4,36,0.0,1,27,2026-03-19,,0
6408,Mobile,Free-to-Play,9.9,30.9,17,0.0,1,24,2025-10-07,2025-10-10,1
6409,PC,Free-to-Play,6.2,23.0,55,0.0,0,19,2026-01-13,,0
6410,Console,Free-to-Play,8.3,40.6,72,0.0,1,5,2026-01-12,,0
6411,Console,Free-to-Play,4.5,33.4,40,0.0,1,18,2026-07-27,2026-08-12,1
6412,Mobile,Free-to-Play,3.8,0.0,38,0.0,0,22,2025-11-09,2025-12-22,1
6413,Mobile,Free-to-Play,8.1,22.9,77,0.0,0,5,2025-12-14,,0
6414,Console,Free-to-Play,5.2,17.4,33,0.0,0,32,2026-04-23,,0
6415,Mobile,Whale,9.8,28.8,73,6.55,1,3,2026-05-02,,0
6416,Mobile,Occasional Spender,4.3,25.3,58,15.76,0,13,2026-02-02,,0
6417,PC,Free-to-Play,2.3,41.7,46,0.0,0,22,2025-11-28,,0
6418,Mobile,Free-to-Play,6.7,27.2,27,0.0,0,4,2026-03-01,,0
6419,Console,Free-to-Play,11.0,17.6,67,0.0,0,11,2025-10-23,,0
6420,Mobile,Occasional Spender,5.9,21.4,66,18.26,0,29,2026-06-18,,0
6421,PC,Free-to-Play,8.2,19.8,43,0.0,1,37,2025-12-23,,0
6422,Console,Occasional Spender,9.4,35.9,47,6.0,0,15,2025-11-03,,0
6423,Console,Occasional Spender,11.1,34.3,68,35.35,0,18,2025-12-16,,0
6424,Console,Free-to-Play,9.8,30.9,42,0.0,0,15,2026-05-02,,0
6425,Console,Free-to-Play,4.9,7.0,0,0.0,0,40,2026-03-15,,0
6426,Mobile,Free-to-Play,4.7,17.1,67,0.0,0,33,2026-03-14,,0
6427,Console,Free-to-Play,5.7,16.9,24,0.0,0,29,2026-05-11,,0
6428,Console,Free-to-Play,3.9,0.0,33,0.0,1,45,2026-07-14,,0
6429,PC,Occasional Spender,1.1,0.0,20,51.3,1,53,2026-06-24,2026-07-10,1
6430,Mobile,Free-to-Play,5.6,22.8,25,0.0,0,33,2026-01-10,,0
6431,Mobile,Free-to-Play,0.0,7.8,14,0.0,0,48,2026-06-10,2026-06-17,1
6432,PC,Free-to-Play,10.9,31.2,77,0.0,0,22,2025-11-16,,0
6433,PC,Occasional Spender,0.7,6.0,33,5.15,1,35,2025-11-15,,0
6434,Mobile,Free-to-Play,0.0,32.4,34,0.0,0,40,2026-04-04,,0
6435,Mobile,Free-to-Play,5.0,29.0,83,0.0,1,8,2026-04-20,,0
6436,PC,Free-to-Play,0.0,11.4,20,0.0,1,43,2025-09-08,,0
6437,Mobile,Free-to-Play,2.6,26.1,44,0.0,1,23,2026-08-27,2026-09-01,1
6438,Console,Occasional Spender,11.4,12.2,20,9.67,1,12,2026-05-29,,0
6439,Mobile,Whale,7.5,10.5,31,63.11,0,6,2025-12-22,2025-12-22,1
6440,Mobile,Occasional Spender,6.1,30.2,60,27.09,1,9,2025-10-17,,0
6441,Mobile,Occasional Spender,9.1,41.2,61,7.93,1,13,2026-03-17,,0
6442,Console,Free-to-Play,0.9,12.5,26,0.0,0,44,2025-12-11,,0
6443,Console,Free-to-Play,11.0,31.6,37,0.0,1,21,2026-06-13,,0
6444,Mobile,Free-to-Play,6.8,25.5,70,0.0,0,0,2025-09-27,,0
6445,Mobile,Free-to-Play,1.8,0.0,0,0.0,1,49,2026-01-31,,0
6446,Mobile,Free-to-Play,2.3,33.6,44,0.0,1,35,2025-12-04,,0
6447,Mobile,Occasional Spender,14.6,28.5,68,76.62,0,18,2026-06-28,,0
6448,PC,Free-to-Play,6.1,13.9,26,0.0,1,34,2026-03-04,,0
6449,Mobile,Free-to-Play,7.9,24.1,40,0.0,1,0,2025-12-09,,0
6450,PC,Free-to-Play,6.3,38.8,70,0.0,1,12,2026-04-03,,0
6451,Mobile,Occasional Spender,6.5,38.2,65,4.19,1,30,2025-09-15,,0
6452,Mobile,Occasional Spender,8.8,30.5,74,49.31,1,3,2025-11-02,,0
6453,Mobile,Free-to-Play,6.8,44.4,80,0.0,1,34,2026-07-15,,0
6454,Mobile,Occasional Spender,7.0,9.2,20,12.48,1,27,2025-10-29,,0
6455,Mobile,Occasional Spender,2.4,8.0,16,6.22,1,48,2026-04-14,,0
6456,Mobile,Free-to-Play,2.0,24.7,34,0.0,0,14,2026-01-29,,0
6457,Mobile,Occasional Spender,0.4,4.7,21,26.48,1,44,2026-04-04,,0
6458,Console,Free-to-Play,9.1,12.1,57,0.0,1,19,2025-12-18,,0
6459,Mobile,Free-to-Play,6.1,32.8,65,0.0,0,23,2026-03-28,,0
6460,Mobile,Free-to-Play,2.3,7.5,18,0.0,1,45,2026-03-16,2026-04-25,1
6461,Mobile,Free-to-Play,8.8,28.3,57,0.0,0,20,2026-01-31,,0
6462,PC,Free-to-Play,2.4,19.3,26,0.0,1,39,2026-06-13,,0
6463,Console,Free-to-Play,6.7,24.9,23,0.0,0,26,2026-03-29,2026-04-02,1
6464,PC,Free-to-Play,4.9,4.3,24,0.0,0,24,2026-08-13,,0
6465,PC,Free-to-Play,10.9,27.0,56,0.0,1,0,2026-08-10,2026-08-20,1
6466,Console,Free-to-Play,1.6,15.5,0,0.0,1,36,2026-01-05,2026-01-13,1
6467,Mobile,Free-to-Play,7.7,18.4,85,0.0,0,27,2026-05-22,,0
6468,Console,Free-to-Play,8.9,29.4,52,0.0,0,28,2025-12-30,2026-01-06,1
6469,PC,Free-to-Play,8.0,9.1,39,0.0,0,32,2025-11-27,,0
6470,Mobile,Occasional Spender,4.4,18.3,58,12.29,0,30,2026-01-01,,0
6471,Mobile,Occasional Spender,5.7,41.7,26,28.57,1,37,2026-03-31,,0
6472,Mobile,Free-to-Play,6.7,17.9,16,0.0,0,41,2026-02-07,,0
6473,Mobile,Occasional Spender,6.1,0.0,61,9.44,1,25,2025-11-19,,0
6474,Console,Free-to-Play,6.9,37.9,50,0.0,0,25,2026-04-29,,0
6475,Mobile,Whale,5.4,44.5,83,464.64,1,29,2026-04-01,,0
6476,PC,Free-to-Play,10.1,56.2,62,0.0,0,24,2026-06-04,,0
6477,Console,Free-to-Play,11.6,47.1,95,0.0,1,0,2026-06-19,,0
6478,Mobile,Free-to-Play,4.1,3.3,50,0.0,0,34,2026-08-08,,0
6479,Mobile,Free-to-Play,8.0,33.2,51,0.0,0,30,2026-08-06,,0
6480,PC,Free-to-Play,5.2,32.4,22,0.0,0,36,2026-07-08,2026-08-18,1
6481,Console,Free-to-Play,10.6,38.3,70,0.0,0,0,2025-11-24,,0
6482,Mobile,Free-to-Play,8.0,29.0,18,0.0,0,24,2026-01-14,,0
6483,Mobile,Free-to-Play,8.8,12.7,36,0.0,0,21,2026-07-30,2026-08-01,1
6484,PC,Occasional Spender,3.1,10.5,12,4.67,1,36,2025-11-24,,0
6485,Console,Free-to-Play,11.2,4.2,77,0.0,0,0,2025-12-01,,0
6486,Mobile,Occasional Spender,2.5,0.0,25,22.9,0,57,2025-10-04,,0
6487,Mobile,Free-to-Play,12.2,39.1,105,0.0,0,0,2025-09-12,,0
6488,Console,Whale,7.8,16.3,3,16.01,0,21,2026-08-01,,0
6489,Mobile,Free-to-Play,5.7,0.0,3,0.0,0,19,2026-02-21,,0
6490,Mobile,Occasional Spender,8.7,19.1,37,29.56,0,31,2025-11-07,,0
6491,PC,Occasional Spender,6.2,20.5,53,3.89,0,30,2026-06-05,2026-06-08,1
6492,Mobile,Occasional Spender,5.5,1.4,2,22.58,0,44,2026-01-25,,0
6493,Mobile,Occasional Spender,4.5,22.6,17,4.99,0,23,2026-07-29,2026-08-05,1
6494,PC,Free-to-Play,2.8,19.2,17,0.0,0,42,2026-05-14,,0
6495,PC,Occasional Spender,5.4,18.9,22,6.73,0,21,2025-09-08,,0
6496,PC,Free-to-Play,8.9,50.4,45,0.0,0,0,2025-12-10,,0
6497,Mobile,Free-to-Play,4.8,26.9,95,0.0,0,0,2026-05-28,,0
6498,PC,Whale,12.9,54.6,58,287.96,0,0,2025-09-04,,0
6499,PC,Free-to-Play,3.4,33.4,42,0.0,0,28,2026-06-19,,0
6500,Console,Free-to-Play,6.5,19.4,39,0.0,0,33,2026-04-15,,0
6501,PC,Occasional Spender,0.0,6.5,13,30.99,0,53,2026-03-22,2026-04-10,1
6502,PC,Free-to-Play,8.6,28.4,34,0.0,0,6,2026-01-14,,0
6503,Console,Free-to-Play,7.2,40.5,57,0.0,0,17,2026-05-28,,0
6504,Console,Free-to-Play,4.5,38.5,54,0.0,1,14,2026-05-28,,0
6505,Mobile,Occasional Spender,11.7,28.5,96,26.94,0,30,2025-12-30,,0
6506,Console,Occasional Spender,4.1,26.2,53,13.52,0,38,2026-06-18,,0
6507,Console,Free-to-Play,7.8,13.5,43,0.0,0,27,2026-07-11,,0
6508,Mobile,Free-to-Play,4.9,15.0,45,0.0,0,39,2026-07-08,,0
6509,Mobile,Free-to-Play,7.2,34.1,42,0.0,1,32,2026-05-04,,0
6510,PC,Free-to-Play,2.3,2.3,20,0.0,1,28,2026-08-20,2026-08-28,1
6511,Mobile,Free-to-Play,0.8,0.0,24,0.0,0,31,2026-08-19,2026-09-01,1
6512,PC,Whale,9.9,39.1,74,238.08,0,2,2025-12-10,,0
6513,PC,Free-to-Play,3.5,21.8,15,0.0,0,47,2026-02-15,2026-03-17,1
6514,Mobile,Free-to-Play,6.4,13.5,25,0.0,1,53,2026-07-09,,0
6515,Mobile,Free-to-Play,7.9,20.5,57,0.0,0,3,2026-05-30,,0
6516,Console,Free-to-Play,8.5,18.1,92,0.0,0,5,2025-12-28,,0
6517,Mobile,Free-to-Play,7.2,16.9,0,0.0,0,19,2025-11-12,,0
6518,PC,Free-to-Play,12.2,15.5,57,0.0,1,22,2025-10-18,,0
6519,Mobile,Free-to-Play,2.5,20.0,39,0.0,1,40,2026-06-13,,0
6520,Mobile,Occasional Spender,6.8,34.4,67,16.22,0,25,2025-10-26,,0
6521,PC,Free-to-Play,4.9,10.1,16,0.0,0,46,2026-03-29,2026-03-29,1
6522,Mobile,Free-to-Play,1.6,29.5,38,0.0,0,41,2026-05-14,,0
6523,PC,Occasional Spender,3.1,24.7,32,8.39,0,30,2026-02-02,,0
6524,PC,Free-to-Play,10.5,49.3,48,0.0,1,20,2026-07-17,,0
6525,Mobile,Free-to-Play,5.8,16.5,0,0.0,0,32,2026-03-15,,0
6526,Mobile,Free-to-Play,5.2,30.4,58,0.0,0,11,2026-03-23,,0
6527,PC,Free-to-Play,8.8,17.1,10,0.0,0,44,2026-01-26,,0
6528,PC,Free-to-Play,2.5,11.6,53,0.0,0,24,2026-06-26,,0
6529,PC,Free-to-Play,10.6,43.5,81,0.0,0,9,2026-08-09,,0
6530,PC,Free-to-Play,6.8,4.0,46,0.0,0,44,2026-04-17,2026-05-29,1
6531,Mobile,Free-to-Play,8.5,46.0,77,0.0,0,19,2025-09-07,,0
6532,Mobile,Free-to-Play,9.6,31.4,64,0.0,0,17,2026-02-05,,0
6533,PC,Free-to-Play,9.4,30.6,38,0.0,0,32,2026-02-13,,0
6534,PC,Free-to-Play,10.9,40.1,35,0.0,1,7,2026-01-08,,0
6535,Console,Occasional Spender,4.2,6.3,13,16.82,0,50,2026-02-27,,0
6536,Mobile,Free-to-Play,2.7,33.9,48,0.0,0,28,2026-06-13,,0
6537,PC,Free-to-Play,9.7,23.9,38,0.0,0,17,2025-09-06,,0
6538,PC,Free-to-Play,5.6,31.0,57,0.0,0,34,2026-06-10,,0
6539,Mobile,Free-to-Play,7.7,31.8,60,0.0,1,25,2026-01-10,,0
6540,PC,Free-to-Play,7.2,40.6,77,0.0,0,0,2025-10-19,,0
6541,PC,Free-to-Play,7.4,27.2,70,0.0,0,18,2026-01-03,,0
6542,Mobile,Free-to-Play,5.5,23.7,39,0.0,0,12,2025-09-21,,0
6543,Mobile,Free-to-Play,0.2,3.0,0,0.0,1,46,2026-06-28,,0
6544,Mobile,Occasional Spender,0.5,18.5,44,37.19,1,48,2026-01-09,,0
6545,Console,Free-to-Play,5.7,17.7,24,0.0,0,58,2026-07-29,2026-08-19,1
6546,Mobile,Occasional Spender,4.0,24.5,39,10.57,0,23,2026-02-09,2026-02-25,1
6547,Mobile,Free-to-Play,3.5,25.6,70,0.0,0,32,2026-06-26,2026-07-03,1
6548,Mobile,Free-to-Play,3.4,6.7,0,0.0,1,44,2026-01-03,,0
6549,Mobile,Free-to-Play,11.8,23.5,65,0.0,0,18,2026-05-04,,0
6550,Mobile,Free-to-Play,4.7,9.5,32,0.0,1,14,2026-07-16,,0
6551,PC,Occasional Spender,5.9,6.9,49,8.31,0,34,2025-10-19,,0
6552,Mobile,Free-to-Play,10.8,21.4,15,0.0,1,24,2025-10-08,2025-10-09,1
6553,Mobile,Free-to-Play,8.5,32.5,38,0.0,0,27,2026-06-30,,0
6554,Mobile,Free-to-Play,7.1,18.4,51,0.0,1,16,2026-06-16,,0
6555,Mobile,Free-to-Play,0.4,3.5,11,0.0,0,60,2026-08-18,2026-09-01,1
6556,Mobile,Occasional Spender,3.5,5.2,35,13.16,1,42,2025-12-30,,0
6557,PC,Free-to-Play,0.0,18.3,29,0.0,0,33,2025-10-09,2025-11-10,1
6558,PC,Occasional Spender,1.9,3.6,9,38.04,1,24,2026-06-11,,0
6559,PC,Occasional Spender,12.9,37.6,74,22.61,0,17,2026-03-20,,0
6560,Mobile,Free-to-Play,7.7,15.8,14,0.0,0,38,2025-12-17,,0
6561,Console,Free-to-Play,6.2,19.8,35,0.0,1,25,2026-03-23,2026-03-30,1
6562,PC,Free-to-Play,2.3,29.1,57,0.0,1,25,2025-11-29,,0
6563,Mobile,Free-to-Play,2.6,21.8,25,0.0,1,32,2025-11-29,,0
6564,Mobile,Free-to-Play,2.5,23.6,40,0.0,0,34,2025-12-04,,0
6565,PC,Occasional Spender,6.4,25.2,38,22.26,0,15,2025-12-14,2025-12-20,1
6566,Mobile,Whale,3.6,42.6,36,682.1,1,31,2026-03-28,,0
6567,Mobile,Free-to-Play,7.6,31.2,65,0.0,0,23,2026-04-10,,0
6568,PC,Occasional Spender,8.8,0.0,17,37.63,0,37,2026-01-22,,0
6569,Mobile,Whale,7.4,30.2,29,82.27,0,16,2026-07-23,,0
6570,Console,Free-to-Play,5.5,22.6,49,0.0,0,17,2026-01-25,2026-01-29,1
6571,Mobile,Occasional Spender,1.0,13.6,25,69.19,0,36,2026-08-20,,0
6572,Mobile,Free-to-Play,0.0,1.8,0,0.0,0,54,2025-12-12,2026-03-05,1
6573,Mobile,Free-to-Play,0.0,0.0,33,0.0,0,47,2026-01-23,2026-01-24,1
6574,Mobile,Free-to-Play,4.0,11.2,48,0.0,1,21,2026-03-02,,0
6575,Console,Free-to-Play,2.6,25.4,0,0.0,0,36,2026-05-13,2026-06-13,1
6576,Console,Occasional Spender,7.9,20.0,8,4.16,0,14,2026-02-27,,0
6577,Console,Free-to-Play,2.8,29.4,49,0.0,0,28,2026-01-12,,0
6578,PC,Occasional Spender,10.0,20.3,52,26.6,1,10,2025-12-25,,0
6579,Mobile,Free-to-Play,8.0,5.9,10,0.0,0,42,2025-09-29,2025-10-03,1
6580,Mobile,Free-to-Play,9.0,22.3,37,0.0,1,28,2026-06-30,,0
6581,Mobile,Free-to-Play,4.8,9.8,31,0.0,0,34,2026-08-15,2026-09-01,1
6582,Console,Free-to-Play,6.1,29.9,32,0.0,1,41,2026-01-05,,0
6583,Mobile,Free-to-Play,8.7,25.4,59,0.0,0,36,2026-07-03,,0
6584,Mobile,Free-to-Play,8.8,18.1,67,0.0,0,20,2026-07-08,,0
6585,PC,Free-to-Play,1.7,18.3,65,0.0,1,35,2026-05-23,,0
6586,PC,Free-to-Play,11.5,17.3,70,0.0,1,7,2025-12-10,,0
6587,Mobile,Free-to-Play,3.8,33.5,39,0.0,1,24,2026-08-09,,0
6588,PC,Free-to-Play,4.6,38.0,33,0.0,0,22,2026-04-12,,0
6589,PC,Free-to-Play,6.7,18.0,50,0.0,0,18,2026-07-24,,0
6590,Console,Free-to-Play,7.7,14.7,52,0.0,0,27,2025-10-29,,0
6591,Mobile,Occasional Spender,8.5,38.9,56,27.21,0,4,2025-11-26,,0
6592,Mobile,Free-to-Play,9.4,41.2,56,0.0,0,14,2026-07-30,,0
6593,Mobile,Occasional Spender,7.9,22.9,22,3.26,0,19,2026-05-24,,0
6594,Console,Free-to-Play,2.4,11.9,16,0.0,0,46,2026-03-16,2026-03-26,1
6595,Console,Free-to-Play,8.3,27.2,51,0.0,0,20,2026-03-18,,0
6596,PC,Occasional Spender,7.4,29.8,45,4.31,1,3,2026-07-01,,0
6597,Mobile,Occasional Spender,4.6,34.7,31,23.78,0,43,2026-03-14,,0
6598,Mobile,Free-to-Play,10.7,24.8,38,0.0,0,17,2025-10-18,2025-10-31,1
6599,PC,Free-to-Play,7.6,35.7,24,0.0,0,22,2026-06-12,2026-06-15,1
6600,Mobile,Free-to-Play,7.1,37.1,52,0.0,0,21,2026-07-17,,0
6601,PC,Free-to-Play,7.8,25.7,51,0.0,1,23,2026-04-13,,0
6602,Console,Occasional Spender,6.3,0.0,16,26.01,0,30,2026-03-07,,0
6603,Mobile,Free-to-Play,11.6,18.6,36,0.0,1,45,2026-05-20,,0
6604,Mobile,Free-to-Play,9.4,18.6,31,0.0,0,42,2026-07-24,,0
6605,Mobile,Free-to-Play,8.1,31.3,52,0.0,1,0,2026-07-31,,0
6606,Mobile,Free-to-Play,7.4,25.6,67,0.0,0,14,2025-11-13,,0
6607,PC,Free-to-Play,7.7,38.8,64,0.0,0,24,2026-07-14,,0
6608,Mobile,Free-to-Play,4.8,31.1,42,0.0,1,24,2026-05-21,,0
6609,Mobile,Occasional Spender,4.1,22.4,23,9.94,0,46,2025-11-26,,0
6610,Mobile,Free-to-Play,3.4,15.5,18,0.0,1,43,2026-01-27,,0
6611,Mobile,Free-to-Play,6.1,1.0,26,0.0,0,25,2026-08-22,,0
6612,PC,Free-to-Play,3.7,30.3,56,0.0,0,21,2026-06-30,2026-07-12,1
6613,PC,Free-to-Play,0.0,24.2,22,0.0,1,60,2026-03-13,2026-03-30,1
6614,PC,Free-to-Play,4.8,20.0,24,0.0,0,17,2026-04-25,,0
6615,PC,Free-to-Play,1.7,19.0,39,0.0,0,33,2025-09-05,,0
6616,Mobile,Whale,4.6,26.8,32,306.41,0,14,2026-07-21,,0
6617,PC,Whale,8.5,33.0,61,489.01,0,17,2026-08-22,,0
6618,Mobile,Occasional Spender,4.5,30.5,38,10.95,0,34,2026-02-11,,0
6619,Console,Occasional Spender,4.5,15.8,11,12.65,0,33,2025-09-15,,0
6620,Mobile,Free-to-Play,8.3,40.9,61,0.0,1,9,2026-08-30,,0
6621,Mobile,Free-to-Play,4.9,28.5,45,0.0,1,9,2025-11-02,,0
6622,Mobile,Free-to-Play,3.6,16.9,0,0.0,0,48,2025-09-03,,0
6623,PC,Occasional Spender,5.7,17.6,15,12.92,0,33,2026-04-02,,0
6624,Mobile,Free-to-Play,8.4,9.3,5,0.0,1,29,2026-04-02,,0
6625,Console,Free-to-Play,8.0,19.7,82,0.0,0,27,2025-09-03,,0
6626,Mobile,Free-to-Play,5.9,19.7,39,0.0,0,29,2026-01-14,,0
6627,Console,Free-to-Play,2.7,11.8,23,0.0,0,46,2026-02-13,2026-02-19,1
6628,PC,Free-to-Play,6.2,13.6,37,0.0,0,34,2026-05-19,,0
6629,Mobile,Free-to-Play,10.5,38.2,73,0.0,0,12,2025-09-25,,0
6630,Mobile,Free-to-Play,11.7,40.5,71,0.0,0,18,2026-05-31,,0
6631,Mobile,Free-to-Play,1.2,34.1,16,0.0,1,15,2026-04-10,,0
6632,Console,Occasional Spender,6.5,40.5,67,12.5,1,19,2025-10-27,,0
6633,Console,Free-to-Play,9.2,18.1,74,0.0,1,25,2026-02-26,,0
6634,Mobile,Free-to-Play,4.9,7.0,32,0.0,0,21,2025-11-28,,0
6635,Mobile,Free-to-Play,3.8,20.2,39,0.0,1,18,2025-09-02,2025-09-22,1
6636,Mobile,Free-to-Play,3.6,26.7,0,0.0,0,13,2026-01-09,2026-02-10,1
6637,Mobile,Occasional Spender,11.6,33.4,45,44.78,1,12,2026-07-03,,0
6638,PC,Free-to-Play,8.7,34.2,78,0.0,0,18,2025-11-30,,0
6639,Mobile,Occasional Spender,0.0,1.4,26,4.48,0,50,2026-01-25,,0
6640,Mobile,Free-to-Play,6.1,19.7,37,0.0,0,14,2026-06-29,2026-07-24,1
6641,Console,Free-to-Play,4.8,0.4,23,0.0,0,41,2026-07-22,,0
6642,PC,Whale,8.6,56.9,88,415.52,0,9,2025-09-25,,0
6643,PC,Free-to-Play,5.8,30.4,69,0.0,0,21,2026-07-24,,0
6644,Mobile,Occasional Spender,6.2,34.8,37,18.04,0,22,2026-03-19,,0
6645,Console,Free-to-Play,10.9,23.5,85,0.0,1,10,2025-09-06,,0
6646,PC,Free-to-Play,3.4,33.7,33,0.0,0,18,2025-10-18,,0
6647,PC,Free-to-Play,4.9,34.1,37,0.0,0,9,2025-10-29,,0
6648,Mobile,Free-to-Play,6.9,40.2,50,0.0,0,18,2025-12-06,,0
6649,Console,Occasional Spender,9.8,35.1,55,3.21,0,1,2026-03-10,2026-04-14,1
6650,PC,Free-to-Play,7.1,46.7,50,0.0,1,5,2026-05-19,,0
6651,Console,Free-to-Play,9.4,14.4,64,0.0,0,24,2025-10-08,,0
6652,PC,Free-to-Play,9.7,35.6,46,0.0,0,31,2026-02-05,2026-03-02,1
6653,PC,Free-to-Play,7.1,25.1,42,0.0,1,29,2026-04-09,,0
6654,PC,Free-to-Play,7.5,12.6,41,0.0,0,19,2025-09-13,,0
6655,Console,Whale,7.2,44.0,9,860.62,0,16,2026-04-18,,0
6656,Mobile,Free-to-Play,9.5,53.9,40,0.0,1,5,2026-08-18,,0
6657,Mobile,Free-to-Play,4.6,8.7,47,0.0,0,25,2026-01-24,,0
6658,PC,Free-to-Play,2.0,18.8,18,0.0,0,24,2026-03-29,,0
6659,PC,Free-to-Play,0.0,9.2,0,0.0,0,56,2026-01-16,2026-02-07,1
6660,PC,Free-to-Play,4.9,24.1,56,0.0,1,34,2026-01-17,2026-01-17,1
6661,PC,Occasional Spender,9.3,47.7,57,31.53,0,25,2026-01-14,,0
6662,PC,Free-to-Play,5.9,48.8,44,0.0,0,20,2026-04-29,,0
6663,PC,Occasional Spender,6.1,24.9,28,38.65,0,30,2026-05-31,,0
6664,Mobile,Free-to-Play,0.8,33.9,45,0.0,0,24,2026-05-07,,0
6665,Console,Free-to-Play,2.1,27.4,55,0.0,0,35,2025-09-13,2025-09-18,1
6666,Mobile,Occasional Spender,7.1,28.9,67,16.14,0,15,2025-12-01,,0
6667,PC,Occasional Spender,2.7,15.0,13,49.2,1,24,2026-04-10,,0
6668,Console,Occasional Spender,8.7,39.6,53,6.42,0,32,2025-10-01,,0
6669,Mobile,Free-to-Play,4.6,10.7,39,0.0,1,28,2025-11-25,,0
6670,Mobile,Whale,5.3,8.3,22,52.28,0,31,2026-02-16,2026-02-25,1
6671,Mobile,Occasional Spender,6.8,27.3,44,29.08,0,27,2025-11-12,,0
6672,PC,Occasional Spender,3.4,20.3,24,5.83,1,28,2025-09-19,,0
6673,Mobile,Free-to-Play,5.2,0.1,0,0.0,0,42,2026-02-05,2026-03-02,1
6674,Mobile,Whale,0.0,0.5,7,152.71,1,25,2026-07-26,,0
6675,Console,Free-to-Play,8.0,29.6,52,0.0,0,23,2026-03-27,,0
6676,Mobile,Occasional Spender,12.7,28.0,70,8.91,0,8,2026-06-09,,0
6677,PC,Free-to-Play,5.9,35.1,22,0.0,0,39,2025-12-19,,0
6678,PC,Occasional Spender,7.5,34.2,61,0.58,0,6,2026-07-30,2026-08-15,1
6679,Mobile,Occasional Spender,6.7,24.3,27,19.12,0,20,2026-03-14,2026-05-22,1
6680,Mobile,Free-to-Play,4.5,26.2,70,0.0,0,31,2026-03-26,2026-04-05,1
6681,Console,Free-to-Play,7.4,47.6,74,0.0,0,6,2026-04-13,,0
6682,PC,Free-to-Play,6.0,31.8,59,0.0,0,21,2026-01-15,,0
6683,Mobile,Occasional Spender,6.0,30.3,50,16.26,1,30,2026-02-13,,0
6684,PC,Occasional Spender,3.8,33.9,34,1.05,0,25,2026-06-19,2026-06-22,1
6685,PC,Occasional Spender,8.9,48.0,62,41.87,0,38,2025-11-12,,0
6686,Mobile,Occasional Spender,5.1,23.7,57,30.24,0,20,2026-03-21,,0
6687,PC,Free-to-Play,4.7,25.9,19,0.0,0,39,2026-07-05,,0
6688,Mobile,Free-to-Play,0.0,5.6,17,0.0,0,39,2025-12-25,2026-01-22,1
6689,Mobile,Free-to-Play,3.9,19.4,38,0.0,0,35,2026-04-10,,0
6690,Console,Occasional Spender,1.9,18.4,1,10.43,0,22,2026-01-10,2026-02-02,1
6691,Mobile,Free-to-Play,3.8,3.9,31,0.0,0,14,2025-11-29,,0
6692,Mobile,Occasional Spender,6.7,24.2,52,17.83,0,19,2026-01-14,,0
6693,Mobile,Whale,5.5,20.7,0,318.29,1,26,2025-09-22,,0
6694,PC,Free-to-Play,5.4,8.5,2,0.0,0,33,2026-01-22,,0
6695,PC,Occasional Spender,7.9,33.9,40,21.99,0,20,2026-04-14,,0
6696,Console,Free-to-Play,6.3,26.8,52,0.0,0,24,2025-09-05,,0
6697,Mobile,Free-to-Play,7.0,27.5,60,0.0,1,5,2026-02-25,,0
6698,PC,Free-to-Play,8.6,33.8,68,0.0,0,29,2025-12-14,,0
6699,PC,Free-to-Play,7.8,41.5,63,0.0,1,27,2026-05-03,,0
6700,Mobile,Free-to-Play,3.8,10.5,6,0.0,1,56,2025-10-04,2025-11-01,1
6701,Mobile,Free-to-Play,6.7,23.8,5,0.0,0,52,2025-09-22,,0
6702,Console,Free-to-Play,4.0,24.9,35,0.0,0,25,2025-09-18,,0
6703,Mobile,Free-to-Play,3.6,3.6,46,0.0,1,25,2026-04-12,,0
6704,PC,Free-to-Play,6.9,27.2,66,0.0,0,20,2025-10-22,,0
6705,PC,Free-to-Play,0.0,0.0,24,0.0,0,35,2025-12-29,2026-01-21,1
6706,Mobile,Occasional Spender,4.1,26.5,44,6.93,0,12,2026-07-28,,0
6707,Console,Free-to-Play,10.9,37.6,70,0.0,0,26,2025-10-01,,0
6708,Console,Free-to-Play,7.0,45.4,65,0.0,0,8,2026-02-19,,0
6709,Mobile,Whale,12.6,39.8,83,107.75,0,0,2026-02-18,2026-02-22,1
6710,PC,Occasional Spender,2.2,22.2,11,50.84,0,32,2026-04-14,,0
6711,Mobile,Free-to-Play,11.2,6.2,38,0.0,0,24,2025-10-24,2025-11-14,1
6712,PC,Occasional Spender,2.4,14.4,20,10.33,1,33,2026-07-27,,0
6713,Mobile,Free-to-Play,4.2,2.9,42,0.0,0,31,2026-04-13,,0
6714,Mobile,Occasional Spender,4.1,20.3,27,12.27,0,36,2026-02-07,,0
6715,Mobile,Free-to-Play,7.2,49.5,54,0.0,1,1,2026-06-21,,0
6716,Mobile,Free-to-Play,12.1,43.7,30,0.0,0,12,2026-06-15,,0
6717,Mobile,Free-to-Play,10.8,42.7,73,0.0,1,2,2026-01-19,,0
6718,Mobile,Occasional Spender,10.4,27.5,71,12.25,0,29,2026-01-31,,0
6719,Console,Free-to-Play,1.7,8.8,47,0.0,0,24,2025-11-06,2025-11-22,1
6720,Mobile,Free-to-Play,8.2,26.5,56,0.0,0,19,2025-11-06,,0
6721,Mobile,Free-to-Play,2.4,29.0,44,0.0,0,40,2026-08-25,,0
6722,Mobile,Occasional Spender,7.4,44.3,82,9.04,0,17,2026-04-10,,0
6723,PC,Free-to-Play,6.8,7.5,51,0.0,0,37,2025-10-26,,0
6724,Mobile,Free-to-Play,9.5,34.7,70,0.0,1,0,2025-09-19,,0
6725,PC,Free-to-Play,9.5,15.9,52,0.0,0,15,2026-07-28,,0
6726,PC,Occasional Spender,9.8,38.1,50,22.77,0,19,2025-11-25,2025-12-27,1
6727,Mobile,Free-to-Play,5.7,6.4,25,0.0,1,35,2026-06-08,,0
6728,Console,Occasional Spender,8.3,5.1,26,49.71,1,31,2025-11-11,,0
6729,Mobile,Free-to-Play,2.3,27.8,11,0.0,0,40,2026-03-22,,0
6730,PC,Free-to-Play,6.7,16.6,1,0.0,1,47,2026-07-22,,0
6731,Mobile,Free-to-Play,10.2,22.8,40,0.0,0,35,2026-06-18,,0
6732,PC,Free-to-Play,7.4,53.2,69,0.0,1,17,2025-09-22,,0
6733,Console,Free-to-Play,2.8,32.7,47,0.0,0,41,2025-11-24,,0
6734,Mobile,Free-to-Play,0.0,4.5,61,0.0,0,34,2026-08-19,,0
6735,Mobile,Occasional Spender,3.4,22.2,17,36.6,0,17,2025-09-19,,0
6736,Mobile,Free-to-Play,14.3,32.0,69,0.0,0,9,2025-10-27,,0
6737,Mobile,Free-to-Play,3.7,26.4,44,0.0,1,35,2026-02-13,,0
6738,Console,Free-to-Play,8.1,39.0,80,0.0,0,22,2026-08-21,,0
6739,PC,Free-to-Play,4.4,26.6,50,0.0,0,20,2026-03-26,,0
6740,PC,Free-to-Play,2.3,6.7,54,0.0,0,31,2026-07-03,2026-07-23,1
6741,Console,Free-to-Play,6.1,15.4,27,0.0,0,20,2026-04-20,,0
6742,Console,Free-to-Play,4.9,18.5,59,0.0,1,39,2026-05-08,,0
6743,Console,Free-to-Play,9.0,3.7,44,0.0,0,35,2025-12-14,,0
6744,Mobile,Occasional Spender,10.2,30.2,45,8.83,0,11,2025-12-05,,0
6745,Mobile,Free-to-Play,11.2,38.5,65,0.0,1,31,2026-06-29,,0
6746,Mobile,Occasional Spender,4.1,17.5,8,7.03,0,40,2025-10-07,,0
6747,Mobile,Free-to-Play,7.4,23.8,90,0.0,1,0,2025-12-30,,0
6748,Mobile,Occasional Spender,5.6,26.3,55,95.15,0,17,2025-12-31,,0
6749,Mobile,Free-to-Play,0.0,0.0,27,0.0,0,71,2025-11-21,2025-11-29,1
6750,Mobile,Free-to-Play,7.6,22.0,34,0.0,0,46,2025-12-09,,0
6751,Mobile,Occasional Spender,8.7,37.0,36,18.4,1,18,2025-11-17,,0
6752,Mobile,Free-to-Play,7.2,13.8,71,0.0,1,13,2026-05-18,2026-05-22,1
6753,Mobile,Free-to-Play,1.8,0.9,12,0.0,0,56,2025-12-24,2026-01-02,1
6754,Mobile,Occasional Spender,8.4,34.9,46,27.01,1,6,2025-09-09,,0
6755,Mobile,Free-to-Play,2.6,30.2,54,0.0,0,39,2025-11-29,2026-02-16,1
6756,PC,Free-to-Play,6.4,24.1,68,0.0,0,20,2026-04-05,2026-04-07,1
6757,PC,Free-to-Play,1.8,23.1,13,0.0,0,45,2026-01-13,,0
6758,Mobile,Free-to-Play,10.0,40.5,50,0.0,0,12,2025-10-02,,0
6759,Mobile,Whale,2.7,31.7,33,895.48,1,28,2026-01-04,,0
6760,Mobile,Free-to-Play,6.5,32.1,16,0.0,1,35,2025-11-20,,0
6761,Mobile,Free-to-Play,15.3,57.8,65,0.0,0,0,2025-10-11,,0
6762,Mobile,Free-to-Play,5.2,5.2,57,0.0,0,53,2026-04-19,,0
6763,Console,Occasional Spender,8.3,30.1,40,2.99,0,14,2026-05-01,,0
6764,Mobile,Occasional Spender,8.8,39.9,37,65.46,0,9,2026-04-28,,0
6765,Mobile,Free-to-Play,14.9,51.9,61,0.0,0,13,2026-04-19,,0
6766,PC,Whale,3.5,2.0,33,192.7,0,51,2025-12-26,2026-01-01,1
6767,PC,Free-to-Play,6.8,25.6,4,0.0,0,26,2026-03-07,,0
6768,Mobile,Occasional Spender,1.4,6.3,14,4.03,0,34,2025-09-22,,0
6769,Mobile,Free-to-Play,3.0,36.9,70,0.0,0,21,2025-12-24,2025-12-28,1
6770,Console,Free-to-Play,2.2,5.5,65,0.0,0,19,2025-12-29,2026-01-15,1
6771,Mobile,Free-to-Play,9.9,17.4,53,0.0,0,25,2025-09-19,,0
6772,PC,Whale,4.4,7.8,66,35.09,0,21,2025-10-23,,0
6773,PC,Occasional Spender,7.5,22.4,57,7.18,1,31,2026-08-20,2026-09-01,1
6774,Mobile,Free-to-Play,10.0,56.2,58,0.0,0,16,2025-09-13,,0
6775,PC,Free-to-Play,6.7,15.9,43,0.0,0,39,2025-10-14,,0
6776,Mobile,Free-to-Play,0.4,7.2,38,0.0,0,39,2026-05-03,,0
6777,Mobile,Free-to-Play,1.8,19.7,6,0.0,1,28,2026-06-07,,0
6778,Mobile,Free-to-Play,6.8,20.9,48,0.0,0,27,2026-02-16,,0
6779,Console,Free-to-Play,3.1,17.9,31,0.0,0,34,2025-09-01,,0
6780,Mobile,Free-to-Play,2.6,25.1,39,0.0,0,29,2026-01-21,,0
6781,Mobile,Free-to-Play,9.4,8.6,31,0.0,0,25,2026-02-01,,0
6782,Console,Occasional Spender,7.6,34.9,67,27.01,0,16,2026-06-13,,0
6783,Mobile,Free-to-Play,3.3,29.0,43,0.0,0,15,2025-10-08,,0
6784,Console,Free-to-Play,6.6,36.4,65,0.0,0,16,2025-11-13,,0
6785,PC,Free-to-Play,12.4,47.6,69,0.0,0,22,2026-08-11,,0
6786,PC,Free-to-Play,0.0,12.8,14,0.0,0,29,2026-05-28,,0
6787,PC,Free-to-Play,8.5,24.5,25,0.0,0,36,2025-10-14,2025-11-16,1
6788,PC,Occasional Spender,3.9,30.7,34,54.72,1,12,2025-12-16,,0
6789,Mobile,Free-to-Play,6.4,15.8,42,0.0,0,12,2026-04-06,2026-04-09,1
6790,Console,Free-to-Play,5.8,21.6,39,0.0,0,6,2026-02-21,2026-03-10,1
6791,Console,Occasional Spender,6.8,5.7,26,5.83,0,43,2026-07-16,2026-07-18,1
6792,Console,Free-to-Play,4.2,1.8,32,0.0,0,40,2025-10-30,2025-11-22,1
6793,PC,Free-to-Play,5.6,31.7,66,0.0,1,31,2026-01-13,,0
6794,PC,Occasional Spender,1.9,20.5,8,16.73,0,50,2026-02-26,,0
6795,PC,Free-to-Play,9.1,26.4,47,0.0,1,21,2026-01-20,,0
6796,Mobile,Free-to-Play,9.5,38.1,77,0.0,0,5,2026-01-29,,0
6797,Mobile,Occasional Spender,5.9,11.8,34,64.56,0,22,2026-03-26,,0
6798,PC,Occasional Spender,6.3,13.4,39,38.87,0,31,2026-06-26,,0
6799,PC,Free-to-Play,1.7,39.7,44,0.0,0,42,2026-03-09,,0
6800,Mobile,Free-to-Play,4.9,11.5,48,0.0,0,17,2025-11-10,2025-12-26,1
6801,Mobile,Occasional Spender,3.9,0.0,0,17.25,1,52,2026-08-12,2026-09-01,1
6802,PC,Free-to-Play,5.1,27.6,66,0.0,0,4,2026-04-07,,0
6803,Mobile,Free-to-Play,4.5,13.3,13,0.0,0,42,2025-11-05,,0
6804,Console,Free-to-Play,8.2,37.0,79,0.0,0,15,2026-02-01,,0
6805,PC,Occasional Spender,4.5,39.0,14,17.62,1,27,2026-08-22,,0
6806,Mobile,Free-to-Play,10.1,18.8,52,0.0,1,21,2025-10-27,,0
6807,Mobile,Free-to-Play,0.0,0.9,9,0.0,0,35,2026-08-12,2026-08-27,1
6808,PC,Free-to-Play,2.4,31.5,0,0.0,0,37,2026-03-10,2026-03-16,1
6809,Mobile,Free-to-Play,9.4,33.0,52,0.0,0,24,2026-07-21,,0
6810,Console,Occasional Spender,11.0,32.1,14,0.53,0,32,2026-05-23,,0
6811,Mobile,Free-to-Play,10.8,13.3,30,0.0,1,43,2026-04-10,,0
6812,Mobile,Free-to-Play,9.2,45.4,77,0.0,0,13,2026-05-27,,0
6813,Mobile,Occasional Spender,6.1,26.5,25,1.31,0,22,2025-10-16,2025-11-12,1
6814,PC,Free-to-Play,8.9,27.6,32,0.0,1,11,2026-02-06,,0
6815,Console,Free-to-Play,6.3,6.0,33,0.0,1,52,2026-04-22,,0
6816,Console,Free-to-Play,8.0,28.0,44,0.0,1,34,2026-05-17,,0
6817,Mobile,Occasional Spender,9.9,45.1,45,25.08,1,26,2026-03-03,,0
6818,Console,Occasional Spender,7.9,14.6,64,34.56,0,22,2026-04-30,,0
6819,Mobile,Occasional Spender,8.3,18.2,29,21.55,0,28,2025-11-10,2025-11-18,1
6820,PC,Free-to-Play,6.3,25.9,50,0.0,0,26,2026-06-07,,0
6821,Console,Free-to-Play,5.5,19.8,55,0.0,0,18,2025-12-23,,0
6822,Mobile,Free-to-Play,7.0,31.0,37,0.0,0,16,2026-03-22,,0
6823,Console,Whale,2.0,28.3,60,8.64,0,19,2026-05-27,,0
6824,Mobile,Free-to-Play,0.0,15.4,16,0.0,0,37,2026-03-14,2026-05-05,1
6825,Mobile,Free-to-Play,5.7,26.0,58,0.0,0,36,2026-07-19,,0
6826,PC,Occasional Spender,9.7,41.4,82,23.44,0,17,2026-02-21,,0
6827,Console,Free-to-Play,2.6,15.1,13,0.0,0,41,2025-12-13,,0
6828,Mobile,Free-to-Play,12.0,22.8,63,0.0,0,0,2026-01-27,,0
6829,Console,Free-to-Play,4.4,25.4,25,0.0,0,28,2026-08-26,,0
6830,Mobile,Free-to-Play,5.0,12.8,48,0.0,0,27,2026-01-29,,0
6831,PC,Whale,1.9,11.1,13,255.14,0,31,2026-08-22,,0
6832,PC,Free-to-Play,10.5,34.6,37,0.0,1,16,2026-04-19,,0
6833,Mobile,Whale,7.9,30.0,77,226.61,0,18,2026-01-12,,0
6834,PC,Free-to-Play,4.5,26.0,26,0.0,0,22,2025-10-07,,0
6835,PC,Free-to-Play,8.8,36.0,67,0.0,0,11,2025-09-09,,0
6836,PC,Occasional Spender,7.7,32.9,61,49.83,0,9,2026-02-26,,0
6837,Mobile,Occasional Spender,6.1,43.1,47,22.35,1,13,2026-06-15,2026-06-28,1
6838,Mobile,Free-to-Play,3.9,27.0,57,0.0,1,44,2025-11-01,,0
6839,Console,Free-to-Play,6.0,28.0,43,0.0,0,18,2026-04-24,,0
6840,PC,Occasional Spender,6.6,25.3,27,23.68,0,9,2026-02-09,,0
6841,Console,Occasional Spender,5.2,8.7,24,7.69,1,49,2026-06-20,,0
6842,PC,Free-to-Play,7.1,33.9,14,0.0,1,29,2026-04-18,,0
6843,Console,Free-to-Play,7.3,5.2,19,0.0,1,40,2026-03-09,,0
6844,Mobile,Free-to-Play,9.0,16.4,20,0.0,0,27,2025-12-05,,0
6845,Mobile,Free-to-Play,8.7,24.6,74,0.0,1,25,2025-10-07,,0
6846,PC,Free-to-Play,8.9,25.2,61,0.0,0,18,2026-06-28,,0
6847,Mobile,Free-to-Play,4.0,14.9,29,0.0,0,37,2026-02-08,,0
6848,Mobile,Free-to-Play,5.0,3.2,34,0.0,0,36,2025-09-12,,0
6849,PC,Free-to-Play,3.8,32.4,13,0.0,0,21,2026-08-25,,0
6850,Console,Free-to-Play,7.8,30.9,97,0.0,1,5,2026-02-04,,0
6851,PC,Free-to-Play,7.8,24.7,46,0.0,0,30,2025-11-24,,0
6852,Mobile,Free-to-Play,4.8,36.2,86,0.0,0,0,2026-07-24,,0
6853,Console,Free-to-Play,6.8,17.6,53,0.0,1,21,2025-12-31,,0
6854,Mobile,Occasional Spender,6.6,38.4,65,51.18,0,39,2026-03-31,,0
6855,Mobile,Free-to-Play,4.5,4.9,31,0.0,0,26,2026-01-24,,0
6856,Console,Free-to-Play,7.9,6.6,22,0.0,1,33,2025-12-14,,0
6857,PC,Free-to-Play,9.0,17.9,45,0.0,1,16,2026-07-10,2026-07-16,1
6858,Console,Free-to-Play,5.8,16.5,17,0.0,0,56,2026-08-07,2026-09-01,1
6859,Console,Free-to-Play,5.9,28.2,60,0.0,0,15,2026-05-08,,0
6860,PC,Free-to-Play,8.0,11.6,4,0.0,0,41,2026-05-28,,0
6861,Mobile,Free-to-Play,3.9,3.7,0,0.0,1,48,2026-05-18,,0
6862,Mobile,Free-to-Play,5.0,25.1,52,0.0,0,18,2025-09-28,,0
6863,Console,Free-to-Play,7.7,24.8,61,0.0,1,12,2025-12-24,,0
6864,Console,Free-to-Play,4.8,1.9,24,0.0,0,28,2026-04-23,2026-05-01,1
6865,Mobile,Free-to-Play,6.0,25.5,54,0.0,0,20,2026-01-22,,0
6866,Mobile,Free-to-Play,4.9,39.1,81,0.0,0,10,2026-07-04,,0
6867,Mobile,Free-to-Play,7.3,24.4,60,0.0,0,32,2026-06-26,,0
6868,Mobile,Occasional Spender,2.5,39.9,45,5.63,0,29,2026-07-27,2026-08-11,1
6869,Console,Free-to-Play,0.0,0.0,16,0.0,1,44,2026-03-29,,0
6870,Mobile,Free-to-Play,5.2,16.2,67,0.0,0,28,2026-01-18,,0
6871,Mobile,Free-to-Play,0.0,8.0,12,0.0,1,51,2026-02-27,,0
6872,Console,Free-to-Play,2.0,18.1,42,0.0,0,44,2026-02-09,2026-03-10,1
6873,PC,Occasional Spender,0.0,0.0,54,36.32,1,32,2026-07-03,,0
6874,Mobile,Free-to-Play,0.0,13.8,26,0.0,0,49,2026-01-07,2026-01-09,1
6875,Mobile,Free-to-Play,5.8,26.0,27,0.0,1,12,2026-02-11,,0
6876,Mobile,Free-to-Play,4.9,3.2,25,0.0,0,3,2025-09-16,2025-09-25,1
6877,Mobile,Occasional Spender,3.1,6.9,10,8.01,1,58,2026-06-02,2026-06-22,1
6878,Mobile,Free-to-Play,7.9,8.6,40,0.0,0,28,2026-08-10,,0
6879,Mobile,Occasional Spender,7.3,18.1,47,28.67,0,27,2026-03-18,,0
6880,Mobile,Whale,6.1,0.0,57,369.48,0,24,2026-06-20,,0
6881,Mobile,Occasional Spender,11.1,35.2,62,6.85,0,4,2026-06-29,,0
6882,Mobile,Free-to-Play,6.5,51.6,56,0.0,1,6,2026-06-07,,0
6883,Console,Free-to-Play,6.5,22.9,19,0.0,0,33,2025-12-26,,0
6884,Mobile,Free-to-Play,8.9,2.3,60,0.0,0,19,2026-03-29,,0
6885,Mobile,Occasional Spender,4.5,23.8,37,22.02,1,24,2025-10-16,,0
6886,Console,Free-to-Play,2.1,13.3,5,0.0,0,26,2026-07-18,,0
6887,Mobile,Free-to-Play,3.6,0.0,15,0.0,0,51,2025-09-25,,0
6888,Mobile,Free-to-Play,0.0,8.4,0,0.0,0,52,2026-04-04,,0
6889,Console,Occasional Spender,6.3,42.7,54,26.3,0,8,2026-02-18,,0
6890,PC,Occasional Spender,3.6,13.1,35,5.08,0,34,2025-11-07,,0
6891,Mobile,Free-to-Play,11.8,23.6,58,0.0,0,3,2026-03-05,,0
6892,PC,Free-to-Play,5.0,0.0,22,0.0,0,28,2026-07-03,,0
6893,PC,Occasional Spender,5.7,4.9,9,10.94,0,37,2026-06-05,,0
6894,Mobile,Occasional Spender,4.0,22.1,31,22.37,1,29,2025-10-01,,0
6895,Mobile,Occasional Spender,0.4,5.6,4,49.16,0,30,2026-08-06,,0
6896,Mobile,Free-to-Play,10.4,27.1,53,0.0,0,17,2025-10-03,,0
6897,Console,Free-to-Play,4.7,30.9,31,0.0,1,44,2025-12-28,,0
6898,Mobile,Occasional Spender,0.7,13.0,24,26.01,0,42,2026-02-25,2026-03-19,1
6899,Mobile,Free-to-Play,0.0,9.9,17,0.0,0,42,2026-05-08,,0
6900,PC,Free-to-Play,5.2,25.1,48,0.0,0,30,2025-10-22,2025-10-25,1
6901,Console,Free-to-Play,8.6,11.3,60,0.0,0,34,2026-08-20,,0
6902,Mobile,Free-to-Play,0.0,0.0,24,0.0,0,27,2025-12-15,2025-12-21,1
6903,Mobile,Occasional Spender,13.9,37.5,83,21.99,0,18,2026-06-16,,0
6904,Mobile,Free-to-Play,2.1,2.6,26,0.0,0,49,2026-04-23,,0
6905,PC,Free-to-Play,1.2,0.6,45,0.0,0,21,2026-08-08,,0
6906,Mobile,Free-to-Play,2.4,12.0,32,0.0,1,31,2026-02-07,,0
6907,Console,Occasional Spender,0.0,19.3,14,45.05,0,36,2026-07-09,,0
6908,Mobile,Occasional Spender,0.8,13.8,0,12.38,0,46,2026-07-20,,0
6909,Mobile,Free-to-Play,10.6,40.9,76,0.0,1,11,2026-05-03,,0
6910,Mobile,Occasional Spender,8.7,16.5,26,22.3,0,35,2026-03-04,,0
6911,Mobile,Free-to-Play,0.0,26.3,43,0.0,0,28,2025-09-21,,0
6912,Mobile,Occasional Spender,3.4,6.6,44,4.05,0,27,2025-11-02,,0
6913,PC,Occasional Spender,6.6,23.7,50,12.58,0,23,2026-04-07,,0
6914,Mobile,Free-to-Play,0.3,24.1,42,0.0,0,31,2026-01-30,2026-02-14,1
6915,PC,Whale,5.8,21.2,0,147.75,0,3,2025-11-23,,0
6916,Mobile,Free-to-Play,7.9,22.8,81,0.0,0,16,2026-04-14,,0
6917,PC,Free-to-Play,1.7,29.1,22,0.0,0,46,2025-11-24,,0
6918,Mobile,Free-to-Play,5.2,15.1,42,0.0,0,36,2026-01-01,,0
6919,PC,Occasional Spender,6.4,27.0,69,17.95,0,5,2025-12-18,,0
6920,Mobile,Free-to-Play,1.7,0.0,28,0.0,1,43,2025-09-09,,0
6921,Console,Free-to-Play,6.6,16.1,18,0.0,0,42,2026-04-16,,0
6922,Console,Free-to-Play,11.7,41.5,38,0.0,0,0,2026-08-07,,0
6923,Console,Whale,8.6,45.9,50,61.21,0,8,2026-02-17,,0
6924,Console,Free-to-Play,3.2,13.9,27,0.0,0,35,2026-05-03,2026-05-05,1
6925,Mobile,Free-to-Play,6.2,19.4,9,0.0,0,39,2026-08-10,,0
6926,PC,Free-to-Play,8.9,42.4,51,0.0,0,15,2026-07-06,,0
6927,Mobile,Occasional Spender,11.0,46.8,50,59.59,1,23,2026-02-18,,0
6928,Console,Free-to-Play,6.2,25.6,53,0.0,0,16,2025-09-16,,0
6929,Mobile,Free-to-Play,5.4,2.5,28,0.0,0,0,2026-04-30,,0
6930,Mobile,Whale,0.0,2.3,48,81.93,1,45,2026-02-13,2026-03-03,1
6931,PC,Free-to-Play,7.7,25.3,60,0.0,0,15,2026-06-28,,0
6932,Mobile,Free-to-Play,9.0,27.3,54,0.0,0,27,2026-07-15,2026-08-01,1
6933,PC,Occasional Spender,12.3,33.2,65,9.1,0,14,2025-11-19,,0
6934,Mobile,Free-to-Play,2.9,26.2,0,0.0,0,40,2026-01-20,,0
6935,PC,Free-to-Play,9.8,7.2,38,0.0,1,22,2026-06-23,,0
6936,Console,Free-to-Play,9.8,20.3,68,0.0,0,13,2026-03-02,,0
6937,PC,Occasional Spender,8.7,37.4,71,11.94,0,7,2026-02-01,,0
6938,Mobile,Occasional Spender,5.2,36.0,50,50.18,0,12,2026-08-10,,0
6939,Mobile,Free-to-Play,9.5,0.0,18,0.0,1,9,2026-05-14,,0
6940,Mobile,Free-to-Play,12.5,22.2,80,0.0,0,0,2025-10-20,,0
6941,Mobile,Free-to-Play,11.4,23.3,52,0.0,1,20,2026-04-21,,0
6942,PC,Free-to-Play,14.4,47.4,73,0.0,1,0,2025-12-16,,0
6943,Mobile,Free-to-Play,6.5,55.3,61,0.0,0,0,2026-01-23,,0
6944,Mobile,Free-to-Play,3.5,21.0,19,0.0,0,19,2026-08-30,,0
6945,Mobile,Free-to-Play,1.7,31.5,67,0.0,0,12,2025-09-20,,0
6946,Console,Free-to-Play,8.9,16.4,44,0.0,1,20,2025-09-15,,0
6947,Mobile,Free-to-Play,10.2,38.4,78,0.0,0,0,2025-12-31,,0
6948,Mobile,Free-to-Play,1.8,20.9,10,0.0,0,58,2026-07-04,,0
6949,Mobile,Free-to-Play,8.2,54.7,74,0.0,0,0,2025-10-27,,0
6950,Mobile,Free-to-Play,2.3,9.1,23,0.0,0,32,2026-08-31,,0
6951,Console,Free-to-Play,6.1,12.6,28,0.0,0,15,2026-02-26,2026-03-01,1
6952,Mobile,Free-to-Play,13.1,41.9,65,0.0,1,15,2026-03-29,,0
6953,PC,Free-to-Play,4.8,29.3,26,0.0,1,37,2025-12-20,,0
6954,PC,Free-to-Play,11.7,33.7,53,0.0,0,4,2026-07-11,,0
6955,Console,Occasional Spender,4.9,1.5,31,28.54,0,23,2025-10-16,2025-10-25,1
6956,PC,Occasional Spender,7.1,12.0,57,14.31,0,34,2026-02-04,,0
6957,PC,Occasional Spender,8.5,23.2,62,31.02,0,10,2026-05-28,,0
6958,Mobile,Free-to-Play,3.4,5.7,47,0.0,0,27,2026-05-10,,0
6959,Mobile,Occasional Spender,9.3,24.2,62,3.69,0,21,2025-12-24,,0
6960,PC,Free-to-Play,8.7,26.3,25,0.0,0,31,2026-06-25,,0
6961,PC,Free-to-Play,9.6,50.1,93,0.0,1,19,2026-05-15,,0
6962,PC,Free-to-Play,7.1,10.6,36,0.0,0,18,2025-09-06,,0
6963,Mobile,Free-to-Play,8.1,22.2,56,0.0,0,15,2025-10-14,,0
6964,Mobile,Free-to-Play,4.8,42.8,89,0.0,1,11,2026-05-02,,0
6965,Mobile,Free-to-Play,13.5,44.3,43,0.0,1,0,2026-02-10,,0
6966,Mobile,Occasional Spender,8.6,26.8,88,50.93,0,10,2026-04-02,,0
6967,Mobile,Free-to-Play,7.3,6.5,26,0.0,0,29,2026-06-19,2026-07-27,1
6968,Mobile,Free-to-Play,8.1,30.3,44,0.0,1,12,2026-05-16,,0
6969,PC,Occasional Spender,2.6,22.2,46,29.26,1,15,2026-07-23,,0
6970,PC,Free-to-Play,0.5,0.9,0,0.0,1,54,2025-10-30,,0
6971,PC,Free-to-Play,5.7,24.8,29,0.0,1,33,2026-06-03,,0
6972,PC,Free-to-Play,3.0,9.1,9,0.0,0,57,2026-06-21,,0
6973,Mobile,Free-to-Play,4.9,5.4,46,0.0,0,23,2026-01-11,,0
6974,Mobile,Whale,8.3,34.9,86,1427.92,0,12,2026-07-16,,0
6975,PC,Free-to-Play,5.3,18.5,30,0.0,1,35,2025-09-16,,0
6976,Console,Occasional Spender,12.7,34.7,50,1.98,0,18,2025-10-14,,0
6977,PC,Free-to-Play,0.0,9.0,18,0.0,1,54,2026-04-03,2026-04-10,1
6978,PC,Occasional Spender,16.6,50.8,43,1.26,0,20,2026-06-26,,0
6979,PC,Occasional Spender,6.0,9.5,24,15.63,0,11,2026-07-11,,0
6980,PC,Free-to-Play,5.7,11.9,22,0.0,0,40,2025-10-22,,0
6981,PC,Free-to-Play,4.5,36.4,49,0.0,0,31,2026-03-24,,0
6982,PC,Free-to-Play,7.2,7.4,54,0.0,1,20,2026-02-01,,0
6983,Mobile,Free-to-Play,7.1,24.2,52,0.0,1,38,2026-07-17,,0
6984,Mobile,Occasional Spender,1.0,25.7,23,51.05,0,51,2025-11-04,,0
6985,Mobile,Free-to-Play,4.7,37.4,33,0.0,0,30,2026-02-24,,0
6986,PC,Free-to-Play,6.7,20.7,47,0.0,0,29,2026-08-06,,0
6987,PC,Occasional Spender,0.0,13.5,1,38.61,1,32,2026-08-04,,0
6988,Mobile,Free-to-Play,7.3,12.8,48,0.0,0,31,2025-09-14,2025-09-27,1
6989,Mobile,Free-to-Play,5.6,38.3,42,0.0,1,35,2026-08-11,,0
6990,PC,Occasional Spender,0.2,0.0,26,39.34,1,21,2026-05-14,2026-05-20,1
6991,Mobile,Occasional Spender,11.0,11.3,31,15.66,0,35,2026-08-27,,0
6992,Console,Free-to-Play,0.0,9.6,26,0.0,0,41,2026-08-10,2026-09-01,1
6993,Mobile,Free-to-Play,6.9,31.5,85,0.0,0,0,2025-11-08,,0
6994,Mobile,Whale,2.7,14.0,36,458.75,0,41,2025-11-25,,0
6995,Mobile,Occasional Spender,3.5,24.6,38,5.2,1,36,2026-05-03,,0
6996,Mobile,Free-to-Play,5.6,38.9,31,0.0,1,23,2026-06-27,,0
6997,Mobile,Free-to-Play,10.7,42.9,111,0.0,1,0,2026-06-02,,0
6998,Mobile,Free-to-Play,1.6,0.0,0,0.0,0,61,2026-04-25,2026-04-25,1
6999,Mobile,Occasional Spender,10.7,48.0,86,42.39,1,0,2025-11-21,,0
7000,Mobile,Occasional Spender,7.3,25.8,66,41.98,1,23,2026-01-26,,0
