user_id,subscription_tier,monthly_revenue,listening_hours,playlist_saves,concerts_attended,merchandise_spend,days_since_last_activity,signup_date,churn_date,churned
1001,Free,0.0,33.2,25,0,163.53,27,2026-08-11,,0
1002,Free,0.0,40.3,21,1,182.0,13,2025-12-27,,0
1003,Free,0.0,36.3,28,1,197.15,25,2025-11-01,,0
1004,Free,0.0,35.0,19,0,4.59,34,2026-03-23,,0
1005,Free,0.0,48.3,9,3,258.86,0,2026-01-31,,0
1006,Free,0.0,37.7,23,7,263.38,8,2026-03-07,,0
1007,Free,0.0,24.2,20,0,87.25,33,2025-12-31,,0
1008,Premium,18.99,19.6,14,1,108.32,45,2026-08-13,2026-08-22,1
1009,Premium,18.99,48.2,14,4,241.0,20,2026-01-18,,0
1010,Premium,18.99,38.3,33,1,331.89,26,2026-03-18,,0
1011,Free,0.0,18.5,6,0,138.3,72,2026-08-18,,0
1012,Premium,18.99,29.4,23,2,181.82,29,2025-11-12,,0
1013,Free,0.0,54.4,33,1,317.2,0,2026-07-07,,0
1014,Premium,18.99,27.4,24,2,116.02,35,2026-01-28,,0
1015,Student,9.99,37.8,36,3,245.24,22,2025-10-25,,0
1016,Free,0.0,36.8,19,0,78.19,41,2025-09-29,,0
1017,Free,0.0,12.2,18,0,165.46,57,2026-01-14,2026-05-17,1
1018,Premium,18.99,21.4,14,1,8.75,68,2025-12-13,2026-05-11,1
1019,Premium,18.99,20.9,44,4,241.01,7,2026-01-30,,0
1020,Premium,18.99,24.6,13,1,159.84,27,2025-11-21,,0
1021,Premium,18.99,46.7,24,2,275.37,40,2025-09-09,,0
1022,Premium,18.99,22.6,19,0,42.35,41,2026-03-17,2026-05-16,1
1023,Free,0.0,47.7,33,0,214.75,31,2026-04-03,,0
1024,Premium,18.99,28.7,19,1,120.14,51,2026-06-29,,0
1025,Free,0.0,59.7,31,4,224.27,40,2025-09-08,,0
1026,Student,9.99,30.4,11,4,116.08,49,2025-10-03,,0
1027,Free,0.0,0.0,19,0,102.31,61,2025-12-17,2026-02-24,1
1028,Premium,18.99,31.1,26,0,78.97,0,2026-01-03,2026-04-12,1
1029,Premium,18.99,21.2,28,0,94.29,29,2026-06-18,,0
1030,Free,0.0,42.8,21,3,153.54,35,2025-10-04,,0
1031,Free,0.0,24.7,18,2,176.93,25,2026-08-10,2026-08-17,1
1032,Student,9.99,61.6,29,2,273.42,19,2026-01-18,,0
1033,Premium,18.99,34.3,17,0,126.62,18,2026-05-31,2026-07-21,1
1034,Premium,18.99,14.6,9,1,150.79,43,2026-03-19,2026-04-23,1
1035,Free,0.0,64.6,31,1,193.76,30,2026-07-28,2026-08-17,1
1036,Student,9.99,5.8,0,0,89.32,60,2026-07-13,,0
1037,Student,9.99,0.0,9,1,71.67,50,2026-04-16,2026-06-18,1
1038,Free,0.0,60.2,32,6,242.45,2,2026-04-08,,0
1039,Student,9.99,9.5,22,2,230.89,14,2025-10-14,,0
1040,Free,0.0,29.0,31,1,328.62,36,2026-01-25,,0
1041,Free,0.0,45.6,28,3,171.98,19,2026-08-20,,0
1042,Student,9.99,40.0,18,2,263.45,4,2025-09-26,,0
1043,Premium,18.99,25.4,19,1,158.82,39,2026-01-21,,0
1044,Free,0.0,0.0,22,0,52.38,70,2025-11-02,,0
1045,Free,0.0,16.4,23,0,100.06,48,2025-09-28,2026-06-06,1
1046,Premium,18.99,30.6,0,1,79.48,47,2026-02-25,2026-03-26,1
1047,Premium,18.99,48.8,33,0,0.0,14,2026-06-27,,0
1048,Student,9.99,40.0,39,1,348.9,5,2026-03-21,,0
1049,Free,0.0,0.0,6,0,7.41,58,2025-12-24,2026-03-05,1
1050,Premium,18.99,18.1,14,3,114.09,48,2026-08-19,,0
1051,Student,9.99,58.6,35,4,257.99,19,2025-09-20,,0
1052,Premium,18.99,34.0,24,2,97.74,44,2026-04-25,,0
1053,Free,0.0,30.9,18,2,211.42,16,2026-01-03,2026-03-23,1
1054,Free,0.0,16.9,34,4,192.07,32,2025-09-07,,0
1055,Free,0.0,41.7,25,3,137.46,32,2025-10-20,,0
1056,Premium,18.99,16.4,10,1,137.21,32,2025-12-04,2026-07-12,1
1057,Free,0.0,18.4,16,1,55.47,51,2026-05-14,2026-06-20,1
1058,Free,0.0,32.2,16,4,263.88,32,2026-02-21,,0
1059,Student,9.99,32.3,24,6,117.02,37,2026-03-01,,0
1060,Premium,18.99,12.8,4,1,0.01,35,2025-10-21,,0
1061,Free,0.0,77.2,51,0,318.76,27,2026-08-17,,0
1062,Premium,18.99,10.0,0,0,0.0,81,2026-08-23,2026-08-26,1
1063,Premium,18.99,5.2,0,0,0.0,68,2026-07-19,2026-07-21,1
1064,Free,0.0,15.4,4,0,17.7,53,2025-09-16,2026-01-09,1
1065,Premium,18.99,4.9,18,0,105.11,49,2026-02-15,2026-05-18,1
1066,Premium,18.99,20.0,26,0,149.56,26,2025-12-19,,0
1067,Free,0.0,2.3,34,5,122.58,36,2026-07-28,,0
1068,Free,0.0,48.5,31,0,83.78,16,2026-08-27,,0
1069,Free,0.0,37.3,16,0,164.42,23,2026-01-06,2026-03-19,1
1070,Free,0.0,54.5,27,1,345.75,39,2025-12-17,,0
1071,Student,9.99,22.5,25,0,0.0,46,2026-03-29,2026-05-04,1
1072,Premium,18.99,10.1,15,2,19.4,43,2026-08-01,2026-08-17,1
1073,Premium,18.99,11.6,5,5,139.05,54,2026-03-06,,0
1074,Free,0.0,47.4,17,1,257.37,26,2026-01-10,2026-03-27,1
1075,Student,9.99,46.9,22,2,79.11,13,2026-06-15,,0
1076,Free,0.0,47.4,32,1,322.38,9,2026-05-14,,0
1077,Student,9.99,19.8,23,1,301.56,24,2025-12-02,,0
1078,Free,0.0,47.1,27,3,106.29,22,2026-06-15,2026-07-11,1
1079,Premium,18.99,23.7,14,0,232.71,47,2026-07-26,,0
1080,Premium,18.99,20.3,16,1,176.67,28,2026-01-14,,0
1081,Free,0.0,11.6,3,0,126.17,50,2026-08-23,,0
1082,Premium,18.99,24.5,26,5,136.25,35,2026-03-26,,0
1083,Student,9.99,28.9,21,1,221.05,33,2026-02-05,,0
1084,Premium,18.99,37.7,20,3,236.48,26,2026-08-08,2026-08-20,1
1085,Student,9.99,42.8,29,1,359.82,32,2026-01-05,,0
1086,Free,0.0,20.0,11,0,161.94,44,2025-11-04,2026-04-12,1
1087,Premium,18.99,33.9,32,1,165.13,9,2025-09-10,,0
1088,Free,0.0,38.8,13,0,358.49,44,2026-05-26,,0
1089,Student,9.99,32.0,24,0,272.39,21,2026-05-04,2026-07-01,1
1090,Free,0.0,66.3,31,2,217.22,15,2026-01-18,,0
1091,Premium,18.99,29.1,18,3,103.92,40,2026-01-25,,0
1092,Premium,18.99,37.5,31,3,125.62,14,2026-01-21,2026-05-05,1
1093,Free,0.0,40.4,33,5,152.02,0,2026-05-09,,0
1094,Student,9.99,23.5,8,0,62.8,63,2026-08-11,,0
1095,Premium,18.99,1.1,13,0,188.02,29,2026-08-22,2026-08-24,1
1096,Free,0.0,11.4,6,0,76.37,59,2025-09-01,2025-12-01,1
1097,Student,9.99,34.1,39,7,222.69,0,2026-04-05,,0
1098,Premium,18.99,16.9,2,1,67.15,55,2026-03-21,2026-07-10,1
1099,Free,0.0,12.1,17,1,110.03,32,2026-01-15,,0
1100,Premium,18.99,25.2,29,1,200.96,46,2026-06-18,,0
1101,Student,9.99,25.3,27,0,34.65,47,2026-04-14,,0
1102,Premium,18.99,51.4,28,1,166.36,53,2026-03-25,,0
1103,Free,0.0,40.7,26,3,278.63,5,2026-07-28,,0
1104,Free,0.0,0.6,5,0,0.0,48,2026-01-23,2026-02-01,1
1105,Free,0.0,12.2,10,4,208.4,50,2026-06-22,,0
1106,Premium,18.99,12.7,16,2,86.47,42,2026-08-30,,0
1107,Premium,18.99,31.2,20,1,122.16,3,2026-01-17,,0
1108,Premium,18.99,20.6,0,0,121.61,43,2026-05-14,2026-07-07,1
1109,Free,0.0,19.4,14,2,125.25,33,2025-12-12,,0
1110,Student,9.99,41.8,18,2,124.98,66,2026-02-17,,0
1111,Premium,18.99,35.8,23,2,75.33,42,2026-08-21,,0
1112,Premium,18.99,13.7,19,3,175.95,38,2025-12-21,,0
1113,Free,0.0,12.4,12,1,232.27,57,2026-08-17,,0
1114,Premium,18.99,34.2,31,4,122.53,0,2026-05-09,,0
1115,Free,0.0,53.8,34,2,253.77,10,2025-12-24,,0
1116,Free,0.0,20.8,23,0,130.93,31,2026-04-06,,0
1117,Premium,18.99,38.2,35,3,446.4,12,2026-04-13,,0
1118,Student,9.99,12.9,25,1,180.75,42,2026-06-12,,0
1119,Free,0.0,44.1,26,2,206.18,26,2026-03-22,,0
1120,Student,9.99,32.6,14,1,15.35,50,2026-05-17,,0
1121,Premium,18.99,54.2,28,1,132.97,23,2025-09-20,,0
1122,Free,0.0,36.8,19,1,209.58,44,2025-12-24,,0
1123,Premium,18.99,38.3,23,1,100.36,28,2025-10-04,2025-12-09,1
1124,Free,0.0,22.0,11,0,0.0,60,2026-04-30,,0
1125,Free,0.0,32.1,25,1,218.24,40,2025-09-19,,0
1126,Student,9.99,32.1,33,2,261.88,21,2026-05-21,,0
1127,Student,9.99,7.0,0,0,39.91,88,2026-05-11,2026-05-22,1
1128,Free,0.0,0.0,5,1,2.76,54,2026-05-15,2026-06-08,1
1129,Student,9.99,44.1,34,4,288.33,0,2026-01-28,,0
1130,Premium,18.99,24.1,14,4,54.25,42,2026-01-20,,0
1131,Student,9.99,30.3,4,1,182.79,35,2026-08-08,2026-08-26,1
1132,Premium,18.99,18.2,10,1,59.25,77,2026-02-08,,0
1133,Premium,18.99,37.9,21,0,189.87,22,2025-09-18,2026-02-09,1
1134,Student,9.99,39.1,18,4,268.62,26,2026-04-05,,0
1135,Student,9.99,41.5,36,1,197.86,21,2025-12-19,,0
1136,Student,9.99,56.3,27,1,229.65,7,2026-01-13,,0
1137,Student,9.99,1.8,13,0,0.0,59,2025-09-08,,0
1138,Free,0.0,22.7,16,1,0.0,45,2026-01-09,,0
1139,Free,0.0,59.4,6,1,154.01,44,2026-03-13,,0
1140,Free,0.0,36.1,24,2,164.03,48,2026-08-27,,0
1141,Free,0.0,42.0,22,1,111.68,27,2025-11-11,2026-06-05,1
1142,Premium,18.99,17.4,12,2,61.46,32,2026-04-30,,0
1143,Student,9.99,31.6,9,0,213.8,63,2025-09-28,2025-11-03,1
1144,Student,9.99,29.9,14,1,172.91,31,2026-06-03,,0
1145,Student,9.99,17.7,3,1,0.0,80,2026-03-25,2026-06-29,1
1146,Premium,18.99,21.5,0,0,65.57,64,2025-11-02,,0
1147,Student,9.99,40.9,29,2,181.0,52,2026-07-07,,0
1148,Student,9.99,62.6,32,3,205.51,20,2026-05-23,,0
1149,Premium,18.99,50.1,26,2,179.88,0,2025-11-15,,0
1150,Free,0.0,47.9,25,3,221.78,0,2026-05-08,,0
1151,Student,9.99,27.9,18,2,171.17,52,2025-09-16,2026-01-07,1
1152,Student,9.99,18.1,9,4,218.25,30,2026-02-16,2026-05-05,1
1153,Premium,18.99,40.9,33,3,188.8,10,2025-11-03,,0
1154,Premium,18.99,53.8,32,4,303.72,14,2026-02-13,,0
1155,Premium,18.99,19.1,21,2,182.22,25,2026-08-15,,0
1156,Student,9.99,22.1,1,0,0.0,39,2025-11-08,2025-12-31,1
1157,Free,0.0,18.0,14,1,117.57,48,2026-03-31,,0
1158,Student,9.99,23.1,19,1,50.8,44,2026-04-12,,0
1159,Premium,18.99,36.6,27,2,275.22,22,2025-12-06,2026-04-23,1
1160,Premium,18.99,48.3,26,2,348.13,23,2026-05-21,,0
1161,Premium,18.99,25.1,18,1,113.78,38,2026-03-28,2026-07-13,1
1162,Free,0.0,51.4,41,3,214.88,25,2026-01-21,,0
1163,Premium,18.99,48.9,21,3,321.26,14,2026-01-27,,0
1164,Premium,18.99,45.7,33,4,336.2,27,2025-12-09,,0
1165,Premium,18.99,7.9,4,0,0.02,29,2026-08-01,2026-08-05,1
1166,Premium,18.99,50.2,19,5,186.8,30,2025-09-03,,0
1167,Student,9.99,0.0,9,2,47.14,53,2026-01-22,,0
1168,Premium,18.99,15.0,8,1,31.11,40,2026-01-18,,0
1169,Free,0.0,44.9,25,2,274.74,26,2025-10-13,,0
1170,Free,0.0,20.5,20,0,32.36,62,2026-03-05,,0
1171,Premium,18.99,0.0,16,1,31.76,30,2026-08-20,,0
1172,Premium,18.99,40.6,17,0,220.88,25,2026-07-14,,0
1173,Premium,18.99,25.0,7,2,25.93,47,2025-09-20,2026-03-05,1
1174,Free,0.0,27.9,16,0,0.0,41,2025-09-05,,0
1175,Free,0.0,24.4,12,1,169.75,35,2026-08-01,2026-08-14,1
1176,Free,0.0,36.1,42,3,187.86,0,2025-12-24,,0
1177,Premium,18.99,2.7,9,0,187.35,57,2026-01-02,2026-03-21,1
1178,Premium,18.99,59.5,36,4,391.14,9,2026-07-02,,0
1179,Premium,18.99,37.3,26,0,210.85,22,2025-11-17,,0
1180,Free,0.0,26.7,22,1,301.3,41,2026-03-17,,0
1181,Student,9.99,19.0,4,2,160.89,35,2026-06-08,,0
1182,Premium,18.99,9.3,18,1,20.81,57,2026-02-08,2026-04-26,1
1183,Free,0.0,82.8,40,5,98.36,2,2025-10-05,,0
1184,Premium,18.99,11.7,5,1,127.22,40,2026-06-13,2026-07-19,1
1185,Student,9.99,16.6,14,1,62.77,37,2026-01-18,,0
1186,Free,0.0,25.2,38,1,194.36,39,2025-12-07,,0
1187,Free,0.0,59.2,34,0,253.35,13,2026-01-15,,0
1188,Premium,18.99,58.7,37,3,169.86,18,2026-01-06,,0
1189,Premium,18.99,9.5,7,0,46.84,43,2025-12-10,,0
1190,Premium,18.99,24.8,18,0,176.28,42,2026-06-07,,0
1191,Premium,18.99,0.0,0,0,9.44,46,2026-07-25,2026-08-15,1
1192,Student,9.99,1.7,9,0,40.39,43,2025-09-04,,0
1193,Premium,18.99,45.0,23,0,67.03,30,2026-05-07,,0
1194,Premium,18.99,27.3,34,3,170.51,35,2025-09-19,,0
1195,Free,0.0,0.0,0,1,0.0,44,2026-05-26,2026-07-01,1
1196,Premium,18.99,50.4,20,1,227.92,19,2026-05-27,,0
1197,Free,0.0,7.6,19,0,26.86,47,2026-08-22,2026-08-27,1
1198,Free,0.0,11.6,8,0,49.62,65,2026-03-23,2026-05-12,1
1199,Student,9.99,46.0,19,1,299.59,26,2025-09-21,,0
1200,Premium,18.99,23.5,11,1,103.18,43,2025-10-09,,0
1201,Free,0.0,52.5,30,1,239.98,10,2026-05-12,,0
1202,Student,9.99,17.4,7,1,189.61,32,2026-04-05,,0
1203,Premium,18.99,0.0,6,1,0.0,54,2025-12-30,,0
1204,Free,0.0,41.8,22,4,304.8,3,2025-09-17,,0
1205,Premium,18.99,32.2,20,3,212.29,29,2026-01-23,,0
1206,Premium,18.99,43.4,21,1,238.53,40,2026-06-19,,0
1207,Free,0.0,17.4,11,1,0.0,62,2026-04-23,2026-06-16,1
1208,Free,0.0,39.9,23,0,180.44,34,2025-12-10,,0
1209,Premium,18.99,0.0,4,1,0.0,75,2026-08-23,2026-08-25,1
1210,Free,0.0,42.3,21,5,267.26,4,2026-01-25,2026-07-15,1
1211,Free,0.0,25.9,9,0,195.23,30,2025-11-24,2026-02-09,1
1212,Premium,18.99,31.3,8,1,85.15,53,2026-04-27,,0
1213,Premium,18.99,31.3,28,1,71.75,63,2026-02-16,,0
1214,Premium,18.99,0.0,7,0,151.02,55,2025-12-13,2026-01-13,1
1215,Student,9.99,24.9,13,0,108.53,49,2026-01-26,2026-07-03,1
1216,Premium,18.99,33.0,23,3,307.7,32,2026-08-23,,0
1217,Premium,18.99,49.7,16,2,245.18,21,2026-01-30,,0
1218,Premium,18.99,38.3,24,1,225.46,25,2026-06-08,,0
1219,Premium,18.99,6.2,10,1,61.73,34,2025-12-04,2026-02-22,1
1220,Premium,18.99,9.1,10,0,225.73,8,2026-05-28,,0
1221,Student,9.99,9.8,0,0,78.3,77,2025-09-08,2025-10-03,1
1222,Free,0.0,40.1,15,1,232.27,32,2026-07-20,,0
1223,Student,9.99,30.5,27,0,160.98,13,2025-10-10,,0
1224,Student,9.99,57.7,41,2,244.73,17,2026-08-19,,0
1225,Free,0.0,38.9,13,2,185.47,41,2025-12-25,,0
1226,Student,9.99,19.7,8,1,186.15,59,2026-04-25,,0
1227,Premium,18.99,27.8,21,1,251.07,41,2026-06-21,,0
1228,Student,9.99,26.8,22,2,134.02,30,2026-06-13,2026-07-13,1
1229,Free,0.0,52.2,28,2,70.52,13,2026-08-17,,0
1230,Free,0.0,31.1,18,0,185.93,36,2026-07-14,,0
1231,Free,0.0,38.1,24,1,52.4,44,2026-04-10,,0
1232,Premium,18.99,20.2,12,1,126.62,16,2026-07-05,,0
1233,Student,9.99,28.0,30,1,142.11,36,2025-09-12,,0
1234,Free,0.0,26.0,18,1,36.53,50,2025-11-03,,0
1235,Premium,18.99,37.7,19,3,216.9,36,2026-03-12,,0
1236,Free,0.0,20.9,5,1,196.76,68,2026-07-28,2026-08-05,1
1237,Free,0.0,3.6,27,0,113.29,51,2025-09-06,,0
1238,Premium,18.99,29.8,17,2,201.11,3,2025-12-10,,0
1239,Student,9.99,52.4,42,4,430.66,27,2026-06-26,,0
1240,Premium,18.99,29.7,25,1,277.22,23,2026-08-12,,0
1241,Premium,18.99,30.8,11,1,75.32,58,2026-01-17,,0
1242,Premium,18.99,45.2,40,1,279.06,0,2026-08-17,2026-08-31,1
1243,Free,0.0,29.1,16,0,196.92,11,2026-01-19,,0
1244,Premium,18.99,60.8,34,0,311.76,42,2026-03-23,2026-06-16,1
1245,Premium,18.99,54.7,32,4,308.01,7,2025-10-14,,0
1246,Free,0.0,59.3,30,6,73.93,4,2026-04-14,,0
1247,Premium,18.99,36.3,21,2,102.51,38,2026-03-21,,0
1248,Student,9.99,48.5,30,2,245.86,21,2026-02-13,,0
1249,Premium,18.99,37.9,14,3,18.61,62,2025-09-07,,0
1250,Premium,18.99,54.4,44,5,0.0,19,2025-12-18,,0
1251,Student,9.99,29.0,22,0,131.85,15,2025-12-30,,0
1252,Free,0.0,20.4,27,1,171.59,38,2026-05-10,,0
1253,Premium,18.99,28.7,15,3,78.16,52,2026-03-08,2026-03-29,1
1254,Student,9.99,50.1,34,3,183.36,0,2026-06-22,,0
1255,Free,0.0,23.5,24,2,191.61,43,2026-04-11,,0
1256,Free,0.0,38.9,17,0,197.31,0,2025-11-04,,0
1257,Premium,18.99,26.6,22,2,113.49,48,2026-07-26,,0
1258,Free,0.0,9.9,1,0,119.22,57,2026-07-02,,0
1259,Student,9.99,50.7,25,1,235.52,24,2026-01-30,,0
1260,Premium,18.99,8.7,17,2,12.79,59,2025-11-13,,0
1261,Free,0.0,54.6,33,3,162.7,13,2025-09-10,2026-05-21,1
1262,Student,9.99,40.6,29,6,213.22,22,2026-01-29,,0
1263,Free,0.0,31.6,33,1,257.67,27,2026-01-04,,0
1264,Premium,18.99,8.1,0,1,9.49,63,2026-05-18,2026-06-14,1
1265,Premium,18.99,22.9,17,1,99.53,83,2026-04-04,2026-04-20,1
1266,Free,0.0,30.4,16,0,172.44,15,2026-05-09,,0
1267,Student,9.99,46.3,23,1,302.22,0,2026-07-23,,0
1268,Student,9.99,25.5,1,0,65.56,56,2026-04-18,2026-06-17,1
1269,Premium,18.99,23.0,14,1,103.12,29,2026-06-13,,0
1270,Free,0.0,0.0,15,0,98.45,55,2026-01-28,2026-02-12,1
1271,Student,9.99,30.7,26,1,155.06,35,2025-11-29,,0
1272,Premium,18.99,30.1,21,1,139.63,41,2025-09-08,,0
1273,Free,0.0,0.0,8,0,0.0,44,2025-10-14,,0
1274,Student,9.99,9.5,11,2,114.63,57,2026-05-07,,0
1275,Free,0.0,19.7,28,1,123.91,50,2025-09-23,,0
1276,Premium,18.99,48.8,9,6,72.94,32,2025-09-22,2025-12-04,1
1277,Free,0.0,29.8,21,3,158.74,43,2026-03-01,,0
1278,Premium,18.99,25.9,4,0,20.78,66,2026-06-18,,0
1279,Student,9.99,34.6,3,2,41.96,36,2025-11-21,,0
1280,Free,0.0,32.2,21,4,151.65,25,2026-07-21,,0
1281,Premium,18.99,13.6,25,1,177.35,55,2026-04-22,,0
1282,Premium,18.99,36.0,16,1,236.7,42,2026-02-18,,0
1283,Premium,18.99,62.5,42,5,337.99,17,2025-10-20,,0
1284,Premium,18.99,24.7,18,0,92.3,32,2025-09-09,2026-02-25,1
1285,Free,0.0,39.2,28,2,250.79,19,2025-11-06,2026-06-29,1
1286,Premium,18.99,58.1,38,3,288.77,0,2026-03-08,,0
1287,Free,0.0,22.6,0,1,6.6,57,2026-08-01,,0
1288,Free,0.0,12.0,6,1,16.06,60,2025-11-13,,0
1289,Premium,18.99,34.1,37,3,184.57,14,2025-10-23,,0
1290,Premium,18.99,9.5,12,2,185.9,41,2026-03-12,2026-04-02,1
1291,Free,0.0,12.9,13,1,151.88,59,2026-02-10,,0
1292,Free,0.0,26.2,14,1,22.31,46,2025-10-25,,0
1293,Premium,18.99,61.1,48,1,246.35,31,2026-07-14,,0
1294,Free,0.0,1.0,7,0,44.4,74,2025-11-08,,0
1295,Free,0.0,3.2,17,1,35.01,71,2026-02-25,2026-04-06,1
1296,Free,0.0,22.1,18,0,90.8,43,2025-12-24,2026-04-23,1
1297,Free,0.0,59.2,46,3,354.79,32,2026-06-23,,0
1298,Free,0.0,30.4,15,2,176.96,31,2026-01-19,,0
1299,Premium,18.99,28.1,23,1,177.29,26,2026-05-26,,0
1300,Free,0.0,39.0,33,3,281.45,0,2026-02-23,,0
1301,Student,9.99,26.7,16,1,37.46,36,2026-02-21,2026-05-09,1
1302,Premium,18.99,35.6,33,4,193.87,26,2025-09-16,,0
1303,Student,9.99,9.7,13,0,155.35,57,2025-12-30,,0
1304,Premium,18.99,30.5,31,2,268.48,14,2026-02-09,,0
1305,Premium,18.99,58.3,27,4,154.88,10,2026-04-07,,0
1306,Premium,18.99,20.2,14,1,45.19,37,2026-04-30,,0
1307,Premium,18.99,24.1,22,3,167.18,40,2026-01-05,,0
1308,Premium,18.99,30.0,11,1,164.79,49,2025-10-13,2025-12-10,1
1309,Premium,18.99,15.8,9,0,100.47,55,2026-02-04,,0
1310,Premium,18.99,21.7,3,2,122.59,38,2026-01-03,,0
1311,Free,0.0,56.3,43,1,166.03,0,2026-05-04,,0
1312,Premium,18.99,22.4,13,2,73.61,43,2026-02-09,,0
1313,Premium,18.99,21.5,27,2,0.0,47,2026-02-04,2026-05-25,1
1314,Free,0.0,49.3,27,2,194.84,25,2025-12-26,2026-05-18,1
1315,Premium,18.99,34.3,20,0,0.0,33,2026-05-08,,0
1316,Free,0.0,33.9,19,0,208.43,40,2026-04-26,,0
1317,Free,0.0,14.0,11,1,238.18,58,2026-04-22,,0
1318,Premium,18.99,43.7,23,1,163.27,41,2026-03-31,2026-04-23,1
1319,Free,0.0,36.2,40,1,93.09,22,2026-05-17,,0
1320,Student,9.99,8.2,12,0,105.21,39,2026-06-21,,0
1321,Free,0.0,52.8,43,4,402.61,0,2026-03-02,,0
1322,Premium,18.99,43.8,29,0,210.93,29,2025-10-23,,0
1323,Student,9.99,26.7,16,1,189.47,48,2026-08-20,,0
1324,Premium,18.99,50.5,37,0,231.3,15,2026-01-01,,0
1325,Premium,18.99,54.0,34,2,167.1,21,2025-11-06,,0
1326,Premium,18.99,50.1,38,5,238.4,9,2025-11-04,,0
1327,Premium,18.99,52.7,29,2,157.17,0,2025-10-24,,0
1328,Premium,18.99,38.1,32,0,384.19,42,2026-05-08,,0
1329,Student,9.99,38.1,21,1,179.8,24,2026-07-26,,0
1330,Premium,18.99,41.7,26,4,273.1,5,2025-09-02,,0
1331,Student,9.99,33.1,40,1,202.08,0,2025-12-19,,0
1332,Free,0.0,14.4,0,0,0.0,59,2026-04-23,,0
1333,Free,0.0,1.7,0,0,132.24,74,2025-10-25,,0
1334,Premium,18.99,30.1,15,1,0.0,47,2026-04-24,,0
1335,Free,0.0,26.1,17,2,225.25,41,2025-12-01,,0
1336,Student,9.99,21.1,2,1,145.36,43,2025-09-15,,0
1337,Free,0.0,1.2,12,1,46.23,74,2025-11-24,,0
1338,Student,9.99,12.3,16,0,55.33,35,2026-01-04,,0
1339,Free,0.0,27.3,25,2,150.4,24,2026-06-23,,0
1340,Premium,18.99,58.6,24,3,138.03,23,2025-09-25,,0
1341,Free,0.0,19.5,2,1,147.07,55,2026-03-29,2026-04-01,1
1342,Free,0.0,26.9,15,3,214.11,27,2026-01-16,,0
1343,Student,9.99,15.0,20,1,164.99,35,2026-01-20,,0
1344,Student,9.99,36.7,27,3,229.96,14,2026-06-03,,0
1345,Premium,18.99,26.7,24,2,307.67,16,2026-01-23,,0
1346,Student,9.99,38.7,27,0,133.8,13,2026-04-11,,0
1347,Free,0.0,42.3,31,4,114.68,12,2026-04-26,,0
1348,Premium,18.99,0.0,7,0,37.59,54,2025-10-22,2025-11-10,1
1349,Student,9.99,17.2,15,1,72.42,54,2025-12-11,2026-06-24,1
1350,Free,0.0,56.5,34,6,308.08,10,2026-03-06,,0
1351,Premium,18.99,48.4,19,1,206.1,8,2026-08-25,,0
1352,Premium,18.99,11.5,22,1,154.19,32,2025-12-16,,0
1353,Premium,18.99,8.2,12,0,116.25,38,2025-12-05,2026-06-02,1
1354,Student,9.99,41.3,16,0,282.98,18,2026-07-02,,0
1355,Student,9.99,41.1,31,1,345.34,33,2025-11-28,,0
1356,Student,9.99,2.9,11,0,93.04,26,2026-04-08,,0
1357,Free,0.0,28.3,12,0,9.55,47,2025-12-07,,0
1358,Free,0.0,48.1,23,3,252.18,19,2025-10-29,2026-05-18,1
1359,Premium,18.99,9.0,5,0,0.0,41,2025-12-19,2026-01-02,1
1360,Premium,18.99,53.2,17,0,184.13,36,2025-09-22,2026-08-09,1
1361,Student,9.99,40.3,32,1,279.02,35,2026-08-04,,0
1362,Free,0.0,53.0,23,0,286.98,11,2026-05-05,,0
1363,Premium,18.99,32.5,20,0,220.95,14,2026-08-10,,0
1364,Free,0.0,13.9,22,1,183.53,10,2026-06-30,,0
1365,Free,0.0,36.4,24,0,289.66,30,2026-04-17,,0
1366,Free,0.0,56.4,17,3,272.5,54,2026-08-23,,0
1367,Premium,18.99,44.1,32,4,220.21,47,2026-04-09,,0
1368,Premium,18.99,45.3,35,3,190.78,18,2026-07-16,,0
1369,Free,0.0,0.0,8,1,0.0,52,2026-07-21,2026-08-06,1
1370,Free,0.0,41.5,28,3,230.6,42,2025-10-30,,0
1371,Premium,18.99,25.3,24,3,230.43,23,2025-12-03,,0
1372,Student,9.99,16.6,20,0,172.14,38,2026-03-18,,0
1373,Premium,18.99,24.9,16,0,104.44,38,2026-02-05,,0
1374,Free,0.0,50.1,22,0,220.17,36,2026-05-17,2026-08-10,1
1375,Premium,18.99,37.9,9,1,76.73,60,2026-03-07,2026-08-12,1
1376,Premium,18.99,31.4,21,1,176.98,41,2025-11-21,,0
1377,Premium,18.99,18.8,21,0,124.02,34,2026-02-22,,0
1378,Free,0.0,0.0,12,0,57.99,53,2025-11-15,2026-05-27,1
1379,Premium,18.99,44.9,32,4,140.37,0,2026-03-08,,0
1380,Free,0.0,43.9,41,4,250.94,16,2026-04-21,,0
1381,Free,0.0,41.1,17,2,115.46,18,2025-10-09,,0
1382,Free,0.0,35.8,5,1,85.61,44,2025-10-07,,0
1383,Premium,18.99,34.0,29,2,241.74,24,2026-06-09,,0
1384,Student,9.99,37.2,16,0,88.35,30,2026-03-15,,0
1385,Premium,18.99,9.3,9,1,143.17,61,2025-11-23,2025-12-02,1
1386,Student,9.99,30.6,4,0,133.02,45,2026-05-28,,0
1387,Student,9.99,10.2,4,0,0.0,51,2025-12-01,,0
1388,Free,0.0,31.3,7,1,228.96,59,2025-10-07,2026-04-06,1
1389,Premium,18.99,26.2,12,2,133.83,53,2026-06-06,,0
1390,Free,0.0,51.5,31,2,281.44,6,2026-07-07,,0
1391,Student,9.99,35.5,19,1,208.13,33,2025-09-21,2026-05-21,1
1392,Free,0.0,0.0,14,1,144.32,70,2025-09-02,,0
1393,Free,0.0,24.9,28,2,192.05,31,2025-10-22,,0
1394,Student,9.99,41.5,18,1,264.03,5,2026-01-20,,0
1395,Free,0.0,29.8,34,3,247.0,29,2026-07-31,,0
1396,Free,0.0,15.4,14,0,73.44,62,2025-10-01,,0
1397,Premium,18.99,28.5,21,0,50.55,47,2026-06-20,,0
1398,Free,0.0,22.1,6,0,59.95,78,2026-06-27,,0
1399,Free,0.0,7.0,5,1,124.51,88,2025-12-13,,0
1400,Free,0.0,47.1,20,0,224.78,48,2026-04-11,,0
1401,Free,0.0,29.1,16,1,55.71,44,2025-10-19,2026-04-20,1
1402,Premium,18.99,48.8,44,2,347.65,4,2025-10-17,,0
1403,Free,0.0,21.4,8,2,78.46,25,2025-11-11,,0
1404,Student,9.99,37.7,13,5,5.5,35,2025-10-30,,0
1405,Premium,18.99,46.3,23,2,243.26,36,2026-02-13,,0
1406,Free,0.0,18.4,5,1,32.63,47,2025-10-17,2026-02-05,1
1407,Premium,18.99,14.5,9,3,279.73,11,2025-10-01,,0
1408,Premium,18.99,5.1,12,1,191.6,41,2026-05-21,,0
1409,Free,0.0,41.5,40,1,207.98,25,2026-03-29,2026-07-04,1
1410,Free,0.0,7.3,20,2,185.75,22,2026-01-18,,0
1411,Free,0.0,36.4,14,1,262.07,50,2025-10-22,2026-03-20,1
1412,Free,0.0,29.0,0,0,184.98,48,2026-04-11,,0
1413,Student,9.99,10.9,15,1,102.88,63,2026-05-29,,0
1414,Student,9.99,6.4,12,1,289.87,70,2026-05-06,,0
1415,Student,9.99,39.6,15,2,155.07,31,2025-11-13,,0
1416,Free,0.0,16.3,20,2,177.79,40,2026-02-23,,0
1417,Free,0.0,7.6,13,1,23.45,52,2026-05-30,,0
1418,Premium,18.99,34.3,21,1,92.8,29,2025-12-14,2026-07-25,1
1419,Premium,18.99,32.5,23,0,136.82,40,2026-01-03,,0
1420,Free,0.0,31.2,25,3,127.62,58,2026-02-23,,0
1421,Premium,18.99,37.1,15,0,149.03,13,2026-01-17,,0
1422,Student,9.99,29.8,7,0,0.0,52,2026-06-08,2026-07-28,1
1423,Premium,18.99,47.0,30,3,281.02,21,2026-06-26,,0
1424,Student,9.99,64.9,42,2,215.59,3,2025-11-10,,0
1425,Premium,18.99,37.2,21,3,262.18,0,2025-12-26,,0
1426,Free,0.0,37.4,41,3,343.26,4,2025-09-09,,0
1427,Free,0.0,20.5,13,1,108.44,30,2025-09-23,,0
1428,Premium,18.99,33.7,30,2,141.56,41,2026-04-21,2026-07-01,1
1429,Free,0.0,0.0,0,0,129.74,69,2026-03-16,2026-04-26,1
1430,Free,0.0,28.0,21,4,248.93,17,2025-10-26,2026-03-01,1
1431,Premium,18.99,26.2,31,1,164.61,9,2026-08-30,2026-08-31,1
1432,Premium,18.99,13.1,0,0,137.52,69,2025-10-20,,0
1433,Premium,18.99,43.6,21,2,138.24,47,2026-07-01,2026-08-24,1
1434,Premium,18.99,36.8,48,4,226.91,4,2026-05-28,,0
1435,Premium,18.99,4.4,16,1,16.4,57,2026-03-09,,0
1436,Free,0.0,37.6,21,2,220.02,13,2025-12-17,,0
1437,Premium,18.99,24.7,2,2,139.2,63,2026-04-24,,0
1438,Premium,18.99,45.4,26,3,334.47,27,2025-09-23,,0
1439,Premium,18.99,27.0,24,1,172.8,10,2025-11-19,,0
1440,Free,0.0,27.0,15,2,184.19,30,2025-12-04,,0
1441,Free,0.0,61.7,26,0,245.54,34,2025-11-23,,0
1442,Premium,18.99,15.5,4,1,23.65,63,2026-08-21,,0
1443,Free,0.0,22.8,15,1,63.26,19,2025-11-04,,0
1444,Free,0.0,45.2,27,1,177.1,2,2026-01-23,,0
1445,Premium,18.99,7.0,20,0,0.0,62,2026-06-25,2026-07-30,1
1446,Student,9.99,3.1,0,0,168.33,50,2025-11-20,2026-01-21,1
1447,Free,0.0,28.4,16,3,198.4,27,2026-07-24,,0
1448,Free,0.0,37.1,11,2,132.33,37,2026-01-18,2026-03-12,1
1449,Free,0.0,22.6,18,0,220.82,46,2026-02-05,,0
1450,Premium,18.99,35.4,16,0,33.95,54,2026-08-21,,0
1451,Student,9.99,19.7,0,0,22.2,85,2026-04-17,2026-04-25,1
1452,Free,0.0,20.4,8,1,218.99,46,2026-07-19,2026-08-17,1
1453,Free,0.0,14.1,7,0,85.99,34,2025-09-20,,0
1454,Free,0.0,40.1,22,1,319.83,40,2025-11-12,,0
1455,Free,0.0,31.3,37,1,188.2,58,2025-09-02,,0
1456,Free,0.0,59.6,26,2,259.16,26,2026-03-06,,0
1457,Student,9.99,41.7,25,2,286.22,35,2026-05-04,,0
1458,Free,0.0,55.8,28,3,244.25,3,2025-09-16,,0
1459,Free,0.0,16.6,0,0,34.29,54,2026-05-12,,0
1460,Student,9.99,33.5,28,4,164.18,16,2026-04-02,,0
1461,Student,9.99,42.1,35,3,154.32,18,2026-07-14,2026-08-06,1
1462,Free,0.0,56.1,32,1,261.41,7,2025-11-05,,0
1463,Free,0.0,14.6,15,0,46.44,66,2026-07-19,2026-08-07,1
1464,Free,0.0,36.1,17,2,241.18,63,2026-08-19,,0
1465,Free,0.0,42.5,32,2,238.45,19,2025-10-31,,0
1466,Premium,18.99,36.9,30,2,373.04,0,2025-10-29,,0
1467,Free,0.0,53.2,36,2,131.36,2,2025-10-24,,0
1468,Premium,18.99,28.9,21,4,125.65,24,2025-10-22,,0
1469,Premium,18.99,47.3,19,3,128.8,37,2026-07-11,,0
1470,Free,0.0,39.3,36,2,327.93,16,2026-04-21,,0
1471,Free,0.0,17.1,1,0,29.62,79,2025-11-25,2025-12-25,1
1472,Free,0.0,50.0,35,0,133.41,17,2026-05-11,,0
1473,Free,0.0,44.9,20,3,192.07,20,2025-11-20,,0
1474,Student,9.99,12.9,15,0,0.0,44,2025-10-03,2025-12-15,1
1475,Free,0.0,21.4,22,2,48.6,15,2025-09-15,,0
1476,Premium,18.99,44.0,27,5,408.1,11,2025-11-21,,0
1477,Student,9.99,46.4,18,3,120.75,39,2025-11-14,2026-01-20,1
1478,Premium,18.99,28.3,25,1,147.92,26,2026-01-25,,0
1479,Premium,18.99,53.3,19,0,203.65,20,2026-08-03,,0
1480,Student,9.99,41.2,11,1,119.29,36,2026-03-25,,0
1481,Premium,18.99,20.3,16,3,63.4,34,2025-09-18,,0
1482,Premium,18.99,59.9,52,4,256.64,0,2025-10-03,,0
1483,Free,0.0,15.7,5,0,99.85,57,2026-06-05,,0
1484,Free,0.0,33.0,33,3,322.41,15,2025-12-02,,0
1485,Free,0.0,33.6,25,2,243.53,22,2026-05-11,,0
1486,Free,0.0,26.8,10,1,19.37,35,2026-04-01,,0
1487,Student,9.99,19.8,18,0,192.95,40,2026-01-07,2026-07-28,1
1488,Free,0.0,33.0,21,1,214.57,39,2026-03-03,,0
1489,Student,9.99,39.8,25,0,163.81,24,2026-01-23,,0
1490,Premium,18.99,59.1,14,2,202.71,23,2026-07-27,,0
1491,Free,0.0,8.8,18,1,175.65,42,2026-05-15,,0
1492,Student,9.99,31.0,24,2,133.38,56,2025-11-09,,0
1493,Free,0.0,33.8,25,3,215.3,33,2026-01-17,,0
1494,Premium,18.99,2.9,14,0,0.0,62,2025-10-28,,0
1495,Premium,18.99,32.8,28,2,317.54,36,2025-09-13,,0
1496,Free,0.0,18.3,7,0,0.0,55,2026-04-24,,0
1497,Premium,18.99,26.4,8,0,136.37,50,2026-05-27,,0
1498,Free,0.0,53.2,31,1,282.3,4,2026-05-10,2026-07-20,1
1499,Premium,18.99,31.1,3,1,145.64,28,2026-02-04,,0
1500,Student,9.99,40.8,17,0,90.77,41,2026-05-31,2026-07-31,1
1501,Student,9.99,25.4,13,1,168.01,54,2026-04-11,,0
1502,Premium,18.99,15.4,26,1,96.71,42,2026-06-29,2026-07-16,1
1503,Premium,18.99,57.2,39,2,178.21,21,2026-04-13,,0
1504,Premium,18.99,35.2,14,3,74.39,26,2025-09-20,,0
1505,Student,9.99,9.8,2,0,98.76,28,2026-03-30,2026-05-11,1
1506,Premium,18.99,21.2,23,2,72.65,19,2025-11-27,,0
1507,Student,9.99,25.1,36,2,352.83,0,2026-03-27,,0
1508,Premium,18.99,14.0,7,1,140.08,59,2026-03-26,2026-07-03,1
1509,Premium,18.99,34.7,25,2,286.35,24,2026-01-03,,0
1510,Free,0.0,38.2,32,2,370.79,23,2026-07-22,,0
1511,Free,0.0,41.9,26,4,132.79,45,2026-04-24,,0
1512,Free,0.0,11.5,0,0,0.0,47,2026-07-12,2026-07-18,1
1513,Free,0.0,30.6,23,0,0.0,40,2026-06-20,,0
1514,Free,0.0,43.3,19,0,169.52,30,2025-12-15,,0
1515,Free,0.0,0.0,10,0,153.86,75,2026-06-29,,0
1516,Student,9.99,59.7,35,1,217.41,0,2026-06-18,,0
1517,Free,0.0,54.5,31,2,224.08,18,2026-02-03,,0
1518,Free,0.0,35.6,26,2,166.72,0,2026-04-27,,0
1519,Premium,18.99,5.8,15,3,127.17,40,2026-07-18,2026-07-31,1
1520,Free,0.0,31.4,23,0,242.13,48,2025-09-16,,0
1521,Student,9.99,26.1,32,1,73.01,64,2025-09-29,,0
1522,Premium,18.99,35.5,26,4,27.04,39,2026-01-31,2026-04-14,1
1523,Premium,18.99,46.0,36,4,354.44,0,2026-02-21,,0
1524,Student,9.99,42.1,29,1,175.64,35,2025-11-09,2026-03-25,1
1525,Free,0.0,13.4,24,2,154.82,30,2025-09-10,2026-04-19,1
1526,Free,0.0,27.8,25,2,251.6,31,2026-07-25,2026-07-29,1
1527,Premium,18.99,34.5,16,0,5.24,35,2026-07-27,2026-08-09,1
1528,Premium,18.99,35.5,26,1,286.97,13,2026-05-03,,0
1529,Premium,18.99,34.1,25,3,173.61,33,2026-05-12,,0
1530,Premium,18.99,13.6,15,0,130.42,47,2025-10-09,2026-01-28,1
1531,Free,0.0,27.8,23,1,6.11,19,2026-02-27,2026-06-29,1
1532,Student,9.99,56.5,39,3,251.96,0,2025-11-09,,0
1533,Premium,18.99,9.1,21,1,162.01,39,2025-12-31,2026-01-09,1
1534,Premium,18.99,38.9,26,1,195.39,11,2025-12-10,,0
1535,Free,0.0,34.0,0,4,232.01,28,2025-09-16,,0
1536,Student,9.99,40.7,40,1,299.89,28,2026-01-29,,0
1537,Free,0.0,26.4,22,4,114.91,25,2025-11-21,2026-01-31,1
1538,Premium,18.99,41.9,15,0,215.89,12,2026-05-25,2026-07-23,1
1539,Free,0.0,30.1,7,2,44.45,56,2026-05-29,,0
1540,Premium,18.99,18.3,17,0,147.57,41,2026-01-30,2026-02-08,1
1541,Free,0.0,44.5,34,5,333.0,0,2025-10-06,,0
1542,Premium,18.99,2.8,3,0,3.27,51,2026-08-13,,0
1543,Premium,18.99,53.7,27,4,296.24,4,2026-03-02,,0
1544,Free,0.0,36.8,26,3,135.06,38,2026-06-19,,0
1545,Premium,18.99,42.1,37,4,130.11,26,2025-10-13,,0
1546,Premium,18.99,17.1,19,1,151.09,45,2026-02-23,,0
1547,Premium,18.99,9.2,20,3,33.51,46,2026-08-16,2026-08-21,1
1548,Free,0.0,34.6,14,1,65.13,23,2026-08-31,,0
1549,Premium,18.99,13.5,13,1,167.93,65,2026-01-10,2026-02-15,1
1550,Student,9.99,22.8,17,2,112.44,53,2026-06-08,,0
1551,Student,9.99,29.2,25,0,121.47,9,2026-08-16,,0
1552,Student,9.99,7.9,6,0,127.86,56,2026-07-07,2026-08-11,1
1553,Premium,18.99,59.7,39,3,219.69,24,2026-07-06,,0
1554,Free,0.0,11.6,20,0,0.0,49,2026-04-27,2026-08-01,1
1555,Student,9.99,18.0,7,1,0.0,77,2025-12-12,,0
1556,Free,0.0,0.0,0,0,109.69,94,2025-10-22,2026-02-20,1
1557,Free,0.0,5.1,5,0,0.0,56,2026-02-18,2026-03-27,1
1558,Free,0.0,10.0,0,0,0.0,49,2025-09-20,2025-11-13,1
1559,Free,0.0,54.2,25,1,228.88,15,2025-11-16,,0
1560,Premium,18.99,46.7,41,4,348.39,0,2026-07-02,,0
1561,Student,9.99,33.1,16,1,76.72,54,2025-12-06,,0
1562,Free,0.0,42.5,23,1,223.73,28,2026-06-08,2026-08-22,1
1563,Premium,18.99,28.1,26,4,320.29,39,2025-09-14,,0
1564,Premium,18.99,15.6,15,1,190.84,60,2025-10-26,2026-02-03,1
1565,Premium,18.99,32.6,12,2,239.19,21,2026-08-08,,0
1566,Premium,18.99,12.8,17,2,159.93,27,2026-06-29,,0
1567,Premium,18.99,30.6,26,0,144.47,50,2026-03-23,,0
1568,Student,9.99,43.1,31,2,147.77,34,2025-12-04,2026-01-11,1
1569,Premium,18.99,57.7,33,1,293.46,1,2026-02-11,,0
1570,Premium,18.99,18.6,17,1,12.9,34,2026-07-31,,0
1571,Free,0.0,36.4,30,5,122.33,27,2026-01-14,2026-06-21,1
1572,Premium,18.99,30.9,15,1,25.7,59,2026-01-07,,0
1573,Premium,18.99,46.4,34,0,209.72,33,2025-09-26,,0
1574,Premium,18.99,39.0,38,1,228.5,20,2026-05-27,,0
1575,Premium,18.99,73.8,49,8,246.64,21,2026-08-18,2026-08-29,1
1576,Free,0.0,17.0,6,0,76.65,82,2025-12-01,2026-01-10,1
1577,Student,9.99,23.0,27,0,8.09,55,2025-12-18,,0
1578,Premium,18.99,0.0,0,0,0.0,95,2026-02-23,2026-07-11,1
1579,Premium,18.99,16.0,32,1,185.89,36,2025-12-22,2026-06-14,1
1580,Premium,18.99,0.0,8,1,81.59,79,2026-06-27,2026-06-28,1
1581,Premium,18.99,15.3,19,1,17.93,48,2026-07-17,,0
1582,Premium,18.99,19.6,23,1,202.66,37,2026-04-07,2026-07-09,1
1583,Premium,18.99,18.7,15,2,14.4,51,2025-10-09,2026-01-22,1
1584,Free,0.0,39.8,28,2,120.81,44,2026-02-25,,0
1585,Premium,18.99,14.3,0,0,52.8,89,2026-01-10,2026-04-13,1
1586,Free,0.0,42.6,32,3,286.18,24,2025-09-02,,0
1587,Student,9.99,9.2,0,1,108.16,56,2026-05-13,,0
1588,Free,0.0,23.5,12,2,121.65,37,2026-03-09,,0
1589,Student,9.99,32.2,17,1,93.36,33,2025-12-24,2026-06-12,1
1590,Free,0.0,11.6,3,2,62.96,50,2026-07-07,2026-08-05,1
1591,Free,0.0,11.1,24,0,64.12,75,2026-04-07,2026-05-15,1
1592,Premium,18.99,34.4,28,1,165.85,53,2026-02-10,,0
1593,Premium,18.99,12.5,6,0,68.78,40,2026-05-13,2026-06-02,1
1594,Free,0.0,29.5,22,2,200.73,58,2026-06-12,,0
1595,Premium,18.99,39.9,35,3,125.3,38,2026-03-25,,0
1596,Free,0.0,56.3,36,6,256.42,5,2025-10-14,,0
1597,Free,0.0,51.8,30,4,196.64,26,2026-04-02,,0
1598,Free,0.0,57.8,34,2,152.14,7,2025-10-31,,0
1599,Student,9.99,69.0,27,1,254.88,3,2025-12-28,,0
1600,Premium,18.99,47.3,21,2,230.79,7,2026-07-16,,0
1601,Student,9.99,47.8,34,2,116.78,7,2025-10-02,,0
1602,Premium,18.99,17.1,14,4,70.51,46,2026-01-29,2026-04-21,1
1603,Student,9.99,0.0,2,1,0.0,38,2026-02-05,2026-05-24,1
1604,Premium,18.99,56.3,23,2,357.44,27,2025-12-20,,0
1605,Premium,18.99,39.2,28,3,227.06,33,2026-08-16,,0
1606,Free,0.0,48.8,35,1,227.5,19,2026-06-01,,0
1607,Free,0.0,47.3,26,2,218.59,0,2025-11-14,,0
1608,Free,0.0,43.5,49,4,322.03,2,2026-01-15,,0
1609,Student,9.99,6.2,5,0,145.8,35,2026-04-11,2026-04-20,1
1610,Student,9.99,41.9,19,1,22.75,32,2026-03-16,2026-07-09,1
1611,Free,0.0,45.0,26,4,302.11,38,2026-01-17,,0
1612,Premium,18.99,38.6,34,1,309.14,0,2026-03-09,,0
1613,Premium,18.99,2.3,0,0,13.05,56,2026-03-18,2026-05-07,1
1614,Free,0.0,54.6,43,3,210.41,29,2026-02-11,,0
1615,Free,0.0,36.9,7,2,0.0,29,2026-05-21,,0
1616,Free,0.0,26.0,39,2,116.03,13,2026-02-04,,0
1617,Free,0.0,46.8,21,1,188.7,59,2025-12-22,2026-06-12,1
1618,Premium,18.99,51.6,32,1,293.61,26,2025-12-15,,0
1619,Student,9.99,16.3,21,1,140.33,60,2026-01-17,,0
1620,Free,0.0,16.2,25,3,135.28,43,2026-03-19,,0
1621,Student,9.99,45.9,18,0,311.82,31,2026-01-04,,0
1622,Free,0.0,25.1,18,1,171.96,61,2025-12-11,2026-04-28,1
1623,Student,9.99,16.7,34,0,128.87,56,2026-05-10,,0
1624,Student,9.99,36.1,19,2,344.62,5,2026-03-07,,0
1625,Premium,18.99,43.5,23,1,0.0,55,2025-12-27,,0
1626,Student,9.99,18.8,15,1,0.0,48,2026-01-02,2026-04-06,1
1627,Premium,18.99,31.3,23,2,163.89,20,2026-03-03,,0
1628,Free,0.0,29.0,20,2,142.27,36,2026-05-27,,0
1629,Premium,18.99,24.4,3,0,7.75,65,2025-10-03,2026-01-01,1
1630,Free,0.0,34.7,4,1,186.85,63,2026-02-15,2026-05-28,1
1631,Free,0.0,23.6,3,1,45.44,72,2026-02-15,2026-03-16,1
1632,Premium,18.99,39.1,23,1,182.55,44,2026-03-14,,0
1633,Premium,18.99,19.6,0,0,39.59,47,2025-11-27,2026-01-31,1
1634,Free,0.0,15.8,21,2,0.0,32,2026-05-13,,0
1635,Student,9.99,17.2,9,1,0.0,43,2025-09-23,,0
1636,Premium,18.99,17.2,5,0,44.73,69,2026-08-09,,0
1637,Premium,18.99,42.1,17,4,82.34,25,2026-08-27,,0
1638,Premium,18.99,31.0,21,2,123.05,26,2026-02-26,2026-06-12,1
1639,Free,0.0,2.5,6,0,142.01,46,2025-10-22,2026-02-27,1
1640,Student,9.99,36.8,19,2,175.62,61,2026-08-28,2026-09-01,1
1641,Free,0.0,9.6,18,2,39.1,38,2025-12-27,,0
1642,Free,0.0,0.0,11,1,32.39,56,2026-04-11,,0
1643,Student,9.99,54.7,23,1,351.53,2,2026-08-24,,0
1644,Premium,18.99,18.9,13,1,220.67,55,2026-04-18,2026-07-07,1
1645,Free,0.0,38.5,31,2,247.26,1,2026-01-07,2026-02-07,1
1646,Premium,18.99,29.1,18,0,0.0,34,2026-01-12,,0
1647,Premium,18.99,22.2,4,0,62.53,52,2025-10-26,2025-11-17,1
1648,Premium,18.99,39.2,27,2,196.1,33,2025-09-05,,0
1649,Free,0.0,43.0,9,1,120.54,33,2026-08-12,2026-08-21,1
1650,Free,0.0,24.4,6,1,56.9,66,2025-10-22,2026-03-12,1
1651,Free,0.0,18.2,8,1,50.34,58,2026-08-28,,0
1652,Free,0.0,44.4,38,4,165.3,13,2025-09-10,,0
1653,Free,0.0,5.6,13,1,12.21,60,2025-11-22,2026-01-24,1
1654,Free,0.0,44.3,21,1,269.49,25,2025-09-18,,0
1655,Free,0.0,16.7,38,0,267.62,15,2026-08-07,,0
1656,Free,0.0,28.7,21,3,152.62,40,2026-08-04,,0
1657,Premium,18.99,58.4,54,4,315.54,0,2025-09-06,,0
1658,Premium,18.99,18.7,14,1,160.23,48,2026-05-21,,0
1659,Free,0.0,9.6,2,0,234.82,45,2026-04-14,2026-05-21,1
1660,Premium,18.99,59.6,26,3,266.97,13,2026-05-15,,0
1661,Free,0.0,45.6,21,8,231.39,53,2026-07-05,2026-08-03,1
1662,Student,9.99,4.1,2,2,57.27,51,2026-08-06,2026-08-19,1
1663,Premium,18.99,26.6,39,1,125.85,45,2026-07-13,,0
1664,Student,9.99,17.8,23,1,249.61,38,2025-10-26,2026-01-24,1
1665,Free,0.0,43.1,27,1,226.13,32,2026-08-22,,0
1666,Free,0.0,32.0,20,0,114.2,27,2025-10-09,,0
1667,Student,9.99,0.0,6,1,106.21,49,2026-06-12,,0
1668,Premium,18.99,17.6,18,0,141.78,69,2026-01-23,,0
1669,Student,9.99,46.6,16,3,64.47,32,2026-05-30,,0
1670,Student,9.99,18.0,0,0,0.0,54,2025-10-10,,0
1671,Free,0.0,58.1,37,9,319.37,0,2026-08-17,,0
1672,Student,9.99,17.6,24,1,0.0,38,2025-12-14,,0
1673,Free,0.0,34.9,7,1,0.0,64,2025-09-24,2025-11-04,1
1674,Premium,18.99,45.2,33,2,206.71,31,2026-03-24,,0
1675,Premium,18.99,47.6,27,2,236.61,29,2026-03-20,,0
1676,Student,9.99,22.1,27,1,175.11,19,2026-07-08,,0
1677,Premium,18.99,37.6,9,0,264.03,43,2025-10-15,,0
1678,Free,0.0,14.7,25,1,151.86,52,2025-09-16,2026-02-25,1
1679,Free,0.0,10.3,9,0,48.33,55,2026-03-03,,0
1680,Student,9.99,42.5,43,2,181.27,30,2025-12-22,,0
1681,Student,9.99,39.8,25,1,202.24,1,2025-11-28,,0
1682,Premium,18.99,54.6,28,0,259.85,29,2026-04-24,,0
1683,Premium,18.99,40.0,30,3,283.07,4,2026-08-30,,0
1684,Free,0.0,31.8,9,2,141.61,54,2026-07-16,2026-07-17,1
1685,Free,0.0,20.9,0,0,67.13,71,2025-10-08,,0
1686,Premium,18.99,8.9,2,1,135.2,81,2025-11-13,2026-01-12,1
1687,Free,0.0,41.8,22,2,164.82,39,2026-07-28,,0
1688,Free,0.0,14.7,1,0,142.58,54,2025-11-12,2026-03-21,1
1689,Premium,18.99,38.9,23,2,137.61,20,2025-10-13,,0
1690,Premium,18.99,20.4,0,0,59.58,52,2026-02-14,2026-07-05,1
1691,Premium,18.99,50.1,19,3,125.06,27,2026-03-20,,0
1692,Free,0.0,19.4,24,1,184.27,56,2025-09-01,,0
1693,Free,0.0,7.6,16,1,14.99,65,2025-10-17,2026-01-02,1
1694,Student,9.99,24.9,23,0,152.64,11,2026-04-12,,0
1695,Premium,18.99,59.4,35,7,117.19,13,2026-03-10,,0
1696,Free,0.0,64.9,30,4,309.75,8,2025-09-22,,0
1697,Free,0.0,10.5,22,0,166.76,42,2025-09-29,,0
1698,Free,0.0,8.7,34,1,213.85,40,2026-01-13,,0
1699,Premium,18.99,22.6,21,0,203.84,53,2026-01-07,,0
1700,Premium,18.99,51.1,49,4,286.71,28,2025-12-06,,0
1701,Premium,18.99,12.2,4,0,113.15,71,2026-05-18,,0
1702,Free,0.0,43.4,19,0,250.91,13,2025-10-01,,0
1703,Premium,18.99,13.3,7,1,140.08,49,2026-05-16,,0
1704,Student,9.99,41.9,20,0,112.77,24,2025-11-01,,0
1705,Free,0.0,36.8,38,3,153.04,34,2025-11-05,,0
1706,Free,0.0,29.7,14,0,123.9,46,2026-05-18,2026-06-02,1
1707,Student,9.99,27.6,11,2,106.44,51,2025-11-10,,0
1708,Free,0.0,23.3,6,0,0.0,65,2025-10-19,,0
1709,Premium,18.99,47.0,36,3,125.55,29,2026-03-03,,0
1710,Student,9.99,3.6,16,0,80.73,45,2026-02-16,,0
1711,Free,0.0,9.8,1,0,93.98,47,2026-02-27,2026-04-08,1
1712,Premium,18.99,51.7,16,0,219.4,25,2026-08-15,,0
1713,Premium,18.99,50.0,18,1,385.87,43,2026-02-15,,0
1714,Free,0.0,23.5,25,0,32.5,47,2025-12-29,2026-06-15,1
1715,Premium,18.99,18.1,23,1,169.8,19,2026-02-08,,0
1716,Free,0.0,23.7,22,2,249.26,58,2026-03-02,,0
1717,Free,0.0,17.2,27,2,182.33,51,2026-03-02,,0
1718,Premium,18.99,40.1,39,2,236.84,27,2026-02-17,,0
1719,Student,9.99,21.3,15,0,187.58,30,2025-09-26,,0
1720,Free,0.0,6.0,11,0,90.23,50,2026-04-03,,0
1721,Free,0.0,18.9,16,2,267.62,43,2026-06-11,,0
1722,Student,9.99,0.0,10,2,183.02,54,2026-08-08,,0
1723,Free,0.0,0.0,0,0,0.0,60,2025-10-18,2025-12-21,1
1724,Premium,18.99,36.4,15,0,211.14,25,2026-06-27,,0
1725,Student,9.99,63.5,15,4,93.13,16,2026-04-01,,0
1726,Premium,18.99,54.2,32,4,287.49,48,2025-11-28,,0
1727,Free,0.0,8.1,1,0,104.94,60,2026-06-27,,0
1728,Premium,18.99,28.3,32,0,228.39,32,2026-06-07,,0
1729,Free,0.0,0.0,2,1,47.32,43,2026-01-12,,0
1730,Free,0.0,10.9,28,1,0.0,45,2026-01-14,2026-04-24,1
1731,Free,0.0,10.9,13,0,299.23,37,2026-06-04,2026-07-12,1
1732,Free,0.0,39.1,17,0,216.15,17,2026-02-15,,0
1733,Premium,18.99,1.7,11,1,0.0,52,2025-12-17,2026-01-20,1
1734,Premium,18.99,50.0,41,3,317.48,2,2026-06-12,2026-08-20,1
1735,Premium,18.99,39.7,16,0,307.84,33,2026-03-23,,0
1736,Student,9.99,21.7,14,1,111.03,38,2026-05-21,,0
1737,Student,9.99,40.9,21,2,195.51,53,2025-09-22,,0
1738,Premium,18.99,30.1,26,3,221.7,29,2026-04-13,,0
1739,Premium,18.99,10.0,16,1,39.47,29,2025-10-23,,0
1740,Student,9.99,30.0,28,2,176.53,0,2025-10-14,,0
1741,Premium,18.99,35.1,6,0,267.89,41,2026-07-01,,0
1742,Free,0.0,24.6,15,3,130.57,33,2025-09-22,,0
1743,Premium,18.99,34.8,41,3,208.75,24,2026-08-14,,0
1744,Free,0.0,50.0,32,4,221.39,14,2026-04-12,,0
1745,Free,0.0,40.5,33,3,339.99,0,2026-07-04,,0
1746,Premium,18.99,31.5,3,1,0.0,40,2026-08-15,,0
1747,Free,0.0,35.8,23,2,225.54,13,2026-02-11,,0
1748,Free,0.0,45.1,35,2,363.65,31,2026-01-24,,0
1749,Free,0.0,37.0,9,4,272.88,27,2026-01-31,,0
1750,Student,9.99,10.8,19,0,141.83,48,2026-04-01,,0
1751,Premium,18.99,11.7,8,0,146.88,41,2025-11-17,2026-04-26,1
1752,Premium,18.99,37.8,23,1,252.6,32,2026-03-05,2026-05-23,1
1753,Student,9.99,37.5,19,2,172.98,32,2026-02-17,,0
1754,Premium,18.99,34.2,18,2,217.54,52,2026-03-23,2026-07-29,1
1755,Premium,18.99,15.2,19,0,267.44,40,2026-06-17,2026-07-17,1
1756,Premium,18.99,27.4,11,0,20.66,35,2026-01-05,,0
1757,Free,0.0,14.1,15,1,135.38,66,2025-11-02,,0
1758,Student,9.99,24.0,17,2,128.07,44,2026-05-12,2026-05-26,1
1759,Free,0.0,33.2,31,2,127.21,51,2026-03-15,,0
1760,Free,0.0,38.6,23,2,160.47,25,2025-10-10,2026-03-16,1
1761,Premium,18.99,48.0,16,5,238.92,19,2026-06-17,,0
1762,Free,0.0,30.7,24,1,143.37,32,2026-03-31,,0
1763,Student,9.99,51.0,28,1,298.71,22,2026-05-25,,0
1764,Premium,18.99,65.9,48,2,288.19,20,2026-04-29,,0
1765,Free,0.0,16.3,21,2,70.68,45,2026-03-17,2026-07-16,1
1766,Student,9.99,12.9,4,0,0.0,50,2025-09-29,2025-12-28,1
1767,Premium,18.99,41.0,26,3,125.43,37,2026-08-27,,0
1768,Premium,18.99,18.0,11,0,132.82,33,2026-04-23,,0
1769,Free,0.0,28.8,28,2,161.42,3,2025-10-19,,0
1770,Premium,18.99,44.8,31,2,265.79,28,2026-08-01,,0
1771,Premium,18.99,39.4,35,1,237.56,20,2026-02-28,,0
1772,Premium,18.99,21.9,29,2,250.08,29,2026-07-06,,0
1773,Free,0.0,44.4,27,1,152.48,30,2026-02-08,,0
1774,Premium,18.99,27.1,26,0,5.67,63,2025-12-14,2026-01-22,1
1775,Premium,18.99,13.6,17,3,228.99,33,2026-01-12,2026-07-03,1
1776,Free,0.0,40.7,9,5,161.38,21,2026-02-07,,0
1777,Premium,18.99,4.0,10,1,132.61,28,2025-12-03,,0
1778,Premium,18.99,4.8,16,2,93.0,67,2026-02-17,,0
1779,Student,9.99,41.1,15,1,159.58,45,2026-01-20,2026-05-24,1
1780,Premium,18.99,25.5,20,2,55.81,30,2026-08-02,2026-08-07,1
1781,Student,9.99,26.9,14,1,226.85,30,2026-08-24,,0
1782,Premium,18.99,27.6,10,1,71.03,54,2026-07-03,2026-07-18,1
1783,Premium,18.99,6.1,10,1,235.11,40,2026-02-15,,0
1784,Free,0.0,16.9,14,0,0.0,60,2026-04-09,2026-05-14,1
1785,Free,0.0,34.1,22,1,189.41,42,2026-04-20,,0
1786,Free,0.0,57.0,29,4,179.08,21,2026-03-21,,0
1787,Premium,18.99,24.4,27,2,45.68,38,2025-09-04,2025-12-19,1
1788,Free,0.0,3.6,2,0,83.32,63,2026-04-16,2026-05-15,1
1789,Premium,18.99,41.8,24,2,120.83,14,2026-03-22,,0
1790,Student,9.99,40.5,23,1,233.85,0,2026-03-01,,0
1791,Free,0.0,51.1,48,3,276.42,12,2025-11-22,,0
1792,Premium,18.99,35.8,34,0,140.72,18,2025-12-07,,0
1793,Student,9.99,37.0,38,3,149.36,17,2025-09-08,,0
1794,Free,0.0,9.5,5,0,129.22,54,2026-01-11,2026-05-05,1
1795,Free,0.0,38.6,30,4,203.65,20,2025-09-17,2026-07-10,1
1796,Free,0.0,35.3,21,2,171.87,27,2026-01-20,,0
1797,Free,0.0,29.7,19,1,300.95,12,2026-02-16,,0
1798,Free,0.0,20.4,11,1,33.43,51,2026-02-09,,0
1799,Premium,18.99,35.5,35,1,163.22,46,2026-03-09,,0
1800,Free,0.0,3.9,14,0,118.02,52,2026-06-19,2026-07-20,1
1801,Free,0.0,47.4,24,5,143.01,9,2026-04-20,,0
1802,Free,0.0,7.4,1,0,149.27,56,2026-01-23,2026-02-04,1
1803,Student,9.99,27.6,27,0,150.68,32,2026-01-22,,0
1804,Premium,18.99,48.3,29,4,310.15,6,2026-07-05,2026-08-15,1
1805,Free,0.0,38.4,12,1,145.36,30,2025-11-11,2026-01-26,1
1806,Free,0.0,70.6,36,1,236.2,0,2025-12-14,,0
1807,Student,9.99,22.1,24,4,129.59,44,2026-02-21,2026-06-19,1
1808,Premium,18.99,27.0,26,1,177.62,43,2026-03-19,,0
1809,Premium,18.99,36.9,27,2,287.39,34,2026-02-09,,0
1810,Premium,18.99,17.5,1,0,0.0,65,2026-01-31,,0
1811,Premium,18.99,30.8,15,2,89.7,18,2026-03-28,,0
1812,Premium,18.99,25.8,5,2,220.83,37,2025-10-21,,0
1813,Premium,18.99,60.5,26,1,150.98,5,2026-07-05,,0
1814,Free,0.0,6.8,10,0,59.48,44,2026-04-17,2026-04-18,1
1815,Premium,18.99,32.2,7,2,111.48,44,2026-04-08,2026-07-06,1
1816,Premium,18.99,34.6,22,4,136.01,42,2026-07-26,2026-08-03,1
1817,Premium,18.99,8.7,15,0,173.19,76,2026-07-30,2026-08-14,1
1818,Student,9.99,39.9,7,2,140.69,35,2025-10-10,,0
1819,Premium,18.99,19.1,16,3,112.85,22,2025-11-22,,0
1820,Free,0.0,47.9,34,1,153.38,28,2026-04-20,,0
1821,Premium,18.99,36.4,32,1,175.95,17,2026-05-26,,0
1822,Free,0.0,30.5,10,0,129.71,23,2026-04-05,,0
1823,Student,9.99,34.9,35,0,194.17,21,2025-12-17,,0
1824,Premium,18.99,32.1,22,4,323.38,7,2026-05-15,,0
1825,Free,0.0,30.7,28,3,224.88,31,2026-08-07,,0
1826,Free,0.0,9.5,18,1,145.14,38,2026-03-31,2026-04-24,1
1827,Free,0.0,32.1,23,2,240.89,47,2026-01-25,,0
1828,Premium,18.99,16.4,11,0,0.0,49,2026-02-22,,0
1829,Premium,18.99,14.0,4,0,126.87,75,2026-06-30,2026-07-12,1
1830,Premium,18.99,44.8,23,1,293.59,17,2025-10-28,,0
1831,Free,0.0,36.1,27,1,372.58,16,2026-01-13,,0
1832,Premium,18.99,39.4,21,3,290.64,35,2025-12-12,,0
1833,Premium,18.99,0.0,4,0,34.11,53,2025-09-16,,0
1834,Free,0.0,32.5,13,4,178.78,45,2026-02-25,,0
1835,Free,0.0,18.9,7,0,91.84,52,2026-02-01,,0
1836,Student,9.99,19.8,25,1,107.16,36,2025-11-26,,0
1837,Free,0.0,35.2,30,0,227.99,12,2025-11-22,,0
1838,Free,0.0,8.5,17,1,212.25,40,2025-10-26,,0
1839,Free,0.0,18.9,16,2,19.03,53,2025-12-17,,0
1840,Free,0.0,48.6,33,2,165.52,29,2026-08-10,,0
1841,Free,0.0,62.0,41,3,262.47,24,2026-04-26,,0
1842,Free,0.0,36.2,15,3,179.06,40,2026-01-27,,0
1843,Premium,18.99,70.3,38,3,182.32,29,2026-03-22,,0
1844,Student,9.99,42.0,29,5,260.5,24,2026-08-16,,0
1845,Student,9.99,4.6,8,0,131.73,72,2026-05-26,2026-06-07,1
1846,Premium,18.99,7.5,16,0,186.38,34,2026-05-11,,0
1847,Student,9.99,50.6,38,2,242.96,40,2026-08-18,,0
1848,Free,0.0,46.3,35,4,219.14,20,2025-11-26,,0
1849,Free,0.0,36.3,17,1,270.29,2,2026-04-16,,0
1850,Free,0.0,8.2,9,0,99.15,67,2025-11-16,2026-06-08,1
1851,Student,9.99,20.8,11,1,152.28,50,2025-10-18,2026-02-20,1
1852,Student,9.99,45.0,23,2,351.98,15,2025-10-13,,0
1853,Free,0.0,26.6,9,1,184.39,33,2025-10-04,2026-01-29,1
1854,Student,9.99,39.2,16,1,160.27,22,2026-03-03,,0
1855,Premium,18.99,56.9,19,2,138.3,7,2026-06-04,,0
1856,Free,0.0,65.8,44,3,205.66,10,2026-08-01,,0
1857,Student,9.99,22.7,18,2,218.91,24,2026-01-16,,0
1858,Student,9.99,42.5,37,1,207.81,25,2026-07-16,,0
1859,Premium,18.99,18.6,34,2,391.37,9,2026-06-04,,0
1860,Premium,18.99,28.7,14,0,140.5,55,2026-06-03,,0
1861,Premium,18.99,36.6,26,1,253.58,9,2026-05-24,,0
1862,Free,0.0,47.5,35,3,184.42,13,2026-04-18,,0
1863,Student,9.99,0.0,15,0,94.6,75,2026-05-03,2026-05-14,1
1864,Premium,18.99,13.0,21,0,75.22,51,2026-02-20,2026-03-15,1
1865,Free,0.0,39.7,23,2,51.37,21,2025-09-16,2025-11-11,1
1866,Premium,18.99,27.5,23,2,231.85,38,2026-01-08,,0
1867,Free,0.0,10.6,3,0,1.05,65,2025-12-28,2026-03-04,1
1868,Student,9.99,37.2,22,4,182.01,40,2026-07-03,,0
1869,Student,9.99,36.4,23,0,103.27,58,2026-07-21,,0
1870,Student,9.99,38.3,34,1,106.5,25,2026-06-24,,0
1871,Premium,18.99,18.6,22,4,117.66,6,2025-10-26,2025-12-27,1
1872,Free,0.0,14.0,10,0,41.38,33,2026-06-29,,0
1873,Student,9.99,50.3,34,1,123.41,37,2025-09-06,,0
1874,Premium,18.99,31.6,9,0,51.87,40,2025-11-29,2025-12-25,1
1875,Premium,18.99,5.8,10,1,41.23,47,2025-11-02,,0
1876,Premium,18.99,1.7,6,0,0.0,35,2026-05-13,,0
1877,Premium,18.99,35.4,19,3,229.76,26,2026-07-05,,0
1878,Premium,18.99,25.3,16,2,167.56,21,2026-07-02,2026-07-11,1
1879,Free,0.0,16.7,18,3,252.71,22,2025-10-22,,0
1880,Premium,18.99,6.5,19,1,198.66,65,2026-03-27,,0
1881,Premium,18.99,43.6,33,0,196.1,23,2026-04-04,,0
1882,Free,0.0,27.2,21,0,186.43,23,2026-06-02,,0
1883,Premium,18.99,20.4,12,1,158.95,47,2026-04-23,,0
1884,Free,0.0,52.0,30,2,285.77,21,2026-04-19,,0
1885,Premium,18.99,58.2,24,2,183.5,23,2025-12-01,,0
1886,Free,0.0,27.7,15,5,136.16,55,2025-11-04,,0
1887,Premium,18.99,45.5,22,1,101.11,14,2026-03-14,,0
1888,Student,9.99,42.3,35,2,299.94,0,2026-05-02,,0
1889,Student,9.99,44.8,29,3,234.81,0,2026-03-20,,0
1890,Free,0.0,45.3,29,1,327.22,0,2026-06-29,,0
1891,Premium,18.99,4.6,7,0,125.7,60,2026-08-06,2026-08-20,1
1892,Student,9.99,12.3,7,1,27.66,42,2026-06-08,,0
1893,Premium,18.99,20.7,5,1,146.51,39,2026-08-23,,0
1894,Free,0.0,27.8,29,0,0.0,33,2026-08-19,,0
1895,Free,0.0,43.8,17,2,354.11,29,2026-06-05,,0
1896,Student,9.99,32.9,28,0,35.57,52,2025-10-07,,0
1897,Premium,18.99,14.4,16,1,147.81,54,2026-06-25,,0
1898,Free,0.0,35.2,20,3,151.31,31,2025-12-20,,0
1899,Premium,18.99,14.1,14,2,145.4,58,2026-07-09,,0
1900,Free,0.0,51.7,31,2,243.68,14,2026-03-15,,0
1901,Premium,18.99,4.7,10,1,0.0,35,2026-01-22,,0
1902,Free,0.0,41.5,23,1,203.06,19,2026-02-08,,0
1903,Student,9.99,57.6,34,0,253.93,0,2025-11-13,,0
1904,Free,0.0,67.6,38,0,107.05,4,2026-05-31,,0
1905,Free,0.0,20.4,6,0,76.98,57,2025-12-03,2026-01-16,1
1906,Free,0.0,39.0,23,0,63.25,56,2026-04-06,2026-08-05,1
1907,Free,0.0,21.7,6,0,214.3,44,2026-03-22,,0
1908,Student,9.99,44.9,28,4,213.45,24,2026-05-07,,0
1909,Premium,18.99,43.1,29,1,291.94,35,2025-09-02,,0
1910,Student,9.99,12.8,13,1,90.29,44,2025-11-04,,0
1911,Premium,18.99,35.5,11,2,159.39,22,2026-03-16,,0
1912,Student,9.99,9.4,0,0,0.0,58,2025-12-03,,0
1913,Free,0.0,38.4,3,3,64.41,19,2025-10-01,,0
1914,Free,0.0,37.8,20,3,191.07,29,2026-05-20,,0
1915,Student,9.99,18.4,26,2,194.23,48,2026-05-04,,0
1916,Free,0.0,61.2,25,2,259.33,28,2025-11-26,,0
1917,Premium,18.99,28.0,11,1,87.92,59,2026-05-20,2026-07-30,1
1918,Premium,18.99,47.4,13,2,118.02,20,2026-07-28,,0
1919,Student,9.99,24.2,7,2,186.94,25,2026-01-26,,0
1920,Student,9.99,21.4,22,3,134.61,45,2026-06-19,,0
1921,Free,0.0,21.5,18,0,158.51,38,2026-01-29,,0
1922,Premium,18.99,45.6,19,5,188.81,29,2026-07-24,2026-08-01,1
1923,Free,0.0,39.1,17,1,40.8,29,2026-03-10,2026-07-12,1
1924,Free,0.0,20.1,18,1,177.04,36,2026-06-06,,0
1925,Free,0.0,22.2,16,3,183.59,35,2026-02-20,,0
1926,Free,0.0,26.2,3,2,224.07,32,2026-06-10,,0
1927,Premium,18.99,13.5,20,2,156.65,45,2026-06-01,,0
1928,Free,0.0,44.9,36,2,237.4,0,2025-10-07,,0
1929,Free,0.0,9.8,14,0,103.77,56,2025-09-07,,0
1930,Premium,18.99,22.0,17,2,43.38,49,2026-05-04,2026-06-24,1
1931,Premium,18.99,68.0,21,0,195.6,24,2026-01-08,,0
1932,Student,9.99,23.8,29,0,209.35,3,2026-04-24,,0
1933,Student,9.99,46.7,14,1,55.45,24,2026-06-30,,0
1934,Premium,18.99,19.0,14,1,90.86,54,2026-07-26,,0
1935,Free,0.0,23.5,12,1,235.77,42,2025-10-10,2026-02-15,1
1936,Student,9.99,29.8,25,1,292.62,18,2026-08-07,,0
1937,Free,0.0,33.5,0,1,139.43,35,2026-03-05,,0
1938,Student,9.99,19.7,21,1,205.24,58,2026-06-12,2026-07-18,1
1939,Premium,18.99,44.6,32,1,168.27,21,2025-11-27,,0
1940,Premium,18.99,0.0,0,0,233.59,59,2026-07-13,,0
1941,Premium,18.99,29.4,22,1,111.1,23,2026-02-02,,0
1942,Premium,18.99,56.6,29,2,380.92,20,2026-04-28,2026-06-03,1
1943,Premium,18.99,36.5,23,1,334.04,13,2026-02-22,,0
1944,Premium,18.99,70.2,34,5,169.47,0,2026-06-25,,0
1945,Premium,18.99,38.7,22,2,239.5,22,2026-07-20,,0
1946,Student,9.99,22.8,14,4,126.41,34,2026-06-27,2026-07-30,1
1947,Free,0.0,41.5,9,4,88.01,53,2026-02-02,,0
1948,Student,9.99,35.7,31,0,212.86,32,2026-01-07,,0
1949,Free,0.0,33.7,21,1,95.63,26,2025-10-05,,0
1950,Student,9.99,37.2,23,3,216.26,29,2025-09-22,,0
1951,Free,0.0,20.3,18,1,32.28,48,2025-11-30,,0
1952,Student,9.99,11.4,20,3,200.96,27,2026-08-27,,0
1953,Free,0.0,42.8,26,5,316.7,20,2025-12-18,,0
1954,Free,0.0,18.7,24,0,188.66,20,2025-12-17,,0
1955,Student,9.99,36.4,3,2,75.74,48,2025-12-17,,0
1956,Free,0.0,66.7,35,2,292.2,0,2026-01-03,,0
1957,Premium,18.99,53.8,25,4,128.08,24,2025-12-24,,0
1958,Student,9.99,38.9,34,4,147.94,9,2026-01-30,,0
1959,Free,0.0,1.8,12,1,29.16,70,2026-01-17,,0
1960,Free,0.0,26.7,25,0,221.59,2,2025-12-22,,0
1961,Premium,18.99,60.8,16,1,235.16,42,2026-08-16,,0
1962,Premium,18.99,14.8,14,1,145.96,25,2026-02-27,,0
1963,Student,9.99,0.0,5,0,97.08,33,2026-07-16,,0
1964,Free,0.0,51.5,27,2,151.03,25,2025-09-27,,0
1965,Premium,18.99,49.2,7,2,275.31,37,2025-09-04,2026-03-23,1
1966,Premium,18.99,40.6,5,2,71.06,39,2026-07-05,,0
1967,Free,0.0,36.9,26,1,161.8,50,2025-10-10,,0
1968,Free,0.0,21.7,9,0,40.35,49,2026-03-12,,0
1969,Free,0.0,38.1,23,2,227.48,21,2025-12-29,,0
1970,Free,0.0,35.5,31,3,238.87,1,2026-01-05,,0
1971,Premium,18.99,35.6,16,0,250.19,22,2026-07-20,2026-08-03,1
1972,Premium,18.99,44.2,27,5,286.51,2,2025-10-04,,0
1973,Premium,18.99,26.5,16,3,208.64,37,2026-01-10,2026-07-29,1
1974,Premium,18.99,17.8,24,2,109.17,46,2026-03-07,,0
1975,Free,0.0,17.1,17,3,103.48,52,2026-01-19,,0
1976,Premium,18.99,17.2,19,2,333.64,23,2025-09-09,,0
1977,Free,0.0,64.7,21,3,162.03,8,2026-01-07,,0
1978,Free,0.0,38.9,11,0,162.42,61,2026-01-04,,0
1979,Premium,18.99,42.8,30,4,237.57,24,2025-10-16,,0
1980,Free,0.0,24.5,12,1,103.86,51,2025-12-19,,0
1981,Premium,18.99,30.0,23,1,211.76,29,2026-07-10,,0
1982,Premium,18.99,18.2,10,0,23.37,62,2025-11-06,,0
1983,Premium,18.99,55.9,36,2,221.34,47,2025-10-07,,0
1984,Premium,18.99,9.2,17,0,144.81,42,2025-12-07,,0
1985,Free,0.0,13.7,14,0,232.7,47,2026-07-07,,0
1986,Free,0.0,24.0,17,0,167.89,56,2026-02-22,2026-05-31,1
1987,Premium,18.99,39.5,30,2,207.26,23,2026-08-12,,0
1988,Student,9.99,52.5,20,0,220.57,27,2025-11-22,2026-06-20,1
1989,Premium,18.99,28.6,4,0,170.02,65,2025-09-16,2025-12-13,1
1990,Free,0.0,34.4,23,2,115.82,17,2026-08-18,,0
1991,Free,0.0,32.8,21,1,117.61,33,2026-07-23,2026-08-20,1
1992,Free,0.0,20.2,18,3,0.0,53,2025-09-25,2026-07-16,1
1993,Premium,18.99,13.1,14,0,136.14,41,2025-11-13,2026-04-14,1
1994,Premium,18.99,39.7,31,3,244.3,39,2025-11-04,,0
1995,Premium,18.99,33.4,14,0,63.72,27,2026-06-16,,0
1996,Free,0.0,20.0,18,3,189.82,37,2026-01-11,,0
1997,Student,9.99,15.2,23,2,69.55,65,2025-11-02,,0
1998,Free,0.0,17.8,20,1,88.38,25,2026-08-06,,0
1999,Free,0.0,19.4,17,1,127.93,42,2026-05-20,,0
2000,Free,0.0,2.0,12,0,163.54,80,2026-05-16,,0
2001,Student,9.99,10.5,0,0,0.0,61,2026-02-15,2026-03-05,1
2002,Student,9.99,24.6,15,1,122.46,62,2026-05-31,,0
2003,Free,0.0,51.6,30,2,263.33,29,2026-04-29,,0
2004,Premium,18.99,21.6,11,1,190.51,35,2026-05-30,,0
2005,Premium,18.99,29.1,27,1,216.61,28,2026-08-08,,0
2006,Free,0.0,42.7,9,1,188.95,13,2025-12-29,2026-03-23,1
2007,Free,0.0,31.9,19,1,129.12,27,2026-01-10,,0
2008,Premium,18.99,20.3,14,4,218.33,49,2025-10-16,,0
2009,Premium,18.99,18.9,9,0,95.52,49,2026-02-02,,0
2010,Premium,18.99,40.6,20,0,129.31,65,2025-12-26,,0
2011,Free,0.0,65.9,37,3,365.38,10,2026-04-22,,0
2012,Student,9.99,26.4,4,0,32.03,60,2026-04-12,,0
2013,Premium,18.99,20.9,18,2,125.63,60,2026-04-03,,0
2014,Free,0.0,16.1,11,1,73.48,48,2025-09-12,,0
2015,Student,9.99,72.4,51,4,442.06,7,2026-03-12,,0
2016,Premium,18.99,38.6,19,0,311.69,34,2025-10-21,,0
2017,Free,0.0,24.1,11,0,135.67,32,2026-05-06,,0
2018,Premium,18.99,38.5,9,0,157.7,47,2025-12-24,2026-05-16,1
2019,Premium,18.99,0.0,9,0,6.3,67,2026-05-23,,0
2020,Free,0.0,57.4,26,6,191.86,27,2026-04-08,,0
2021,Premium,18.99,26.0,0,0,64.51,45,2025-10-22,,0
2022,Student,9.99,19.9,25,0,142.88,38,2025-12-25,,0
2023,Premium,18.99,17.5,5,1,0.0,75,2026-03-07,,0
2024,Premium,18.99,50.1,33,2,229.56,18,2026-04-05,,0
2025,Premium,18.99,62.6,31,4,179.53,50,2025-11-13,,0
2026,Free,0.0,0.6,7,1,62.0,63,2026-07-06,,0
2027,Premium,18.99,33.1,29,0,88.21,47,2025-10-26,2026-04-02,1
2028,Premium,18.99,32.3,9,5,135.42,34,2026-01-18,2026-04-18,1
2029,Premium,18.99,0.0,0,0,73.21,63,2026-05-03,2026-06-06,1
2030,Premium,18.99,2.5,1,1,55.57,42,2025-12-20,,0
2031,Free,0.0,26.1,33,3,228.03,50,2025-09-04,,0
2032,Premium,18.99,27.5,38,1,225.32,52,2026-04-26,,0
2033,Free,0.0,33.4,29,1,137.72,40,2026-04-10,,0
2034,Free,0.0,55.1,25,5,270.93,23,2025-09-26,,0
2035,Premium,18.99,31.3,15,1,6.11,34,2026-04-28,,0
2036,Premium,18.99,21.3,12,0,281.0,53,2025-10-24,,0
2037,Premium,18.99,41.5,23,4,234.34,19,2025-10-07,,0
2038,Student,9.99,12.2,19,1,213.95,59,2026-01-31,2026-04-11,1
2039,Free,0.0,40.7,24,0,131.67,6,2026-08-02,,0
2040,Student,9.99,51.6,26,4,124.41,16,2026-08-10,,0
2041,Free,0.0,30.3,24,0,163.41,42,2026-05-21,,0
2042,Premium,18.99,0.0,0,0,64.81,72,2026-08-25,2026-08-28,1
2043,Student,9.99,0.0,2,0,32.71,79,2025-11-26,,0
2044,Student,9.99,19.9,5,1,104.4,30,2026-01-10,,0
2045,Free,0.0,33.9,13,1,69.09,26,2026-03-19,,0
2046,Student,9.99,40.8,14,2,35.23,45,2025-11-07,,0
2047,Premium,18.99,43.5,13,2,148.47,31,2026-07-14,,0
2048,Premium,18.99,20.1,14,0,4.08,59,2026-03-02,,0
2049,Free,0.0,25.2,13,2,0.0,30,2026-04-30,2026-06-07,1
2050,Free,0.0,0.0,7,1,34.84,54,2026-08-23,,0
2051,Free,0.0,13.7,9,0,77.17,59,2026-03-10,2026-03-20,1
2052,Free,0.0,22.5,16,1,305.27,37,2026-07-10,,0
2053,Premium,18.99,43.8,34,1,290.74,6,2026-08-15,,0
2054,Premium,18.99,45.1,8,1,174.43,29,2026-06-15,2026-06-26,1
2055,Free,0.0,43.0,23,2,245.71,25,2026-06-21,,0
2056,Premium,18.99,13.1,9,0,134.26,51,2026-01-14,2026-03-24,1
2057,Free,0.0,49.1,28,3,400.54,30,2025-11-15,,0
2058,Free,0.0,35.8,40,3,112.48,18,2026-03-07,,0
2059,Student,9.99,23.2,21,1,134.96,41,2026-01-09,,0
2060,Free,0.0,32.2,0,0,32.25,63,2026-07-25,,0
2061,Student,9.99,21.8,14,1,117.97,73,2025-11-17,,0
2062,Premium,18.99,29.7,14,0,62.75,39,2026-03-01,,0
2063,Premium,18.99,9.6,11,1,120.83,34,2026-03-28,,0
2064,Free,0.0,39.5,24,3,253.73,19,2025-10-18,,0
2065,Premium,18.99,38.0,24,1,169.58,45,2026-05-09,2026-06-03,1
2066,Free,0.0,38.9,20,3,234.95,34,2026-03-24,,0
2067,Student,9.99,3.2,32,0,277.59,12,2025-09-27,,0
2068,Free,0.0,72.8,25,3,239.29,10,2026-07-08,,0
2069,Student,9.99,22.7,12,0,141.55,56,2026-02-22,2026-05-14,1
2070,Free,0.0,32.6,29,2,94.31,35,2026-02-02,,0
2071,Premium,18.99,44.0,23,2,98.1,28,2025-12-19,,0
2072,Premium,18.99,27.8,31,1,239.41,66,2025-09-26,2026-03-01,1
2073,Free,0.0,34.1,16,1,76.07,26,2026-04-28,,0
2074,Premium,18.99,16.5,16,1,148.67,61,2026-07-20,,0
2075,Free,0.0,22.3,36,3,209.93,42,2026-04-08,,0
2076,Premium,18.99,35.3,11,1,244.71,29,2026-07-05,,0
2077,Free,0.0,48.8,12,3,56.38,29,2025-12-09,,0
2078,Free,0.0,47.9,31,2,334.15,6,2026-02-06,,0
2079,Premium,18.99,28.7,30,2,175.93,30,2025-11-28,,0
2080,Student,9.99,27.3,0,0,33.66,45,2026-04-29,,0
2081,Student,9.99,22.0,22,1,115.5,34,2025-09-17,,0
2082,Student,9.99,6.7,11,0,126.59,53,2025-10-09,,0
2083,Free,0.0,17.1,28,0,155.44,42,2025-10-01,,0
2084,Free,0.0,53.3,43,4,260.93,3,2025-12-14,,0
2085,Premium,18.99,20.7,27,3,102.51,1,2026-06-24,,0
2086,Premium,18.99,17.3,25,1,38.62,45,2026-07-09,2026-08-20,1
2087,Free,0.0,55.7,39,2,319.94,1,2025-09-16,,0
2088,Free,0.0,12.2,3,2,0.0,36,2025-10-18,,0
2089,Premium,18.99,39.1,10,2,129.3,34,2025-10-14,,0
2090,Premium,18.99,66.6,28,4,428.78,9,2026-01-09,,0
2091,Premium,18.99,60.3,30,2,258.02,33,2025-10-23,,0
2092,Student,9.99,23.9,11,1,125.72,46,2026-03-04,,0
2093,Student,9.99,16.2,0,0,14.12,57,2026-07-03,,0
2094,Student,9.99,16.1,13,1,25.94,60,2026-05-30,,0
2095,Free,0.0,24.2,16,2,176.02,34,2025-10-25,,0
2096,Free,0.0,42.0,28,3,160.78,27,2026-01-06,,0
2097,Free,0.0,24.8,22,0,165.13,71,2025-09-01,,0
2098,Premium,18.99,28.7,16,2,122.43,47,2025-10-08,,0
2099,Free,0.0,21.8,9,0,364.17,48,2025-11-27,,0
2100,Premium,18.99,42.0,10,2,137.75,25,2026-08-17,,0
2101,Student,9.99,36.3,21,2,145.8,51,2026-06-25,,0
2102,Free,0.0,32.1,9,1,60.71,42,2026-04-17,,0
2103,Premium,18.99,48.1,38,3,321.41,0,2026-08-18,,0
2104,Premium,18.99,2.4,17,0,91.36,53,2025-09-24,,0
2105,Free,0.0,7.6,0,2,20.8,37,2026-06-09,,0
2106,Premium,18.99,26.2,26,1,149.95,33,2026-04-14,2026-07-25,1
2107,Student,9.99,16.7,18,1,173.52,43,2025-12-28,2026-06-19,1
2108,Free,0.0,29.6,23,1,216.83,47,2026-08-18,,0
2109,Premium,18.99,22.9,10,4,93.24,27,2026-01-11,,0
2110,Premium,18.99,34.3,20,0,171.15,9,2026-07-25,,0
2111,Free,0.0,31.5,10,1,279.63,30,2025-10-06,,0
2112,Premium,18.99,24.7,26,3,163.63,38,2025-12-22,,0
2113,Premium,18.99,24.0,16,3,118.27,61,2026-05-01,,0
2114,Premium,18.99,23.9,0,2,213.54,28,2025-12-19,,0
2115,Free,0.0,28.8,22,0,93.81,15,2026-05-09,,0
2116,Free,0.0,38.4,31,2,130.62,49,2026-07-21,,0
2117,Student,9.99,40.5,25,2,167.43,27,2026-08-28,,0
2118,Premium,18.99,0.0,6,0,126.49,63,2026-06-12,2026-06-14,1
2119,Student,9.99,30.3,19,2,241.84,23,2025-12-16,,0
2120,Premium,18.99,57.2,28,3,319.78,11,2026-02-07,,0
2121,Free,0.0,30.7,25,1,188.88,46,2026-05-24,,0
2122,Premium,18.99,0.0,9,1,150.05,58,2025-12-24,,0
2123,Premium,18.99,35.1,38,1,248.45,24,2026-04-12,,0
2124,Premium,18.99,30.5,28,2,221.03,30,2026-07-05,,0
2125,Premium,18.99,32.4,31,2,299.01,4,2025-12-27,,0
2126,Premium,18.99,15.1,20,1,218.73,40,2026-03-18,,0
2127,Free,0.0,67.3,31,2,256.13,0,2026-01-01,,0
2128,Premium,18.99,16.9,10,2,135.13,37,2026-02-07,2026-05-26,1
2129,Premium,18.99,31.5,26,3,269.13,45,2026-07-26,2026-08-06,1
2130,Student,9.99,38.9,13,1,191.11,51,2026-08-13,2026-08-20,1
2131,Free,0.0,28.9,20,0,93.04,37,2026-07-26,2026-08-15,1
2132,Premium,18.99,43.2,22,2,164.03,6,2026-06-11,,0
2133,Free,0.0,40.7,41,6,303.67,25,2026-06-11,,0
2134,Free,0.0,35.7,26,1,49.3,18,2025-09-30,2025-12-31,1
2135,Free,0.0,45.0,17,1,28.92,24,2025-11-19,,0
2136,Student,9.99,0.0,0,0,0.0,80,2025-10-14,,0
2137,Student,9.99,12.2,21,1,105.98,44,2026-03-11,2026-06-16,1
2138,Student,9.99,9.1,8,0,40.17,40,2026-05-06,,0
2139,Premium,18.99,25.2,32,0,136.14,40,2026-04-06,,0
2140,Student,9.99,10.0,12,1,139.06,51,2025-10-19,,0
2141,Student,9.99,16.5,26,1,72.25,47,2026-04-24,,0
2142,Premium,18.99,1.0,5,2,192.73,49,2026-01-13,2026-03-22,1
2143,Premium,18.99,57.3,42,4,262.93,7,2026-07-10,,0
2144,Free,0.0,19.9,12,2,203.89,39,2025-09-07,,0
2145,Free,0.0,20.7,11,0,0.0,54,2026-01-09,2026-05-28,1
2146,Premium,18.99,8.5,22,0,20.07,41,2025-09-13,,0
2147,Premium,18.99,20.9,18,1,130.21,46,2026-05-16,,0
2148,Student,9.99,0.0,14,1,180.26,59,2026-01-18,,0
2149,Free,0.0,5.5,3,0,0.0,58,2026-05-23,2026-06-12,1
2150,Premium,18.99,34.7,9,0,73.04,46,2026-03-14,,0
2151,Premium,18.99,30.2,23,0,18.11,59,2026-05-06,,0
2152,Student,9.99,24.7,12,2,79.7,34,2026-07-11,,0
2153,Premium,18.99,71.0,30,3,208.73,26,2026-03-23,,0
2154,Premium,18.99,21.2,19,2,117.33,10,2026-02-19,2026-05-22,1
2155,Premium,18.99,35.3,17,1,26.69,40,2026-07-05,,0
2156,Premium,18.99,7.3,16,1,20.12,30,2026-04-08,2026-04-27,1
2157,Premium,18.99,26.5,14,0,12.83,24,2026-07-28,,0
2158,Student,9.99,4.2,10,2,121.76,78,2026-01-08,,0
2159,Student,9.99,28.1,18,0,169.26,43,2026-05-09,,0
2160,Premium,18.99,43.1,28,3,254.34,35,2026-07-30,,0
2161,Premium,18.99,31.4,34,2,108.8,40,2026-02-25,,0
2162,Student,9.99,41.8,28,0,224.73,46,2025-10-31,,0
2163,Free,0.0,15.6,16,2,155.7,43,2025-09-04,,0
2164,Premium,18.99,36.2,17,1,165.3,51,2025-09-13,,0
2165,Premium,18.99,53.4,24,0,214.98,27,2026-06-29,,0
2166,Free,0.0,34.8,47,2,202.96,13,2026-06-16,,0
2167,Free,0.0,32.0,19,2,211.02,27,2025-10-10,,0
2168,Free,0.0,17.8,12,1,199.35,48,2026-01-13,2026-06-02,1
2169,Premium,18.99,40.7,25,2,251.54,31,2026-02-14,2026-06-16,1
2170,Premium,18.99,40.8,16,1,115.01,38,2025-11-12,,0
2171,Student,9.99,53.1,30,0,313.92,10,2026-08-08,,0
2172,Student,9.99,29.9,17,2,88.19,52,2026-02-10,,0
2173,Premium,18.99,7.2,7,0,130.96,37,2026-02-04,,0
2174,Student,9.99,49.9,26,0,174.8,29,2025-09-24,,0
2175,Premium,18.99,32.8,33,1,227.37,24,2026-03-14,,0
2176,Free,0.0,0.0,1,0,215.34,83,2026-02-26,,0
2177,Free,0.0,35.6,21,3,142.97,23,2025-11-12,,0
2178,Student,9.99,40.9,24,4,381.67,34,2026-05-25,,0
2179,Free,0.0,45.0,38,4,287.49,9,2026-08-06,,0
2180,Premium,18.99,5.7,7,0,14.46,34,2026-03-12,,0
2181,Premium,18.99,32.3,25,2,84.2,58,2026-01-21,,0
2182,Free,0.0,0.0,5,2,266.26,35,2026-03-06,,0
2183,Student,9.99,4.4,15,0,86.82,59,2025-12-17,,0
2184,Premium,18.99,7.5,13,2,55.36,35,2026-05-31,2026-06-28,1
2185,Premium,18.99,56.0,29,0,205.66,3,2026-08-26,,0
2186,Student,9.99,24.3,14,0,173.49,34,2025-11-17,,0
2187,Free,0.0,45.1,25,2,252.96,4,2025-10-25,,0
2188,Student,9.99,9.4,0,1,73.84,44,2026-01-18,2026-02-21,1
2189,Student,9.99,34.1,21,4,324.43,23,2026-05-09,,0
2190,Premium,18.99,47.0,38,2,176.33,0,2026-04-18,,0
2191,Student,9.99,19.6,6,1,138.04,50,2026-03-09,,0
2192,Free,0.0,47.1,23,3,251.44,9,2026-03-31,,0
2193,Premium,18.99,19.7,10,0,84.82,12,2026-06-11,2026-07-10,1
2194,Student,9.99,30.0,24,2,275.41,17,2026-04-18,,0
2195,Free,0.0,31.6,26,1,113.58,25,2026-05-15,,0
2196,Student,9.99,35.2,22,4,7.57,17,2026-03-21,,0
2197,Premium,18.99,13.0,14,1,65.35,65,2026-04-16,,0
2198,Premium,18.99,8.0,24,0,101.64,49,2026-02-20,,0
2199,Free,0.0,35.4,33,0,44.37,25,2025-11-10,,0
2200,Premium,18.99,48.6,16,1,85.22,22,2026-05-03,,0
2201,Free,0.0,22.1,2,1,196.7,66,2026-08-10,2026-08-15,1
2202,Student,9.99,45.8,33,2,246.26,10,2025-11-06,,0
2203,Student,9.99,59.8,32,4,268.77,5,2026-06-25,,0
2204,Free,0.0,61.0,32,5,349.36,38,2025-09-27,,0
2205,Free,0.0,0.0,3,1,85.6,56,2026-02-20,,0
2206,Premium,18.99,39.9,45,1,375.82,17,2026-02-22,,0
2207,Free,0.0,5.1,21,2,19.49,33,2026-04-04,,0
2208,Premium,18.99,42.0,24,2,37.06,40,2025-12-15,,0
2209,Premium,18.99,66.3,30,1,286.45,19,2026-01-05,,0
2210,Student,9.99,7.1,10,2,110.51,22,2025-09-26,,0
2211,Free,0.0,0.0,2,1,121.1,56,2026-08-25,,0
2212,Free,0.0,27.2,10,0,38.03,40,2026-06-22,,0
2213,Free,0.0,67.4,47,4,324.86,8,2026-05-22,,0
2214,Student,9.99,12.0,22,1,193.36,35,2026-06-23,,0
2215,Premium,18.99,14.4,20,3,235.66,17,2025-09-19,,0
2216,Premium,18.99,52.9,30,1,127.48,41,2026-08-05,,0
2217,Free,0.0,35.4,17,1,197.8,28,2026-07-18,,0
2218,Free,0.0,26.6,2,1,56.1,51,2026-03-23,2026-04-17,1
2219,Free,0.0,24.1,25,1,110.36,44,2026-05-27,,0
2220,Premium,18.99,37.8,13,3,92.85,26,2026-05-03,2026-08-01,1
2221,Free,0.0,0.0,7,0,12.01,68,2026-01-23,,0
2222,Free,0.0,35.2,31,3,201.26,12,2026-02-08,,0
2223,Premium,18.99,18.0,14,1,50.23,65,2025-10-20,,0
2224,Student,9.99,33.1,43,1,225.79,21,2026-03-20,2026-07-26,1
2225,Free,0.0,34.1,29,1,94.62,39,2025-09-23,,0
2226,Premium,18.99,45.5,37,3,382.81,11,2026-06-23,,0
2227,Free,0.0,24.4,13,0,102.07,69,2026-06-22,,0
2228,Free,0.0,15.5,16,1,127.97,47,2026-04-11,,0
2229,Free,0.0,12.6,4,0,0.0,47,2026-07-20,,0
2230,Free,0.0,15.1,33,3,261.77,31,2026-08-21,,0
2231,Premium,18.99,30.2,9,1,155.36,23,2026-04-18,,0
2232,Student,9.99,40.1,26,2,184.47,35,2026-02-16,,0
2233,Premium,18.99,28.0,19,0,178.36,14,2026-05-22,2026-08-17,1
2234,Free,0.0,40.7,22,1,261.48,34,2026-05-25,,0
2235,Premium,18.99,40.9,29,3,12.7,33,2026-07-27,,0
2236,Premium,18.99,36.0,23,1,145.52,30,2026-07-21,,0
2237,Free,0.0,7.4,27,1,136.72,28,2025-10-13,,0
2238,Premium,18.99,25.1,14,1,82.36,45,2026-08-07,,0
2239,Premium,18.99,10.6,12,2,290.05,11,2025-12-18,,0
2240,Premium,18.99,35.7,22,2,151.84,28,2025-12-14,,0
2241,Free,0.0,16.6,25,1,192.86,51,2026-06-18,,0
2242,Premium,18.99,36.2,33,3,327.12,20,2026-06-02,,0
2243,Student,9.99,26.8,2,1,123.28,45,2026-04-19,,0
2244,Premium,18.99,44.0,21,2,146.08,21,2026-01-03,,0
2245,Premium,18.99,45.0,26,0,78.37,45,2026-08-18,2026-08-28,1
2246,Free,0.0,22.3,15,0,147.03,47,2025-11-07,,0
2247,Premium,18.99,20.6,4,2,198.31,73,2026-04-29,,0
2248,Premium,18.99,34.5,40,3,299.55,2,2026-03-02,,0
2249,Student,9.99,31.9,17,3,261.83,32,2025-10-03,,0
2250,Free,0.0,13.4,20,1,259.76,47,2026-07-14,,0
2251,Free,0.0,62.9,37,2,311.79,36,2025-09-20,,0
2252,Free,0.0,46.9,27,3,182.82,12,2026-01-19,,0
2253,Free,0.0,41.6,22,2,198.48,50,2026-03-29,,0
2254,Premium,18.99,21.3,9,1,191.03,43,2026-08-05,,0
2255,Free,0.0,37.0,18,1,109.48,59,2026-08-07,,0
2256,Premium,18.99,2.1,1,0,122.65,67,2025-11-06,2026-04-12,1
2257,Premium,18.99,25.6,4,0,81.82,60,2026-04-07,2026-05-13,1
2258,Premium,18.99,6.5,6,1,141.02,28,2025-11-27,,0
2259,Free,0.0,17.5,26,1,143.59,35,2025-10-31,,0
2260,Student,9.99,21.1,31,1,230.66,6,2026-04-07,,0
2261,Premium,18.99,28.7,15,1,118.88,49,2026-05-08,,0
2262,Student,9.99,15.2,8,0,0.0,42,2026-05-25,2026-07-26,1
2263,Free,0.0,19.0,2,0,19.48,57,2026-01-11,2026-03-31,1
2264,Premium,18.99,31.0,26,3,102.31,39,2025-12-16,,0
2265,Free,0.0,43.2,50,4,215.57,20,2026-04-26,,0
2266,Student,9.99,22.5,24,1,62.66,28,2026-02-05,,0
2267,Student,9.99,52.1,23,1,258.91,3,2026-02-15,,0
2268,Free,0.0,66.0,29,3,316.97,19,2026-07-10,,0
2269,Premium,18.99,32.5,0,2,162.17,60,2026-02-21,,0
2270,Free,0.0,32.3,27,1,56.0,25,2025-11-27,,0
2271,Premium,18.99,53.3,32,1,192.71,49,2025-09-14,,0
2272,Premium,18.99,39.2,24,2,114.55,21,2026-05-02,,0
2273,Free,0.0,23.7,8,0,127.9,14,2026-06-05,,0
2274,Free,0.0,36.0,17,1,231.87,8,2025-10-09,,0
2275,Free,0.0,9.7,16,0,166.66,57,2025-09-30,2025-11-19,1
2276,Premium,18.99,30.6,21,1,194.96,34,2025-11-02,,0
2277,Premium,18.99,21.1,26,0,249.54,50,2026-05-01,,0
2278,Free,0.0,28.3,13,2,108.6,35,2026-05-23,,0
2279,Student,9.99,24.6,20,1,79.61,49,2026-01-15,,0
2280,Free,0.0,39.2,19,3,185.65,41,2026-05-30,2026-06-29,1
2281,Student,9.99,30.9,37,1,299.59,13,2025-11-24,,0
2282,Student,9.99,63.2,15,1,184.25,14,2026-04-08,,0
2283,Free,0.0,28.3,21,2,246.81,14,2026-05-04,,0
2284,Premium,18.99,32.1,27,5,199.99,21,2025-11-11,,0
2285,Free,0.0,16.6,23,1,0.0,47,2026-04-24,,0
2286,Student,9.99,64.9,48,3,289.87,13,2026-07-15,,0
2287,Premium,18.99,6.0,1,0,0.0,80,2025-11-14,2025-12-06,1
2288,Premium,18.99,39.9,24,2,234.43,6,2026-05-08,,0
2289,Student,9.99,21.7,6,1,40.42,14,2026-01-04,2026-06-22,1
2290,Premium,18.99,0.0,15,1,17.91,66,2026-01-03,,0
2291,Free,0.0,36.4,13,0,95.0,29,2026-08-01,2026-08-06,1
2292,Premium,18.99,40.6,42,2,247.1,27,2026-08-19,,0
2293,Free,0.0,26.2,3,0,26.14,48,2025-11-05,,0
2294,Premium,18.99,30.4,32,1,56.99,32,2026-08-11,,0
2295,Free,0.0,0.0,17,1,111.86,32,2026-05-02,2026-07-08,1
2296,Premium,18.99,27.7,20,1,185.52,16,2025-11-26,,0
2297,Premium,18.99,44.9,28,0,256.38,31,2026-06-28,,0
2298,Student,9.99,4.9,11,0,0.0,60,2026-02-22,,0
2299,Student,9.99,28.2,21,2,183.57,37,2026-07-20,,0
2300,Student,9.99,24.5,30,2,350.63,23,2026-02-09,2026-04-15,1
2301,Free,0.0,14.3,9,0,7.47,75,2025-12-14,2026-03-10,1
2302,Premium,18.99,42.0,29,1,200.31,20,2026-06-02,,0
2303,Premium,18.99,52.5,32,3,120.94,0,2026-05-21,,0
2304,Student,9.99,42.4,24,2,183.87,17,2026-02-18,,0
2305,Free,0.0,37.6,23,1,211.56,37,2025-11-16,2026-03-05,1
2306,Premium,18.99,0.8,11,2,47.72,47,2026-02-14,2026-03-23,1
2307,Free,0.0,33.0,10,4,214.69,44,2025-12-18,,0
2308,Premium,18.99,9.4,24,1,203.38,19,2026-04-02,2026-05-02,1
2309,Free,0.0,22.3,25,3,97.49,34,2026-07-16,,0
2310,Free,0.0,48.3,25,5,328.85,31,2025-09-13,,0
2311,Free,0.0,54.0,18,1,64.35,35,2025-11-14,2026-01-18,1
2312,Free,0.0,20.7,24,1,140.06,22,2026-08-14,,0
2313,Premium,18.99,16.3,33,1,159.73,35,2026-05-23,,0
2314,Student,9.99,32.8,22,1,262.6,54,2026-04-02,,0
2315,Premium,18.99,54.4,32,1,113.34,32,2026-08-02,2026-08-19,1
2316,Premium,18.99,23.1,13,1,115.83,71,2025-10-23,2025-12-13,1
2317,Free,0.0,51.6,17,3,233.83,21,2026-06-29,,0
2318,Free,0.0,31.0,28,0,217.85,22,2026-06-17,,0
2319,Premium,18.99,27.5,17,1,245.85,25,2026-05-08,,0
2320,Premium,18.99,16.0,8,0,47.67,53,2025-09-24,2025-12-18,1
2321,Student,9.99,5.8,1,1,132.92,31,2026-06-10,2026-06-30,1
2322,Free,0.0,49.7,29,1,305.56,15,2026-03-29,,0
2323,Premium,18.99,35.2,42,4,381.42,5,2025-12-25,,0
2324,Free,0.0,44.5,30,1,213.24,31,2026-07-05,,0
2325,Premium,18.99,56.3,48,5,290.45,28,2026-07-30,,0
2326,Free,0.0,42.3,42,4,189.05,19,2026-07-29,,0
2327,Premium,18.99,0.0,0,0,0.0,31,2026-06-25,,0
2328,Student,9.99,21.6,13,1,137.76,22,2026-05-04,2026-07-28,1
2329,Premium,18.99,34.3,2,1,119.37,47,2025-09-22,,0
2330,Free,0.0,32.8,28,0,166.57,30,2025-09-30,,0
2331,Student,9.99,33.5,16,0,195.57,54,2026-02-05,2026-05-30,1
2332,Free,0.0,35.5,26,4,119.54,30,2025-09-23,,0
2333,Premium,18.99,41.6,26,5,196.8,32,2026-08-21,,0
2334,Free,0.0,5.3,15,0,234.88,45,2026-02-07,,0
2335,Free,0.0,31.9,10,2,224.23,47,2026-03-22,2026-06-20,1
2336,Premium,18.99,39.1,15,2,220.34,18,2026-07-19,2026-08-20,1
2337,Free,0.0,34.6,21,4,184.36,45,2026-02-11,,0
2338,Free,0.0,33.7,37,3,188.11,17,2026-03-18,,0
2339,Premium,18.99,11.0,9,0,0.0,36,2025-11-26,,0
2340,Premium,18.99,22.2,6,1,116.25,57,2026-04-01,,0
2341,Premium,18.99,15.9,0,1,0.0,66,2026-03-28,2026-04-29,1
2342,Free,0.0,40.9,36,2,195.91,14,2026-06-08,,0
2343,Student,9.99,64.7,25,4,228.07,35,2026-03-12,,0
2344,Premium,18.99,9.7,5,1,64.57,28,2026-08-04,,0
2345,Free,0.0,39.3,7,2,294.43,22,2026-02-06,,0
2346,Premium,18.99,0.0,0,1,179.36,56,2026-04-14,,0
2347,Free,0.0,18.1,1,0,130.13,52,2026-05-24,2026-07-01,1
2348,Premium,18.99,28.4,13,0,42.01,37,2026-04-18,,0
2349,Premium,18.99,38.7,21,2,353.5,21,2025-10-10,,0
2350,Student,9.99,24.6,26,4,227.45,21,2025-12-18,,0
2351,Student,9.99,0.0,10,0,23.19,45,2025-10-24,2026-06-10,1
2352,Free,0.0,14.4,29,1,105.18,49,2026-04-10,2026-04-23,1
2353,Free,0.0,18.4,0,1,132.54,47,2026-04-10,2026-06-06,1
2354,Premium,18.99,12.0,16,1,71.95,42,2026-08-27,2026-08-30,1
2355,Student,9.99,26.0,18,2,134.77,33,2025-12-26,,0
2356,Student,9.99,18.9,15,0,190.43,16,2026-08-24,,0
2357,Free,0.0,23.6,18,3,52.78,49,2025-09-11,2026-01-03,1
2358,Premium,18.99,0.0,9,0,4.54,85,2025-12-24,2026-04-30,1
2359,Free,0.0,12.3,9,0,0.0,68,2026-03-15,2026-04-12,1
2360,Free,0.0,42.5,41,2,298.31,19,2026-01-02,,0
2361,Premium,18.99,18.8,5,2,89.77,27,2025-09-03,,0
2362,Student,9.99,22.0,13,1,163.5,33,2026-07-04,,0
2363,Student,9.99,25.0,33,2,74.49,43,2025-12-02,,0
2364,Premium,18.99,8.3,21,0,27.95,18,2025-10-19,,0
2365,Free,0.0,54.4,33,0,135.19,15,2026-01-29,,0
2366,Premium,18.99,28.5,30,1,140.17,41,2026-01-02,,0
2367,Premium,18.99,0.0,1,1,122.01,31,2026-02-28,2026-05-17,1
2368,Premium,18.99,47.1,41,3,292.32,13,2026-07-06,,0
2369,Free,0.0,38.6,27,0,23.04,40,2025-09-07,,0
2370,Free,0.0,36.9,25,1,210.92,1,2026-05-19,,0
2371,Student,9.99,57.9,47,1,162.1,21,2026-04-13,,0
2372,Free,0.0,7.0,12,0,115.21,44,2025-09-10,,0
2373,Free,0.0,26.9,0,0,90.58,49,2026-08-11,2026-08-22,1
2374,Student,9.99,62.0,37,4,252.46,18,2026-04-05,,0
2375,Premium,18.99,28.7,11,3,68.91,47,2026-02-10,2026-03-21,1
2376,Free,0.0,17.6,29,1,277.24,34,2026-06-06,,0
2377,Premium,18.99,12.2,18,1,18.3,48,2025-12-30,2026-05-17,1
2378,Premium,18.99,49.3,21,2,159.82,12,2026-02-21,,0
2379,Premium,18.99,13.5,25,3,115.05,45,2026-05-28,,0
2380,Premium,18.99,54.2,36,3,204.77,9,2026-06-17,,0
2381,Premium,18.99,30.3,17,1,119.4,42,2026-05-19,,0
2382,Free,0.0,38.5,24,1,58.83,35,2025-11-16,2026-03-28,1
2383,Free,0.0,28.2,32,4,161.69,29,2026-02-22,,0
2384,Premium,18.99,25.5,19,2,90.72,54,2025-11-15,,0
2385,Premium,18.99,16.5,14,1,243.6,37,2025-12-12,,0
2386,Premium,18.99,12.9,7,0,211.62,51,2025-11-12,,0
2387,Premium,18.99,44.7,22,1,215.53,15,2025-10-23,,0
2388,Free,0.0,48.4,14,1,120.39,0,2026-01-18,,0
2389,Free,0.0,48.9,38,3,320.53,0,2026-04-22,,0
2390,Premium,18.99,27.6,11,3,115.68,34,2025-12-21,,0
2391,Free,0.0,17.7,4,0,40.76,35,2025-09-21,,0
2392,Student,9.99,38.3,20,1,198.73,0,2026-05-06,,0
2393,Premium,18.99,36.0,5,0,90.9,39,2026-03-07,,0
2394,Premium,18.99,20.1,17,1,81.61,40,2025-10-15,2026-02-23,1
2395,Free,0.0,33.9,23,1,93.87,37,2026-01-25,,0
2396,Premium,18.99,22.3,10,0,39.41,50,2026-07-10,,0
2397,Free,0.0,36.9,16,3,259.75,16,2026-04-26,,0
2398,Premium,18.99,8.3,12,0,122.03,53,2026-05-31,,0
2399,Free,0.0,35.7,34,3,240.51,25,2026-03-10,,0
2400,Premium,18.99,49.7,26,3,39.41,7,2025-09-03,2025-11-29,1
2401,Student,9.99,11.9,13,0,121.69,60,2025-10-29,,0
2402,Student,9.99,25.5,35,5,163.75,12,2025-09-15,,0
2403,Student,9.99,27.9,15,0,200.72,33,2025-12-04,,0
2404,Free,0.0,50.5,24,1,291.08,27,2026-02-27,,0
2405,Student,9.99,16.3,11,1,85.85,42,2026-01-03,2026-08-19,1
2406,Premium,18.99,27.4,25,2,76.7,22,2026-03-02,,0
2407,Premium,18.99,35.9,12,1,281.77,41,2026-08-17,2026-08-27,1
2408,Free,0.0,11.9,14,1,213.8,44,2026-07-20,,0
2409,Premium,18.99,17.8,18,3,191.15,31,2026-02-10,,0
2410,Premium,18.99,51.5,51,1,378.67,5,2026-01-03,,0
2411,Premium,18.99,41.7,14,1,145.24,48,2026-05-31,,0
2412,Student,9.99,22.9,12,0,181.24,32,2026-08-20,,0
2413,Free,0.0,32.7,18,3,172.5,34,2026-08-06,,0
2414,Premium,18.99,38.1,24,1,165.88,24,2026-05-09,,0
2415,Free,0.0,34.5,38,2,196.28,11,2025-10-21,,0
2416,Free,0.0,41.6,32,1,159.59,5,2026-04-01,,0
2417,Premium,18.99,43.3,35,6,199.1,12,2025-09-10,,0
2418,Free,0.0,29.5,23,3,102.75,41,2025-10-09,,0
2419,Premium,18.99,54.8,30,2,262.13,27,2025-10-22,,0
2420,Free,0.0,29.1,35,3,149.37,44,2025-09-12,2026-02-04,1
2421,Premium,18.99,32.6,22,2,0.0,23,2026-06-04,,0
2422,Premium,18.99,29.0,16,4,204.82,2,2025-09-10,,0
2423,Premium,18.99,41.7,29,0,167.51,29,2025-09-28,,0
2424,Premium,18.99,30.7,19,2,233.74,38,2025-11-13,,0
2425,Premium,18.99,22.7,14,0,75.86,47,2026-06-22,2026-07-16,1
2426,Free,0.0,38.2,29,3,294.72,18,2026-05-18,,0
2427,Premium,18.99,41.0,7,0,178.76,23,2026-01-05,,0
2428,Premium,18.99,9.5,5,0,0.0,85,2026-08-15,2026-08-19,1
2429,Student,9.99,0.8,3,0,6.06,62,2025-11-05,2025-11-13,1
2430,Student,9.99,29.1,17,2,81.69,46,2026-03-29,2026-07-23,1
2431,Free,0.0,13.0,7,0,59.34,65,2026-08-24,,0
2432,Student,9.99,35.4,31,1,157.38,48,2026-05-15,,0
2433,Premium,18.99,0.0,12,2,21.77,43,2026-04-09,2026-06-03,1
2434,Student,9.99,13.2,16,2,115.72,57,2026-01-04,,0
2435,Student,9.99,43.5,28,4,180.45,20,2026-01-24,,0
2436,Student,9.99,1.2,25,1,0.0,68,2026-04-18,2026-05-07,1
2437,Free,0.0,35.6,24,4,155.83,18,2026-01-17,2026-05-30,1
2438,Premium,18.99,32.3,18,1,15.64,39,2025-10-10,,0
2439,Free,0.0,34.8,31,3,287.83,40,2026-04-26,,0
2440,Free,0.0,28.4,34,5,278.65,22,2026-04-17,,0
2441,Free,0.0,39.3,30,5,339.02,23,2026-07-25,,0
2442,Premium,18.99,36.3,26,0,0.0,39,2026-04-16,,0
2443,Premium,18.99,35.4,24,3,299.45,10,2026-05-20,,0
2444,Free,0.0,37.4,38,2,292.26,33,2025-11-27,,0
2445,Free,0.0,0.0,3,0,15.23,69,2026-07-21,2026-07-31,1
2446,Student,9.99,37.9,7,0,102.6,51,2026-01-28,,0
2447,Free,0.0,38.3,26,3,127.8,23,2025-11-23,,0
2448,Premium,18.99,18.0,12,0,27.23,38,2026-05-30,,0
2449,Free,0.0,55.3,31,6,153.11,31,2026-08-07,,0
2450,Student,9.99,40.9,24,0,87.4,32,2025-12-28,,0
2451,Free,0.0,30.0,19,0,307.71,22,2026-01-29,,0
2452,Student,9.99,41.3,46,3,162.71,0,2026-02-07,,0
2453,Student,9.99,55.3,37,0,228.98,30,2025-10-14,,0
2454,Free,0.0,14.4,21,2,101.81,59,2026-07-25,,0
2455,Free,0.0,3.3,14,1,119.19,41,2026-06-20,,0
2456,Free,0.0,19.0,24,2,215.21,41,2026-03-14,2026-06-28,1
2457,Free,0.0,5.5,16,3,149.51,53,2026-02-07,,0
2458,Premium,18.99,21.4,18,0,137.73,34,2025-09-30,,0
2459,Free,0.0,13.0,23,2,173.31,42,2026-01-18,,0
2460,Free,0.0,2.0,7,1,44.46,63,2026-06-15,,0
2461,Free,0.0,20.3,9,2,238.4,39,2025-10-25,,0
2462,Premium,18.99,17.3,16,2,256.81,42,2026-04-02,,0
2463,Premium,18.99,42.7,14,1,45.52,64,2025-10-19,,0
2464,Premium,18.99,30.4,20,2,22.99,23,2026-05-23,,0
2465,Premium,18.99,45.8,34,2,277.46,24,2025-11-16,,0
2466,Premium,18.99,18.2,18,1,140.5,54,2026-02-17,,0
2467,Student,9.99,39.1,22,2,344.56,27,2026-02-10,,0
2468,Premium,18.99,38.2,20,1,222.49,45,2025-09-10,,0
2469,Premium,18.99,33.5,15,0,250.96,31,2026-07-06,,0
2470,Free,0.0,25.4,10,0,236.87,49,2026-05-10,2026-07-23,1
2471,Student,9.99,61.8,19,0,273.32,33,2026-06-26,2026-07-28,1
2472,Free,0.0,22.7,8,0,129.55,46,2025-11-01,,0
2473,Free,0.0,12.3,19,3,25.71,58,2025-10-25,,0
2474,Premium,18.99,42.9,28,4,195.57,33,2025-10-30,,0
2475,Free,0.0,27.1,16,2,196.16,24,2026-06-06,,0
2476,Premium,18.99,42.2,34,3,181.51,39,2026-05-29,,0
2477,Premium,18.99,42.7,44,4,279.67,0,2026-04-07,,0
2478,Student,9.99,11.5,9,6,222.45,43,2025-11-22,,0
2479,Free,0.0,41.9,34,2,139.3,20,2025-11-30,,0
2480,Premium,18.99,31.9,17,1,165.53,53,2025-09-05,,0
2481,Premium,18.99,58.6,35,3,289.92,2,2025-11-18,,0
2482,Free,0.0,33.3,19,0,63.98,50,2025-09-17,,0
2483,Free,0.0,31.8,19,0,65.05,44,2026-05-26,2026-07-02,1
2484,Premium,18.99,10.8,10,0,0.0,55,2026-01-22,2026-02-26,1
2485,Premium,18.99,33.7,27,2,227.68,47,2026-02-18,2026-06-11,1
2486,Free,0.0,20.3,6,1,56.38,47,2026-07-07,2026-07-24,1
2487,Free,0.0,62.4,21,2,202.95,0,2025-09-20,,0
2488,Premium,18.99,26.0,21,0,1.59,49,2026-07-19,,0
2489,Free,0.0,14.6,8,0,109.22,26,2025-10-23,2026-04-13,1
2490,Free,0.0,48.0,27,5,148.33,50,2026-05-26,,0
2491,Student,9.99,22.7,19,0,64.6,44,2026-06-12,,0
2492,Free,0.0,3.8,0,0,0.0,49,2026-01-24,2026-03-19,1
2493,Free,0.0,34.2,27,1,129.88,24,2026-03-14,2026-06-10,1
2494,Premium,18.99,14.8,12,0,111.85,32,2026-04-13,,0
2495,Premium,18.99,21.6,21,2,125.69,40,2025-10-06,,0
2496,Student,9.99,52.9,32,2,162.25,0,2025-12-19,,0
2497,Free,0.0,48.7,45,2,241.35,19,2026-01-21,,0
2498,Student,9.99,65.6,26,3,308.97,11,2025-11-17,,0
2499,Premium,18.99,37.5,18,0,151.06,30,2025-11-11,,0
2500,Premium,18.99,24.7,12,2,157.84,40,2026-06-27,,0
2501,Premium,18.99,19.8,13,0,39.56,63,2026-03-23,2026-06-30,1
2502,Premium,18.99,38.1,19,2,113.06,43,2025-10-05,,0
2503,Premium,18.99,59.1,27,3,165.51,9,2025-11-07,,0
2504,Premium,18.99,31.5,21,3,67.35,27,2026-08-09,,0
2505,Free,0.0,57.7,38,4,361.85,0,2026-06-03,,0
2506,Premium,18.99,28.0,11,1,177.57,38,2026-05-27,,0
2507,Premium,18.99,46.8,15,4,236.96,7,2026-02-25,,0
2508,Free,0.0,13.5,18,4,132.42,39,2025-11-07,2025-12-20,1
2509,Free,0.0,31.9,3,0,154.32,35,2026-03-08,,0
2510,Premium,18.99,26.1,21,4,58.25,48,2026-06-25,,0
2511,Student,9.99,29.1,22,3,58.4,51,2026-02-09,,0
2512,Premium,18.99,49.1,32,0,213.04,19,2026-06-12,,0
2513,Student,9.99,6.4,16,0,228.53,56,2025-12-27,,0
2514,Free,0.0,21.6,9,0,139.99,47,2025-09-09,2025-10-22,1
2515,Free,0.0,44.8,46,4,275.41,11,2026-01-13,,0
2516,Premium,18.99,57.4,28,2,328.36,5,2025-10-02,,0
2517,Free,0.0,32.1,0,1,192.9,52,2026-02-14,,0
2518,Premium,18.99,49.0,24,3,85.58,24,2025-11-08,,0
2519,Free,0.0,28.7,29,0,108.87,43,2025-09-22,,0
2520,Student,9.99,38.4,33,2,215.23,22,2026-06-29,,0
2521,Student,9.99,21.0,10,0,142.51,66,2026-01-01,,0
2522,Free,0.0,19.0,12,0,60.29,57,2026-05-30,,0
2523,Premium,18.99,19.5,24,1,118.52,42,2026-08-01,,0
2524,Premium,18.99,63.0,32,2,215.82,4,2026-06-07,,0
2525,Free,0.0,15.5,25,0,121.84,68,2026-07-10,,0
2526,Free,0.0,33.5,25,0,111.32,17,2026-06-23,,0
2527,Premium,18.99,44.2,24,2,97.12,22,2026-08-29,,0
2528,Premium,18.99,20.4,18,0,0.0,45,2025-09-11,,0
2529,Student,9.99,37.9,28,0,172.29,15,2026-03-24,,0
2530,Premium,18.99,5.7,6,0,92.41,44,2026-07-02,2026-08-05,1
2531,Free,0.0,53.2,33,2,215.12,24,2026-04-28,,0
2532,Free,0.0,70.1,36,4,237.33,9,2025-12-02,,0
2533,Premium,18.99,48.1,28,2,268.69,25,2026-01-13,,0
2534,Premium,18.99,69.8,26,2,377.68,19,2026-08-13,,0
2535,Premium,18.99,26.6,14,1,67.5,37,2026-07-09,,0
2536,Free,0.0,21.8,13,0,98.83,75,2026-02-14,,0
2537,Student,9.99,41.1,25,0,157.22,26,2025-09-12,,0
2538,Premium,18.99,50.8,33,1,271.0,24,2026-08-06,,0
2539,Free,0.0,58.6,31,5,172.4,12,2025-10-21,,0
2540,Student,9.99,46.1,32,2,393.41,0,2026-08-09,,0
2541,Premium,18.99,45.0,23,1,268.12,13,2026-03-04,,0
2542,Free,0.0,61.1,28,2,148.5,9,2026-06-08,,0
2543,Free,0.0,7.7,22,1,0.0,71,2026-03-30,,0
2544,Free,0.0,13.4,17,2,111.96,34,2025-09-28,2026-04-03,1
2545,Premium,18.99,14.7,0,0,25.84,48,2026-06-14,2026-07-01,1
2546,Free,0.0,25.9,36,0,200.07,34,2026-01-10,,0
2547,Free,0.0,20.2,19,1,141.78,37,2026-05-02,,0
2548,Free,0.0,25.2,9,1,175.45,59,2026-01-06,2026-06-09,1
2549,Free,0.0,33.5,32,2,190.46,14,2026-08-11,,0
2550,Free,0.0,25.1,3,3,293.86,22,2026-05-15,,0
2551,Premium,18.99,23.9,18,1,191.99,42,2025-09-16,,0
2552,Free,0.0,50.7,21,2,95.07,43,2025-12-10,,0
2553,Free,0.0,39.8,22,0,302.52,29,2025-09-24,,0
2554,Free,0.0,27.8,23,1,227.79,21,2025-12-26,,0
2555,Student,9.99,0.0,6,1,72.71,54,2026-06-25,2026-07-15,1
2556,Free,0.0,8.3,7,0,104.06,61,2026-03-16,,0
2557,Premium,18.99,13.5,13,0,0.0,58,2025-10-15,2026-03-05,1
2558,Premium,18.99,19.1,14,0,0.0,67,2025-12-25,2026-02-16,1
2559,Premium,18.99,47.6,31,2,229.41,27,2026-02-23,2026-05-14,1
2560,Free,0.0,24.1,16,0,206.51,47,2025-10-19,2026-01-11,1
2561,Premium,18.99,33.1,30,0,155.36,17,2026-07-21,,0
2562,Premium,18.99,35.2,25,2,297.59,20,2025-09-15,,0
2563,Free,0.0,32.8,15,2,234.0,30,2026-07-16,,0
2564,Student,9.99,11.1,1,1,106.14,37,2025-09-02,,0
2565,Premium,18.99,59.5,13,2,252.71,33,2025-11-11,,0
2566,Free,0.0,30.7,19,4,274.23,33,2026-03-06,,0
2567,Free,0.0,43.1,27,2,199.58,2,2026-03-11,,0
2568,Premium,18.99,27.8,11,1,95.82,54,2026-08-20,,0
2569,Free,0.0,27.7,24,1,168.74,33,2026-05-08,,0
2570,Premium,18.99,25.0,13,3,0.0,45,2026-06-09,,0
2571,Free,0.0,17.6,5,1,107.98,58,2025-12-17,2026-01-04,1
2572,Free,0.0,0.0,8,0,79.56,54,2026-06-21,2026-07-07,1
2573,Free,0.0,19.8,20,0,87.06,67,2025-11-10,2026-03-15,1
2574,Free,0.0,24.5,20,1,228.87,21,2026-05-14,,0
2575,Premium,18.99,29.5,10,0,56.77,74,2025-10-25,,0
2576,Premium,18.99,42.5,10,1,32.91,19,2026-04-22,,0
2577,Premium,18.99,32.7,7,2,247.76,57,2025-11-30,,0
2578,Student,9.99,31.0,28,4,216.14,3,2025-12-30,,0
2579,Student,9.99,13.9,22,1,65.68,75,2025-09-04,,0
2580,Free,0.0,34.6,8,1,198.47,34,2026-02-21,,0
2581,Free,0.0,56.0,4,0,141.01,66,2026-04-25,,0
2582,Premium,18.99,44.6,22,0,182.34,28,2026-01-06,,0
2583,Student,9.99,44.4,23,3,224.1,39,2026-08-21,,0
2584,Student,9.99,32.1,12,1,53.44,38,2025-09-11,,0
2585,Student,9.99,25.0,36,3,161.59,18,2025-12-27,,0
2586,Premium,18.99,49.0,24,2,285.65,0,2026-08-14,2026-08-21,1
2587,Free,0.0,15.0,18,1,82.73,70,2026-06-30,2026-08-07,1
2588,Premium,18.99,17.7,17,2,79.16,36,2026-08-26,,0
2589,Premium,18.99,25.1,28,1,194.59,0,2025-12-31,,0
2590,Premium,18.99,44.1,32,3,178.9,34,2026-01-01,2026-06-26,1
2591,Free,0.0,55.9,49,0,327.52,12,2026-07-03,2026-08-07,1
2592,Free,0.0,51.4,28,0,155.4,3,2026-02-13,,0
2593,Student,9.99,32.8,30,1,0.0,23,2026-03-06,,0
2594,Premium,18.99,0.0,10,0,110.77,59,2026-03-08,2026-03-17,1
2595,Premium,18.99,30.2,31,2,108.93,41,2026-01-18,,0
2596,Student,9.99,35.0,27,1,163.41,23,2025-10-24,,0
2597,Free,0.0,0.1,8,0,0.0,71,2025-10-02,2026-03-27,1
2598,Free,0.0,35.0,33,2,271.86,37,2026-07-05,,0
2599,Premium,18.99,14.9,24,1,152.95,37,2025-09-21,,0
2600,Free,0.0,35.9,31,1,172.48,16,2026-02-03,,0
2601,Student,9.99,34.1,20,1,158.72,35,2026-06-26,,0
2602,Premium,18.99,7.8,13,2,0.0,52,2025-09-25,,0
2603,Free,0.0,21.5,0,2,53.28,42,2026-04-19,2026-06-04,1
2604,Free,0.0,50.3,10,0,126.98,41,2026-03-22,2026-07-10,1
2605,Free,0.0,31.7,25,2,155.04,32,2025-09-12,,0
2606,Free,0.0,52.6,25,2,222.74,20,2026-02-01,,0
2607,Premium,18.99,42.8,34,2,225.75,18,2026-07-10,,0
2608,Free,0.0,39.2,10,0,211.82,43,2026-08-06,,0
2609,Free,0.0,17.2,6,0,0.0,80,2025-11-05,,0
2610,Free,0.0,21.5,14,2,128.39,22,2026-04-26,,0
2611,Free,0.0,16.1,19,1,127.15,58,2026-07-26,,0
2612,Premium,18.99,36.5,20,3,113.59,50,2026-08-16,,0
2613,Premium,18.99,8.0,9,0,30.88,46,2025-09-20,,0
2614,Student,9.99,12.6,19,0,161.6,52,2026-02-04,,0
2615,Student,9.99,31.7,19,0,97.0,61,2026-02-21,2026-03-23,1
2616,Free,0.0,49.5,32,2,241.55,7,2026-01-28,,0
2617,Student,9.99,40.2,34,1,259.98,19,2026-04-01,,0
2618,Free,0.0,28.8,9,3,137.29,30,2025-09-18,2026-06-12,1
2619,Premium,18.99,20.3,13,0,30.53,43,2026-01-24,2026-04-03,1
2620,Free,0.0,37.6,33,3,262.95,9,2026-01-10,,0
2621,Student,9.99,12.5,23,0,163.08,49,2025-10-09,,0
2622,Free,0.0,11.2,7,1,19.88,48,2026-08-30,,0
2623,Premium,18.99,12.4,19,1,120.74,46,2026-05-07,2026-05-21,1
2624,Free,0.0,9.3,16,1,207.42,37,2025-10-31,,0
2625,Premium,18.99,40.2,19,5,145.76,21,2026-07-27,,0
2626,Free,0.0,38.5,15,3,83.19,26,2026-05-03,,0
2627,Premium,18.99,24.4,24,0,26.28,46,2026-07-03,2026-07-23,1
2628,Premium,18.99,23.9,21,1,8.21,42,2025-12-14,,0
2629,Free,0.0,29.3,39,2,378.91,19,2025-10-28,,0
2630,Free,0.0,49.1,21,0,178.18,36,2026-05-27,,0
2631,Free,0.0,31.0,15,2,87.81,38,2025-12-24,,0
2632,Premium,18.99,39.5,19,1,97.2,23,2025-11-27,,0
2633,Premium,18.99,61.1,29,2,181.38,9,2025-10-05,,0
2634,Free,0.0,16.6,15,6,75.82,44,2025-09-27,2026-06-20,1
2635,Free,0.0,2.1,17,2,254.71,33,2026-03-18,,0
2636,Free,0.0,23.9,20,1,84.96,29,2026-08-03,,0
2637,Free,0.0,52.5,26,3,130.68,18,2025-12-03,,0
2638,Premium,18.99,53.3,34,2,303.65,14,2026-02-14,,0
2639,Free,0.0,0.0,12,0,21.83,66,2026-03-17,2026-07-23,1
2640,Free,0.0,5.7,3,2,83.7,45,2026-02-15,2026-05-10,1
2641,Premium,18.99,14.7,15,1,130.18,39,2026-01-08,2026-02-03,1
2642,Premium,18.99,32.2,39,3,232.91,11,2026-05-19,,0
2643,Premium,18.99,45.5,26,2,198.26,33,2026-05-04,,0
2644,Free,0.0,28.2,18,2,63.31,27,2026-04-29,2026-07-01,1
2645,Premium,18.99,32.8,33,2,78.74,8,2026-03-04,,0
2646,Student,9.99,29.7,18,0,137.4,40,2025-12-28,,0
2647,Student,9.99,46.7,29,2,144.61,7,2026-08-16,,0
2648,Free,0.0,42.6,21,3,229.84,21,2026-05-17,,0
2649,Premium,18.99,51.4,20,5,121.2,18,2025-12-09,,0
2650,Student,9.99,43.4,27,0,176.74,21,2026-08-20,,0
2651,Premium,18.99,38.4,17,3,183.33,0,2025-11-14,,0
2652,Premium,18.99,24.4,23,3,171.0,34,2025-11-24,,0
2653,Premium,18.99,24.6,29,2,187.63,49,2026-05-07,,0
2654,Premium,18.99,26.4,33,4,128.93,44,2026-01-15,,0
2655,Premium,18.99,53.3,22,1,116.69,6,2026-03-06,,0
2656,Free,0.0,33.7,39,2,323.18,40,2026-06-01,,0
2657,Free,0.0,35.1,29,1,174.07,8,2026-07-08,,0
2658,Premium,18.99,23.6,12,0,212.66,31,2025-09-15,,0
2659,Student,9.99,0.0,0,0,0.0,76,2025-10-22,,0
2660,Student,9.99,36.9,29,0,129.88,45,2025-10-08,,0
2661,Premium,18.99,40.3,22,2,207.09,20,2026-07-11,,0
2662,Student,9.99,45.3,41,2,254.6,8,2025-09-14,,0
2663,Premium,18.99,37.8,24,2,119.0,51,2026-01-15,2026-07-31,1
2664,Free,0.0,33.0,3,0,81.02,52,2026-02-26,2026-06-15,1
2665,Premium,18.99,38.1,18,3,227.36,23,2026-04-29,2026-07-25,1
2666,Free,0.0,41.9,44,2,289.74,34,2026-06-07,,0
2667,Premium,18.99,26.8,29,2,210.43,41,2026-05-05,,0
2668,Premium,18.99,36.6,21,2,86.88,41,2026-06-29,2026-07-23,1
2669,Free,0.0,26.4,12,4,41.92,48,2025-11-16,2026-04-04,1
2670,Free,0.0,8.0,12,0,97.7,79,2025-09-19,,0
2671,Free,0.0,49.0,25,3,252.04,20,2025-09-12,,0
2672,Student,9.99,24.3,23,0,74.99,44,2025-10-10,,0
2673,Student,9.99,2.3,7,0,0.0,75,2026-07-14,,0
2674,Free,0.0,5.5,0,1,188.79,45,2025-12-04,2026-01-20,1
2675,Premium,18.99,24.6,19,0,168.01,52,2025-10-22,,0
2676,Free,0.0,23.8,27,4,287.73,0,2026-02-26,2026-06-04,1
2677,Student,9.99,14.0,13,2,68.11,46,2026-02-09,2026-04-05,1
2678,Student,9.99,35.9,29,1,171.13,20,2026-04-13,,0
2679,Free,0.0,18.4,19,1,143.94,50,2025-11-04,2026-01-05,1
2680,Free,0.0,45.3,24,0,114.02,29,2025-12-18,,0
2681,Premium,18.99,51.7,25,3,187.17,27,2026-01-14,,0
2682,Premium,18.99,49.3,23,1,110.16,23,2026-08-28,,0
2683,Free,0.0,43.7,22,0,150.52,29,2025-09-15,2025-12-27,1
2684,Premium,18.99,41.9,9,0,214.65,34,2026-02-21,,0
2685,Student,9.99,49.4,20,0,48.43,40,2025-09-17,,0
2686,Free,0.0,27.9,36,1,220.29,46,2025-12-27,,0
2687,Premium,18.99,15.9,4,1,70.0,44,2026-02-22,2026-05-14,1
2688,Student,9.99,14.3,5,0,23.16,71,2025-11-29,,0
2689,Free,0.0,19.0,12,0,85.11,49,2026-06-02,,0
2690,Premium,18.99,26.2,18,0,104.37,36,2026-03-20,,0
2691,Free,0.0,31.4,16,1,149.57,29,2026-08-22,,0
2692,Free,0.0,29.0,13,2,143.64,26,2025-12-03,,0
2693,Free,0.0,30.5,0,0,31.65,60,2026-05-05,2026-07-07,1
2694,Premium,18.99,10.6,24,1,200.32,46,2026-07-28,,0
2695,Premium,18.99,39.8,15,0,166.41,22,2025-11-14,,0
2696,Premium,18.99,38.5,19,6,157.67,28,2026-06-07,,0
2697,Free,0.0,23.4,41,3,151.06,6,2026-06-11,,0
2698,Premium,18.99,24.7,17,3,136.65,29,2026-07-10,,0
2699,Student,9.99,39.7,33,1,186.54,16,2026-01-23,,0
2700,Free,0.0,14.0,13,0,95.4,82,2026-04-29,2026-05-29,1
2701,Free,0.0,14.6,19,0,38.42,65,2026-02-04,,0
2702,Premium,18.99,29.7,11,1,0.0,22,2026-04-28,2026-07-16,1
2703,Free,0.0,12.2,13,0,138.0,41,2025-11-30,,0
2704,Premium,18.99,64.6,30,2,186.9,24,2026-04-17,,0
2705,Student,9.99,16.1,24,2,35.69,49,2025-11-15,,0
2706,Free,0.0,31.6,12,4,196.63,37,2026-03-14,,0
2707,Premium,18.99,32.8,22,2,0.0,21,2026-08-26,,0
2708,Premium,18.99,41.4,35,3,349.91,37,2026-03-25,,0
2709,Student,9.99,65.7,35,2,306.53,11,2026-06-03,,0
2710,Premium,18.99,0.0,16,0,39.21,55,2026-03-05,,0
2711,Student,9.99,32.1,14,3,115.22,5,2026-07-17,,0
2712,Premium,18.99,8.5,10,3,138.56,56,2025-11-30,,0
2713,Free,0.0,18.7,17,1,150.79,58,2026-01-16,2026-04-23,1
2714,Student,9.99,25.5,30,1,114.92,20,2026-07-11,,0
2715,Free,0.0,34.6,28,3,109.13,12,2025-09-08,,0
2716,Student,9.99,44.1,29,3,366.71,24,2026-04-25,,0
2717,Student,9.99,22.4,25,5,307.41,14,2026-06-16,,0
2718,Free,0.0,35.9,39,1,206.27,30,2026-08-31,,0
2719,Premium,18.99,24.1,18,4,137.26,37,2026-06-02,,0
2720,Free,0.0,19.3,29,2,207.97,54,2026-08-21,,0
2721,Free,0.0,39.0,16,0,171.42,34,2026-03-08,,0
2722,Free,0.0,47.7,36,2,122.0,40,2026-01-22,,0
2723,Premium,18.99,28.8,10,1,131.45,49,2026-04-18,2026-06-30,1
2724,Free,0.0,38.9,15,4,192.52,28,2025-10-16,,0
2725,Student,9.99,45.9,40,3,222.44,3,2025-09-13,,0
2726,Premium,18.99,53.1,27,3,254.09,34,2026-05-12,,0
2727,Free,0.0,42.6,13,1,0.0,56,2026-01-11,2026-04-07,1
2728,Premium,18.99,30.5,7,0,20.97,18,2026-04-07,2026-06-02,1
2729,Free,0.0,37.1,11,3,83.26,23,2026-05-24,2026-07-25,1
2730,Premium,18.99,31.9,17,0,84.47,57,2026-06-16,2026-07-07,1
2731,Free,0.0,29.8,30,3,194.69,37,2026-02-22,2026-05-15,1
2732,Premium,18.99,57.4,23,1,322.6,15,2026-07-10,,0
2733,Premium,18.99,43.0,28,0,155.47,42,2025-12-29,,0
2734,Free,0.0,16.0,11,4,131.15,42,2025-10-13,2026-03-22,1
2735,Free,0.0,26.2,14,2,163.36,38,2026-04-19,,0
2736,Free,0.0,28.3,44,3,270.34,8,2026-02-04,,0
2737,Free,0.0,21.2,9,3,89.53,55,2025-09-09,,0
2738,Premium,18.99,32.8,41,2,213.19,0,2025-12-17,,0
2739,Student,9.99,14.1,23,0,77.41,29,2026-04-06,,0
2740,Premium,18.99,30.1,19,1,61.52,16,2025-10-14,2026-04-28,1
2741,Premium,18.99,8.5,23,2,122.59,43,2026-08-16,,0
2742,Premium,18.99,25.3,19,2,123.22,49,2026-01-29,,0
2743,Premium,18.99,19.9,12,0,63.66,57,2026-05-31,2026-06-25,1
2744,Free,0.0,45.1,38,2,262.83,11,2026-06-27,,0
2745,Free,0.0,36.4,39,1,213.4,23,2026-02-24,,0
2746,Free,0.0,32.4,24,0,53.36,40,2025-12-14,2026-07-16,1
2747,Free,0.0,49.6,6,3,233.85,27,2025-12-05,,0
2748,Free,0.0,43.1,29,1,251.13,23,2025-12-02,,0
2749,Free,0.0,0.0,5,0,0.0,29,2026-05-18,2026-06-25,1
2750,Free,0.0,24.9,18,1,148.22,50,2026-04-02,,0
2751,Student,9.99,59.2,36,2,237.39,8,2026-07-21,,0
2752,Free,0.0,33.6,18,3,66.17,39,2026-01-18,,0
2753,Free,0.0,0.0,10,0,15.26,66,2025-11-11,,0
2754,Free,0.0,40.1,29,2,117.89,0,2026-03-08,,0
2755,Student,9.99,17.5,29,1,144.81,39,2026-05-09,,0
2756,Premium,18.99,21.8,24,1,46.48,43,2026-05-02,,0
2757,Premium,18.99,0.0,12,0,134.33,61,2026-01-06,2026-04-11,1
2758,Free,0.0,37.5,29,2,187.8,17,2025-12-29,,0
2759,Free,0.0,28.6,23,0,71.5,56,2026-03-11,,0
2760,Free,0.0,16.8,24,1,204.33,29,2026-06-02,,0
2761,Free,0.0,55.3,37,1,208.88,0,2026-04-04,,0
2762,Free,0.0,20.2,22,4,59.49,42,2026-05-04,,0
2763,Premium,18.99,42.1,22,3,29.56,37,2026-07-27,,0
2764,Free,0.0,30.8,38,2,276.21,23,2026-04-05,,0
2765,Free,0.0,44.8,41,1,383.98,26,2025-10-26,,0
2766,Premium,18.99,4.5,4,0,0.0,58,2026-01-19,2026-04-11,1
2767,Student,9.99,13.9,33,1,69.41,41,2026-07-14,,0
2768,Free,0.0,12.6,0,0,41.61,65,2025-10-24,2025-10-29,1
2769,Free,0.0,23.2,21,1,86.88,50,2026-06-15,,0
2770,Premium,18.99,26.4,12,4,127.16,43,2026-01-19,2026-01-25,1
2771,Free,0.0,46.2,35,0,159.02,9,2026-02-05,,0
2772,Premium,18.99,47.9,25,3,201.32,43,2025-12-09,2026-02-08,1
2773,Premium,18.99,11.5,13,2,72.64,39,2025-11-25,2026-05-25,1
2774,Free,0.0,51.2,28,3,236.93,26,2026-05-17,,0
2775,Premium,18.99,24.1,10,1,30.85,40,2025-11-21,,0
2776,Free,0.0,3.6,3,0,12.11,39,2026-01-29,2026-03-21,1
2777,Free,0.0,22.2,10,1,0.0,21,2026-04-26,,0
2778,Free,0.0,12.1,14,4,118.54,24,2026-07-25,2026-08-18,1
2779,Premium,18.99,33.6,15,1,54.78,54,2026-02-05,2026-05-18,1
2780,Free,0.0,33.3,22,1,207.03,53,2026-03-15,,0
2781,Free,0.0,14.1,8,2,109.61,47,2026-03-13,,0
2782,Premium,18.99,41.9,20,1,247.27,2,2025-12-23,,0
2783,Free,0.0,11.7,21,1,142.12,27,2025-12-16,,0
2784,Premium,18.99,33.1,28,3,31.98,44,2026-06-27,,0
2785,Premium,18.99,41.3,36,2,90.96,0,2026-05-15,,0
2786,Student,9.99,0.0,12,2,40.83,80,2025-10-06,2025-12-15,1
2787,Premium,18.99,35.7,30,2,158.94,60,2026-01-27,2026-04-23,1
2788,Premium,18.99,43.7,28,2,138.19,60,2026-04-01,,0
2789,Free,0.0,28.7,38,3,84.19,41,2025-09-11,,0
2790,Premium,18.99,34.2,47,0,169.37,22,2025-12-30,,0
2791,Premium,18.99,13.6,0,1,23.2,64,2025-10-25,,0
2792,Premium,18.99,19.3,0,0,151.84,58,2026-03-13,2026-05-19,1
2793,Premium,18.99,26.1,25,1,235.04,19,2026-07-03,2026-07-18,1
2794,Student,9.99,6.8,12,1,28.1,41,2025-12-07,,0
2795,Student,9.99,41.6,29,0,219.52,15,2025-11-06,,0
2796,Free,0.0,47.5,35,1,244.58,8,2026-01-30,,0
2797,Student,9.99,24.2,14,0,150.31,57,2026-03-27,,0
2798,Premium,18.99,33.5,16,2,272.72,26,2026-07-18,,0
2799,Premium,18.99,10.2,13,1,125.4,41,2026-06-03,,0
2800,Free,0.0,35.3,18,1,225.14,48,2025-09-28,2026-04-11,1
2801,Student,9.99,12.2,14,1,0.0,71,2026-07-01,2026-07-17,1
2802,Premium,18.99,59.5,19,0,125.13,33,2026-01-03,,0
2803,Student,9.99,10.3,7,2,0.0,58,2026-01-01,,0
2804,Premium,18.99,43.7,31,2,213.01,11,2026-03-12,,0
2805,Premium,18.99,53.6,16,2,172.09,53,2025-09-02,,0
2806,Free,0.0,37.4,31,4,0.0,44,2025-12-28,,0
2807,Free,0.0,8.3,0,0,58.01,37,2025-09-13,2025-09-15,1
2808,Premium,18.99,10.7,6,1,144.9,67,2026-05-28,,0
2809,Student,9.99,46.8,23,1,195.65,25,2025-12-04,,0
2810,Premium,18.99,20.6,24,1,77.02,40,2025-11-24,2025-12-30,1
2811,Free,0.0,29.9,11,1,182.31,41,2025-09-30,,0
2812,Free,0.0,40.8,40,4,228.49,16,2026-04-03,,0
2813,Free,0.0,22.7,30,1,164.56,39,2026-05-02,,0
2814,Premium,18.99,20.0,18,0,162.34,18,2025-11-11,2026-04-24,1
2815,Premium,18.99,29.2,21,0,105.53,58,2025-12-12,,0
2816,Premium,18.99,33.1,7,1,257.14,25,2026-05-23,,0
2817,Student,9.99,26.0,33,2,176.56,10,2026-05-12,,0
2818,Premium,18.99,46.5,17,1,189.83,18,2025-11-16,,0
2819,Free,0.0,29.9,30,2,262.36,14,2026-02-05,,0
2820,Student,9.99,46.2,22,6,205.15,14,2025-10-05,,0
2821,Premium,18.99,40.2,21,3,80.38,39,2026-01-13,,0
2822,Free,0.0,46.3,22,0,254.94,13,2025-09-08,,0
2823,Premium,18.99,3.0,15,1,225.48,53,2026-05-04,,0
2824,Free,0.0,21.4,22,0,162.3,52,2025-11-21,,0
2825,Free,0.0,32.8,22,2,219.16,27,2026-06-23,,0
2826,Student,9.99,48.3,49,5,93.69,10,2025-12-18,,0
2827,Premium,18.99,10.7,5,1,14.49,73,2026-04-01,,0
2828,Free,0.0,36.7,46,1,223.31,0,2026-02-23,,0
2829,Premium,18.99,21.4,2,1,100.74,67,2025-11-10,2026-02-21,1
2830,Free,0.0,14.5,17,0,258.72,49,2026-07-24,,0
2831,Premium,18.99,17.9,10,0,28.04,46,2026-06-11,,0
2832,Student,9.99,43.1,38,2,364.73,36,2026-02-08,,0
2833,Free,0.0,51.8,29,4,178.29,18,2026-04-02,,0
2834,Premium,18.99,19.9,4,1,86.93,41,2026-02-07,,0
2835,Premium,18.99,60.7,22,0,290.02,10,2026-03-27,,0
2836,Student,9.99,57.2,25,1,303.37,26,2026-08-08,,0
2837,Free,0.0,32.8,31,1,230.95,18,2025-09-24,,0
2838,Free,0.0,15.5,23,1,79.07,38,2025-12-22,,0
2839,Premium,18.99,18.9,20,2,201.91,39,2026-01-21,,0
2840,Premium,18.99,27.3,13,0,50.42,54,2026-07-08,,0
2841,Premium,18.99,13.6,19,0,49.11,36,2026-06-20,,0
2842,Premium,18.99,28.2,3,1,74.36,60,2026-01-26,2026-03-13,1
2843,Premium,18.99,14.7,18,0,49.92,33,2026-08-12,,0
2844,Free,0.0,11.3,16,0,175.24,21,2026-03-12,,0
2845,Student,9.99,38.9,22,1,142.5,18,2025-10-11,,0
2846,Premium,18.99,31.0,28,3,173.9,36,2025-10-16,,0
2847,Free,0.0,26.1,18,2,68.32,40,2026-02-25,,0
2848,Free,0.0,24.5,13,0,145.63,47,2026-06-08,,0
2849,Premium,18.99,28.5,9,2,89.97,39,2026-08-04,,0
2850,Premium,18.99,58.4,42,7,366.07,4,2026-06-30,,0
2851,Premium,18.99,21.8,20,1,173.75,54,2026-05-21,,0
2852,Free,0.0,22.7,29,3,167.17,4,2026-02-11,,0
2853,Premium,18.99,32.5,23,2,145.02,35,2025-12-10,,0
2854,Free,0.0,45.6,29,1,187.01,20,2026-03-17,2026-07-28,1
2855,Free,0.0,17.5,12,1,81.3,44,2025-11-03,2026-02-14,1
2856,Premium,18.99,29.5,16,2,103.82,26,2026-07-04,2026-07-27,1
2857,Premium,18.99,36.3,18,1,162.5,21,2026-03-30,,0
2858,Premium,18.99,23.5,15,0,69.35,55,2026-01-19,2026-03-05,1
2859,Premium,18.99,26.6,8,0,36.73,36,2026-08-12,,0
2860,Premium,18.99,14.7,10,2,56.02,49,2025-10-05,,0
2861,Free,0.0,7.1,4,1,96.5,51,2025-09-02,2025-09-22,1
2862,Free,0.0,40.7,21,2,190.01,23,2025-12-04,2026-05-11,1
2863,Premium,18.99,33.7,26,0,253.9,30,2025-12-18,,0
2864,Premium,18.99,42.3,12,2,102.85,55,2026-06-16,2026-08-01,1
2865,Free,0.0,53.3,26,2,133.5,5,2026-06-26,,0
2866,Free,0.0,53.9,31,3,147.61,25,2026-06-05,,0
2867,Free,0.0,47.0,17,1,129.78,32,2026-07-13,,0
2868,Free,0.0,14.2,29,1,285.57,42,2026-02-09,,0
2869,Premium,18.99,0.0,10,1,86.2,69,2025-09-16,,0
2870,Free,0.0,27.3,25,0,111.38,25,2025-12-27,,0
2871,Student,9.99,9.3,16,0,0.0,71,2025-10-14,,0
2872,Premium,18.99,18.9,24,1,0.0,31,2025-09-08,,0
2873,Student,9.99,2.3,17,0,35.37,50,2026-01-02,,0
2874,Student,9.99,21.9,5,0,105.01,55,2026-07-24,2026-07-29,1
2875,Free,0.0,52.9,11,2,126.86,34,2025-09-26,,0
2876,Free,0.0,45.3,23,3,95.48,20,2026-02-13,,0
2877,Free,0.0,21.6,15,2,0.0,63,2026-02-13,,0
2878,Free,0.0,24.6,17,4,157.02,63,2025-09-05,2026-01-28,1
2879,Free,0.0,21.7,0,0,145.04,23,2025-12-25,,0
2880,Free,0.0,18.4,18,1,44.33,52,2026-07-22,,0
2881,Free,0.0,62.5,34,0,185.57,32,2025-11-25,,0
2882,Free,0.0,41.8,28,2,381.15,14,2025-09-11,,0
2883,Premium,18.99,22.4,25,1,220.28,55,2026-06-06,2026-08-13,1
2884,Free,0.0,43.0,26,2,262.37,28,2026-03-16,,0
2885,Free,0.0,39.7,14,1,17.19,36,2026-07-25,,0
2886,Premium,18.99,11.9,22,2,91.17,34,2025-12-13,,0
2887,Free,0.0,8.5,0,0,10.57,59,2026-07-10,,0
2888,Student,9.99,1.5,4,0,70.67,62,2026-03-29,2026-06-30,1
2889,Premium,18.99,46.0,29,1,300.5,25,2026-01-06,,0
2890,Student,9.99,37.4,12,1,154.61,32,2025-10-29,,0
2891,Free,0.0,45.4,38,0,205.9,0,2026-05-07,,0
2892,Premium,18.99,33.1,24,0,64.58,50,2025-10-04,2025-12-25,1
2893,Premium,18.99,16.4,19,0,120.59,69,2026-08-23,,0
2894,Free,0.0,54.8,26,2,208.31,41,2026-07-02,,0
2895,Free,0.0,17.5,0,0,81.37,75,2026-07-19,2026-08-13,1
2896,Free,0.0,44.3,21,1,235.53,24,2025-12-02,,0
2897,Premium,18.99,39.3,24,2,171.52,37,2026-04-21,,0
2898,Free,0.0,7.8,7,0,74.86,65,2026-08-24,2026-08-25,1
2899,Free,0.0,0.0,4,0,103.0,76,2025-11-17,,0
2900,Student,9.99,20.1,28,1,156.85,59,2026-05-22,2026-06-17,1
2901,Premium,18.99,21.2,17,0,120.53,29,2025-12-25,,0
2902,Free,0.0,0.0,11,0,49.43,67,2026-02-11,,0
2903,Free,0.0,56.2,45,3,278.39,7,2026-07-22,,0
2904,Student,9.99,0.0,8,0,2.12,54,2026-01-23,2026-02-03,1
2905,Premium,18.99,24.7,37,0,85.45,16,2025-10-21,,0
2906,Student,9.99,25.7,9,1,154.59,24,2026-04-20,,0
2907,Premium,18.99,11.9,3,0,4.93,53,2025-10-31,,0
2908,Free,0.0,3.6,0,1,95.54,43,2026-05-25,2026-06-10,1
2909,Free,0.0,46.7,43,1,234.14,10,2026-05-20,,0
2910,Free,0.0,12.4,19,1,158.42,55,2026-06-30,2026-08-21,1
2911,Free,0.0,15.9,7,2,123.4,45,2026-06-15,2026-06-30,1
2912,Student,9.99,23.6,9,0,174.0,44,2026-06-05,,0
2913,Premium,18.99,35.4,39,3,188.79,5,2026-01-06,,0
2914,Free,0.0,19.8,14,3,114.48,54,2026-07-15,2026-07-29,1
2915,Premium,18.99,30.5,28,5,191.16,44,2026-02-14,,0
2916,Free,0.0,37.7,26,1,88.27,7,2026-05-28,,0
2917,Student,9.99,55.6,25,1,276.03,24,2026-07-09,,0
2918,Free,0.0,24.5,19,5,288.32,25,2025-11-05,,0
2919,Student,9.99,44.4,27,3,302.42,21,2026-02-15,,0
2920,Free,0.0,4.1,5,0,97.98,62,2026-05-19,2026-07-03,1
2921,Premium,18.99,7.4,3,1,126.82,49,2026-01-10,2026-05-16,1
2922,Premium,18.99,59.5,39,6,240.37,7,2025-10-04,,0
2923,Premium,18.99,34.1,33,2,196.91,26,2026-05-20,,0
2924,Premium,18.99,16.8,22,1,179.8,48,2026-06-03,2026-07-21,1
2925,Free,0.0,24.6,25,1,81.57,29,2025-12-25,,0
2926,Student,9.99,27.6,24,2,112.75,19,2026-03-05,,0
2927,Free,0.0,31.8,44,6,218.6,12,2025-12-29,,0
2928,Premium,18.99,27.6,28,2,207.25,30,2026-07-01,,0
2929,Free,0.0,32.9,26,3,60.06,67,2025-09-25,2026-07-18,1
2930,Free,0.0,15.9,19,1,53.81,49,2026-08-25,2026-08-28,1
2931,Premium,18.99,63.5,31,3,231.78,18,2026-05-24,,0
2932,Free,0.0,43.5,27,3,109.07,34,2026-01-15,,0
2933,Premium,18.99,56.3,39,4,84.3,27,2026-02-23,,0
2934,Free,0.0,32.3,1,1,0.0,45,2026-04-30,,0
2935,Premium,18.99,29.6,12,5,171.04,50,2025-09-09,,0
2936,Premium,18.99,43.2,19,1,246.99,19,2026-04-28,,0
2937,Premium,18.99,46.5,30,2,267.54,46,2025-12-27,,0
2938,Free,0.0,56.5,25,1,248.1,26,2026-04-05,,0
2939,Free,0.0,29.6,10,2,103.97,21,2026-03-24,2026-05-21,1
2940,Free,0.0,46.3,36,5,205.03,6,2025-11-21,,0
2941,Free,0.0,40.5,22,1,199.48,46,2026-04-24,,0
2942,Student,9.99,36.9,38,5,210.61,18,2026-04-08,,0
2943,Free,0.0,53.9,46,1,306.14,13,2025-11-19,,0
2944,Free,0.0,37.7,26,0,194.25,40,2026-07-31,,0
2945,Free,0.0,42.4,25,2,311.34,14,2026-03-27,,0
2946,Premium,18.99,38.7,27,1,132.63,29,2026-05-22,,0
2947,Free,0.0,27.9,29,2,288.67,9,2026-03-08,,0
2948,Free,0.0,9.2,3,0,180.09,82,2026-02-02,,0
2949,Student,9.99,51.6,31,3,284.71,0,2026-03-28,,0
2950,Free,0.0,41.1,5,0,97.47,57,2025-09-03,2025-12-11,1
2951,Premium,18.99,29.5,17,2,74.82,43,2025-10-02,2026-04-26,1
2952,Free,0.0,49.7,43,3,341.05,5,2026-07-10,,0
2953,Premium,18.99,6.8,17,1,182.02,31,2026-01-09,,0
2954,Premium,18.99,63.3,46,0,216.86,0,2026-05-05,,0
2955,Premium,18.99,22.7,22,0,172.0,46,2025-12-14,,0
2956,Premium,18.99,12.9,17,1,123.58,36,2026-03-07,2026-05-24,1
2957,Premium,18.99,38.1,21,1,200.86,5,2025-09-17,,0
2958,Student,9.99,38.4,14,0,216.55,37,2025-09-21,,0
2959,Student,9.99,35.4,15,1,181.87,26,2026-08-11,,0
2960,Premium,18.99,28.5,14,2,131.84,45,2026-07-23,,0
2961,Student,9.99,43.5,10,2,268.07,19,2026-08-23,,0
2962,Student,9.99,34.3,14,3,237.52,30,2025-11-15,,0
2963,Free,0.0,23.2,24,0,60.22,48,2026-06-09,,0
2964,Free,0.0,48.4,32,0,220.74,5,2025-12-11,2026-08-03,1
2965,Free,0.0,63.0,32,2,136.62,0,2026-05-02,,0
2966,Free,0.0,49.7,36,1,286.66,10,2026-05-12,,0
2967,Student,9.99,14.7,2,0,199.94,30,2026-01-23,,0
2968,Free,0.0,37.6,28,3,177.36,33,2025-11-22,,0
2969,Student,9.99,36.0,28,4,151.58,33,2026-02-06,2026-07-04,1
2970,Premium,18.99,0.0,5,0,27.65,43,2026-02-03,2026-04-14,1
2971,Student,9.99,0.0,0,0,52.42,45,2025-12-06,2026-01-30,1
2972,Premium,18.99,26.7,9,2,103.85,51,2026-06-30,,0
2973,Free,0.0,47.6,31,3,107.02,27,2026-01-27,2026-02-20,1
2974,Free,0.0,36.9,35,1,231.12,17,2026-05-19,,0
2975,Premium,18.99,19.3,2,0,28.23,56,2026-07-06,,0
2976,Premium,18.99,37.7,44,2,249.83,50,2026-05-04,,0
2977,Premium,18.99,4.9,0,0,54.53,75,2026-06-22,2026-07-26,1
2978,Premium,18.99,50.9,30,3,208.8,0,2026-05-06,,0
2979,Premium,18.99,14.6,11,1,140.15,34,2026-08-23,2026-08-25,1
2980,Premium,18.99,10.4,7,0,91.94,42,2025-12-02,,0
2981,Premium,18.99,25.0,15,4,220.04,44,2026-04-26,,0
2982,Premium,18.99,34.6,29,1,149.61,17,2026-01-02,,0
2983,Free,0.0,21.7,31,5,209.07,25,2025-12-01,,0
2984,Free,0.0,25.8,9,0,39.98,34,2025-11-05,,0
2985,Free,0.0,29.5,15,4,225.33,23,2026-08-03,2026-08-14,1
2986,Student,9.99,14.6,16,2,166.83,41,2026-02-26,2026-04-10,1
2987,Premium,18.99,11.6,9,0,119.93,56,2026-04-01,2026-04-23,1
2988,Free,0.0,29.7,22,1,257.85,20,2026-04-26,,0
2989,Free,0.0,41.1,24,1,184.15,44,2025-11-10,,0
2990,Premium,18.99,3.7,8,0,151.87,60,2026-08-07,,0
2991,Free,0.0,16.3,21,0,264.85,17,2026-05-10,,0
2992,Premium,18.99,4.5,4,1,0.0,61,2025-11-15,,0
2993,Free,0.0,49.2,40,4,200.65,0,2026-04-09,,0
2994,Free,0.0,3.5,26,1,0.0,68,2026-08-04,2026-08-09,1
2995,Student,9.99,13.2,19,5,209.73,58,2026-06-29,2026-07-25,1
2996,Free,0.0,29.9,19,2,34.96,37,2026-05-13,,0
2997,Free,0.0,43.8,36,4,132.45,0,2026-06-02,,0
2998,Free,0.0,0.0,0,1,0.0,56,2025-12-30,2026-03-31,1
2999,Free,0.0,64.6,42,1,153.07,0,2026-06-30,,0
3000,Free,0.0,39.2,33,3,246.45,16,2025-11-26,,0
